pais,year,pib_real, empleo ,capital_humano,capital,horas_trabajadas
Aruba,1950,,,,,
Aruba,1951,,,,,
Aruba,1952,,,,,
Aruba,1953,,,,,
Aruba,1954,,,,,
Aruba,1955,,,,,
Aruba,1956,,,,,
Aruba,1957,,,,,
Aruba,1958,,,,,
Aruba,1959,,,,,
Aruba,1960,,,,,
Aruba,1961,,,,,
Aruba,1962,,,,,
Aruba,1963,,,,,
Aruba,1964,,,,,
Aruba,1965,,,,,
Aruba,1966,,,,,
Aruba,1967,,,,,
Aruba,1968,,,,,
Aruba,1969,,,,,
Aruba,1970,463,,,1224,
Aruba,1971,505,,,1343,
Aruba,1972,550,,,1474,
Aruba,1973,599,,,1615,
Aruba,1974,652,,,1774,
Aruba,1975,712,,,1945,
Aruba,1976,777,,,2126,
Aruba,1977,849,,,2327,
Aruba,1978,924,,,2543,
Aruba,1979,1006,,,2786,
Aruba,1980,1097,,,3046,
Aruba,1981,1198,,,3347,
Aruba,1982,1307,,,3670,
Aruba,1983,1425,,,3999,
Aruba,1984,1555,,,4370,
Aruba,1985,1692,,,4790,
Aruba,1986,1848,,,5238,
Aruba,1987,2144,,,5767,
Aruba,1988,2543,,,6425,
Aruba,1989,2657,,,7175,
Aruba,1990,3013,,,7889,
Aruba,1991,3177, 0.029 ,,8641,
Aruba,1992,3371, 0.031 ,,9475,
Aruba,1993,3699, 0.033 ,,10367,
Aruba,1994,4173, 0.035 ,,11347,
Aruba,1995,4184, 0.037 ,,12367,
Aruba,1996,3977, 0.038 ,,13272,
Aruba,1997,4282, 0.039 ,,14368,
Aruba,1998,4661, 0.040 ,,15698,
Aruba,1999,4854, 0.041 ,,16945,
Aruba,2000,4130, 0.042 ,,17782,
Aruba,2001,4728, 0.043 ,,18651,
Aruba,2002,3555, 0.044 ,,19745,
Aruba,2003,3702, 0.045 ,,21099,
Aruba,2004,4228, 0.045 ,,22623,
Aruba,2005,4568, 0.046 ,,24579,
Aruba,2006,4846, 0.046 ,,26629,
Aruba,2007,4755, 0.046 ,,28584,
Aruba,2008,4888, 0.046 ,,30598,
Aruba,2009,4247, 0.046 ,,32071,
Aruba,2010,3933, 0.047 ,,33214,
Aruba,2011,4009, 0.046 ,,34156,
Aruba,2012,3900, 0.046 ,,31417,
Aruba,2013,4674, 0.046 ,,27292,
Aruba,2014,4075, 0.046 ,,25039,
Aruba,2015,3921, 0.047 ,,22291,
Aruba,2016,3321, 0.047 ,,19157,
Aruba,2017,3063, 0.047 ,,17015,
Aruba,2018,3445, 0.047 ,,17204,
Aruba,2019,3467, 0.048 ,,17428,
Angola,1950,,,,,
Angola,1951,,,,,
Angola,1952,,,,,
Angola,1953,,,,,
Angola,1954,,,,,
Angola,1955,,,,,
Angola,1956,,,,,
Angola,1957,,,,,
Angola,1958,,,,,
Angola,1959,,,,,
Angola,1960,,,,,
Angola,1961,,,,,
Angola,1962,,,,,
Angola,1963,,,,,
Angola,1964,,,,,
Angola,1965,,,,,
Angola,1966,,,,,
Angola,1967,,,,,
Angola,1968,,,,,
Angola,1969,,,,,
Angola,1970,28522, 3.666 ,1.015685797,107093,
Angola,1971,30436, 3.742 ,1.018195629,113869,
Angola,1972,30127, 3.853 ,1.020711541,120450,
Angola,1973,32514, 3.988 ,1.023233771,127543,
Angola,1974,32681, 4.131 ,1.0257622,135154,
Angola,1975,30533, 4.271 ,1.028296828,141681,
Angola,1976,29695, 4.405 ,1.030837774,146972,
Angola,1977,31376, 4.538 ,1.033385038,152846,
Angola,1978,28079, 4.670 ,1.035938501,157430,
Angola,1979,28697, 4.807 ,1.038498282,162315,
Angola,1980,28927, 4.952 ,1.041064382,166276,
Angola,1981,28634, 5.103 ,1.050380826,171321,
Angola,1982,28999, 5.260 ,1.059780598,177239,
Angola,1983,29083, 5.422 ,1.069264412,180393,
Angola,1984,31851, 5.589 ,1.078833222,184488,
Angola,1985,32967, 5.760 ,1.088487506,187155,
Angola,1986,29359, 5.935 ,1.098228335,188935,
Angola,1987,32970, 6.114 ,1.108056307,190644,
Angola,1988,31057, 6.297 ,1.117972136,191873,
Angola,1989,33119, 6.481 ,1.127976775,191912,
Angola,1990,35987, 6.667 ,1.138070941,190847,
Angola,1991,33312, 6.864 ,1.153040051,194504,
Angola,1992,38986, 7.067 ,1.168206215,190026,
Angola,1993,33556, 7.271 ,1.183571696,220804,
Angola,1994,35791, 7.466 ,1.199139357,231169,
Angola,1995,31983, 7.670 ,1.214911699,243614,
Angola,1996,40621, 7.891 ,1.230891585,265959,
Angola,1997,41782, 8.147 ,1.247081637,279597,
Angola,1998,43946, 8.429 ,1.263484716,303432,
Angola,1999,42790, 8.731 ,1.280103445,318746,
Angola,2000,36539, 9.064 ,1.296940804,318988,
Angola,2001,39557, 9.396 ,1.308486342,322603,
Angola,2002,44387, 9.701 ,1.32013464,330385,
Angola,2003,48613, 9.991 ,1.331886649,338901,
Angola,2004,58741, 10.279 ,1.343743324,351295,
Angola,2005,80000, 10.620 ,1.355705619,366520,
Angola,2006,106584, 11.005 ,1.367774248,395014,
Angola,2007,121459, 11.415 ,1.379950404,455173,
Angola,2008,150207, 11.842 ,1.392234921,557643,
Angola,2009,115505, 12.269 ,1.404628754,704435,
Angola,2010,159625, 11.978 ,1.417132974,870199,
Angola,2011,201858, 12.689 ,1.424196243,999637,
Angola,2012,229563, 13.122 ,1.43129468,1057144,
Angola,2013,242490, 13.565 ,1.438428521,1053465,
Angola,2014,254875, 14.039 ,1.445597887,1162079,
Angola,2015,224713, 14.529 ,1.452803016,1145485,
Angola,2016,218671, 15.028 ,1.460044026,1092635,
Angola,2017,230151, 15.545 ,1.467321157,1281953,
Angola,2018,233805, 16.078 ,1.474634528,1286665,
Angola,2019,227856, 16.645 ,1.481984377,1299232,
Anguilla,1950,,,,,
Anguilla,1951,,,,,
Anguilla,1952,,,,,
Anguilla,1953,,,,,
Anguilla,1954,,,,,
Anguilla,1955,,,,,
Anguilla,1956,,,,,
Anguilla,1957,,,,,
Anguilla,1958,,,,,
Anguilla,1959,,,,,
Anguilla,1960,,,,,
Anguilla,1961,,,,,
Anguilla,1962,,,,,
Anguilla,1963,,,,,
Anguilla,1964,,,,,
Anguilla,1965,,,,,
Anguilla,1966,,,,,
Anguilla,1967,,,,,
Anguilla,1968,,,,,
Anguilla,1969,,,,,
Anguilla,1970,68,,,315,
Anguilla,1971,66,,,341,
Anguilla,1972,74,,,373,
Anguilla,1973,77,,,404,
Anguilla,1974,77, 0.001 ,,437,
Anguilla,1975,79, 0.001 ,,469,
Anguilla,1976,81, 0.001 ,,500,
Anguilla,1977,81, 0.001 ,,532,
Anguilla,1978,87, 0.002 ,,567,
Anguilla,1979,95, 0.002 ,,607,
Anguilla,1980,99, 0.002 ,,646,
Anguilla,1981,103, 0.002 ,,691,
Anguilla,1982,104, 0.002 ,,736,
Anguilla,1983,102, 0.002 ,,772,
Anguilla,1984,106, 0.002 ,,807,
Anguilla,1985,116, 0.002 ,,849,
Anguilla,1986,142, 0.002 ,,916,
Anguilla,1987,153, 0.003 ,,1000,
Anguilla,1988,165, 0.003 ,,1059,
Anguilla,1989,192, 0.003 ,,1132,
Anguilla,1990,248, 0.004 ,,1220,
Anguilla,1991,190, 0.004 ,,1265,
Anguilla,1992,252, 0.004 ,,1341,
Anguilla,1993,261, 0.004 ,,1399,
Anguilla,1994,268, 0.004 ,,1460,
Anguilla,1995,269, 0.004 ,,1525,
Anguilla,1996,259, 0.005 ,,1593,
Anguilla,1997,258, 0.005 ,,1657,
Anguilla,1998,297, 0.005 ,,1773,
Anguilla,1999,322, 0.005 ,,1932,
Anguilla,2000,306, 0.005 ,,2077,
Anguilla,2001,303, 0.006 ,,2177,
Anguilla,2002,270, 0.005 ,,2234,
Anguilla,2003,319,,,2305,
Anguilla,2004,362,,,2439,
Anguilla,2005,437,,,2621,
Anguilla,2006,463,,,2874,
Anguilla,2007,547,,,3265,
Anguilla,2008,551,,,3698,
Anguilla,2009,394,,,3802,
Anguilla,2010,382,,,3837,
Anguilla,2011,381,,,3818,
Anguilla,2012,353,,,3424,
Anguilla,2013,303,,,3096,
Anguilla,2014,288,,,2854,
Anguilla,2015,250,,,2685,
Anguilla,2016,226,,,2473,
Anguilla,2017,196,,,2112,
Anguilla,2018,150,,,2247,
Anguilla,2019,226,,,2267,
Albania,1950,,,,,
Albania,1951,,,,,
Albania,1952,,,,,
Albania,1953,,,,,
Albania,1954,,,,,
Albania,1955,,,,,
Albania,1956,,,,,
Albania,1957,,,,,
Albania,1958,,,,,
Albania,1959,,,,,
Albania,1960,,,,,
Albania,1961,,,,,
Albania,1962,,,,,
Albania,1963,,,,,
Albania,1964,,,,,
Albania,1965,,,,,
Albania,1966,,,,,
Albania,1967,,,,,
Albania,1968,,,,,
Albania,1969,,,,,
Albania,1970,6697, 0.769 ,1.558791876,23287,
Albania,1971,6958, 0.793 ,1.586792707,24528,
Albania,1972,7246, 0.817 ,1.615296483,25852,
Albania,1973,7537, 0.842 ,1.644312263,27201,
Albania,1974,7855, 0.867 ,1.673849225,28689,
Albania,1975,8164, 0.893 ,1.703916788,30180,
Albania,1976,8460, 0.919 ,1.739009023,31688,
Albania,1977,8819, 0.945 ,1.773482442,33319,
Albania,1978,9209, 0.972 ,1.808639169,34940,
Albania,1979,9455, 0.999 ,1.844492793,36798,
Albania,1980,9965, 1.027 ,1.881057262,38578,
Albania,1981,10363, 1.063 ,1.950622201,40597,
Albania,1982,10392, 1.112 ,2.022759914,42946,
Albania,1983,10742, 1.144 ,2.097565174,44970,
Albania,1984,10857, 1.169 ,2.175137043,47157,
Albania,1985,10957, 1.188 ,2.255577564,49168,
Albania,1986,11511, 1.234 ,2.305439949,51155,
Albania,1987,11730, 1.279 ,2.356404781,53151,
Albania,1988,11491, 1.307 ,2.408496141,55168,
Albania,1989,12432, 1.330 ,2.461739063,57477,
Albania,1990,12097, 1.324 ,2.516158819,59577,
Albania,1991,10823, 1.317 ,2.515733242,58265,
Albania,1992,9767, 1.053 ,2.515307903,57080,
Albania,1993,11223, 0.992 ,2.514882565,56844,
Albania,1994,12672, 1.069 ,2.514457226,57395,
Albania,1995,13670, 1.020 ,2.514031887,58343,
Albania,1996,15067, 0.982 ,2.581189394,59517,
Albania,1997,14072, 0.969 ,2.634504318,59988,
Albania,1998,15532, 0.956 ,2.688920259,61155,
Albania,1999,16525, 0.949 ,2.744460106,61279,
Albania,2000,16633, 0.963 ,2.801147461,63533,
Albania,2001,17294, 0.981 ,2.815089703,65592,
Albania,2002,17620, 0.989 ,2.829101563,68220,
Albania,2003,18275, 1.002 ,2.843183279,71766,
Albania,2004,18750, 1.011 ,2.857334852,76064,
Albania,2005,20162, 1.013 ,2.871556759,81422,
Albania,2006,21774, 1.015 ,2.878031731,105212,
Albania,2007,23260, 1.014 ,2.884521484,115712,
Albania,2008,25869, 0.967 ,2.891025543,128480,
Albania,2009,27710, 0.901 ,2.897544622,142846,
Albania,2010,31021, 0.891 ,2.904078007,157940,
Albania,2011,31370, 0.903 ,2.910693407,168044,
Albania,2012,32366, 0.929 ,2.917346239,158692,
Albania,2013,30915, 0.883 ,2.92403698,165748,
Albania,2014,32091, 0.886 ,2.930765867,204903,
Albania,2015,33659, 0.926 ,2.937533379,203325,
Albania,2016,33698, 0.989 ,2.944339275,213582,
Albania,2017,34975, 1.035 ,2.951184273,211883,
Albania,2018,35363, 1.071 ,2.958068371,218240,
Albania,2019,36103, 1.076 ,2.964992046,223971,
United Arab Emirates,1950,,,,,
United Arab Emirates,1951,,,,,
United Arab Emirates,1952,,,,,
United Arab Emirates,1953,,,,,
United Arab Emirates,1954,,,,,
United Arab Emirates,1955,,,,,
United Arab Emirates,1956,,,,,
United Arab Emirates,1957,,,,,
United Arab Emirates,1958,,,,,
United Arab Emirates,1959,,,,,
United Arab Emirates,1960,,,,,
United Arab Emirates,1961,,,,,
United Arab Emirates,1962,,,,,
United Arab Emirates,1963,,,,,
United Arab Emirates,1964,,,,,
United Arab Emirates,1965,,,,,
United Arab Emirates,1966,,,,,
United Arab Emirates,1967,,,,,
United Arab Emirates,1968,,,,,
United Arab Emirates,1969,,,,,
United Arab Emirates,1970,70529, 0.102 ,1.376651049,286667,
United Arab Emirates,1971,80634, 0.127 ,1.398153901,298723,
United Arab Emirates,1972,75737, 0.161 ,1.419992685,317065,
United Arab Emirates,1973,85913, 0.203 ,1.442172527,329091,
United Arab Emirates,1974,84505, 0.253 ,1.464698792,337775,
United Arab Emirates,1975,107625, 0.288 ,1.487576962,373497,
United Arab Emirates,1976,130003, 0.337 ,1.51268971,416475,
United Arab Emirates,1977,168902, 0.391 ,1.538226485,478318,
United Arab Emirates,1978,163283, 0.448 ,1.564194322,551080,
United Arab Emirates,1979,195977, 0.502 ,1.590600491,624151,
United Arab Emirates,1980,307906, 0.553 ,1.617452502,691459,
United Arab Emirates,1981,296486, 0.585 ,1.656284094,756216,
United Arab Emirates,1982,271746, 0.610 ,1.696047902,818195,
United Arab Emirates,1983,249620, 0.631 ,1.729925871,875257,
United Arab Emirates,1984,252610, 0.653 ,1.761138082,930989,
United Arab Emirates,1985,236821, 0.676 ,1.792913437,975879,
United Arab Emirates,1986,197967, 0.723 ,1.835169435,1015573,
United Arab Emirates,1987,171290, 0.774 ,1.878421307,1044879,
United Arab Emirates,1988,193512, 0.829 ,1.922692537,1076210,
United Arab Emirates,1989,225003, 0.887 ,1.968007088,1110914,
United Arab Emirates,1990,264833, 0.949 ,2.014389753,1141888,
United Arab Emirates,1991,245705, 1.015 ,2.074725151,1175270,
United Arab Emirates,1992,256310, 1.085 ,2.136868,1223686,
United Arab Emirates,1993,207498, 1.159 ,2.200871944,1250717,
United Arab Emirates,1994,219875, 1.235 ,2.266793013,1282348,
United Arab Emirates,1995,242377, 1.312 ,2.334688425,1317235,
United Arab Emirates,1996,256810, 1.392 ,2.392024755,1355627,
United Arab Emirates,1997,275636, 1.477 ,2.450768948,1399432,
United Arab Emirates,1998,265041, 1.569 ,2.510955811,1450667,
United Arab Emirates,1999,285782, 1.669 ,2.568484306,1497027,
United Arab Emirates,2000,347881, 1.779 ,2.610784054,1543644,
United Arab Emirates,2001,360040, 1.857 ,2.628685713,1594481,
United Arab Emirates,2002,359247, 1.937 ,2.646710634,1652329,
United Arab Emirates,2003,392891, 2.047 ,2.664858818,1721022,
United Arab Emirates,2004,424114, 2.221 ,2.683131695,1794459,
United Arab Emirates,2005,502144, 2.480 ,2.701529503,1884449,
United Arab Emirates,2006,591368, 2.956 ,2.704702854,1985560,
United Arab Emirates,2007,646524, 3.568 ,2.707879543,2145298,
United Arab Emirates,2008,712872, 4.222 ,2.711060286,2302130,
United Arab Emirates,2009,593726, 4.807 ,2.714244366,2468559,
United Arab Emirates,2010,618895, 5.273 ,2.717432737,2595549,
United Arab Emirates,2011,726415, 5.494 ,2.720643282,2714816,
United Arab Emirates,2012,777424, 5.581 ,2.723864079,2586796,
United Arab Emirates,2013,771048, 5.580 ,2.727094889,2539492,
United Arab Emirates,2014,798546, 5.590 ,2.730335951,3524938,
United Arab Emirates,2015,693186, 5.631 ,2.733587027,4039657,
United Arab Emirates,2016,670880, 5.654 ,2.736848593,4107009,
United Arab Emirates,2017,629801, 5.660 ,2.740120173,4234973,
United Arab Emirates,2018,633897, 5.740 ,2.743402243,4334586,
United Arab Emirates,2019,645956, 5.809 ,2.746694803,4453746,
Argentina,1950,50109, 6.609 ,1.816502929,57092,2034
Argentina,1951,51339, 6.713 ,1.830768943,62726,2037.866753
Argentina,1952,46855, 6.819 ,1.845147133,67185,2041.740856
Argentina,1953,49917, 6.927 ,1.859638214,71565,2045.622325
Argentina,1954,52255, 7.037 ,1.874243021,75800,2049.511172
Argentina,1955,56073, 7.148 ,1.888962626,80596,2053.407412
Argentina,1956,57550, 7.244 ,1.901768327,84654,2057.311059
Argentina,1957,60560, 7.342 ,1.91466105,87753,2061.222128
Argentina,1958,65162, 7.441 ,1.927641034,93119,2065.140631
Argentina,1959,61388, 7.541 ,1.940709233,96384,2069.066584
Argentina,1960,65991, 7.643 ,1.953865767,103570,2073
Argentina,1961,68127, 7.740 ,1.964927793,111476,2066.200512
Argentina,1962,69384, 7.838 ,1.976052523,117351,2059.423326
Argentina,1963,66981, 7.938 ,1.987240314,121069,2052.668369
Argentina,1964,70325, 8.038 ,1.998491406,127121,2045.935569
Argentina,1965,79026, 8.140 ,2.009806156,133093,2039.224853
Argentina,1966,80756, 8.240 ,2.022713423,138348,2032.536148
Argentina,1967,83494, 8.341 ,2.035703421,143743,2025.869382
Argentina,1968,85936, 8.444 ,2.048776865,149958,2019.224483
Argentina,1969,94349, 8.547 ,2.061934233,158989,2012.601379
Argentina,1970,97106, 8.652 ,2.075176239,168992,2006
Argentina,1971,100013, 8.735 ,2.096463442,179664,2002.661112
Argentina,1972,101743, 8.818 ,2.117969036,189103,1999.327782
Argentina,1973,107506, 8.903 ,2.139695168,197170,1996
Argentina,1974,112594, 9.227 ,2.16164422,206499,1992.842195
Argentina,1975,111145, 9.286 ,2.18381834,215739,1989.689385
Argentina,1976,111304, 9.293 ,2.196906328,222806,1986.541564
Argentina,1977,118831, 9.545 ,2.210072994,235359,1983.398722
Argentina,1978,117132, 9.632 ,2.223318338,244891,1980.260853
Argentina,1979,124635, 9.800 ,2.236643076,257441,1977.127948
Argentina,1980,125315, 9.829 ,2.250047684,270021,1974
Argentina,1981,126381, 9.851 ,2.283164024,280990,1961.230057
Argentina,1982,132655, 10.007 ,2.316767931,293317,1948.542723
Argentina,1983,143820, 10.316 ,2.350866556,308706,1935.937465
Argentina,1984,153308, 10.557 ,2.385466814,330187,1923.41375
Argentina,1985,149749, 10.633 ,2.420576334,356702,1910.971053
Argentina,1986,166668, 10.947 ,2.441888332,392349,1898.608848
Argentina,1987,177435, 11.176 ,2.463388205,441385,1886.326616
Argentina,1988,188858, 11.396 ,2.485077143,504587,1874.123837
Argentina,1989,181887, 11.496 ,2.506957054,581150,1862
Argentina,1990,204213, 11.811 ,2.529029608,673077,1850
Argentina,1991,240402, 12.191 ,2.552567959,798458,1837.960827
Argentina,1992,283127, 12.386 ,2.570973873,975892,1826
Argentina,1993,325028, 12.345 ,2.587059975,1206812,1850.337807
Argentina,1994,378640, 12.416 ,2.60324645,1476061,1875
Argentina,1995,424479, 11.835 ,2.619534492,1718481,1881.961138
Argentina,1996,548785, 12.137 ,2.627023935,1855310,1888.94812
Argentina,1997,566384, 12.763 ,2.634534597,1903882,1895.961042
Argentina,1998,565212, 13.351 ,2.642066956,1929212,1903
Argentina,1999,532080, 13.461 ,2.649620771,1905821,1887.285006
Argentina,2000,528449, 13.598 ,2.657196045,1856012,1862.136267
Argentina,2001,496567, 13.505 ,2.683002949,1797163,1811.15257
Argentina,2002,425342, 13.413 ,2.709059954,1693605,1710.03656
Argentina,2003,461437, 14.069 ,2.735370398,1668607,1713.574614
Argentina,2004,504759, 14.997 ,2.761936188,1680967,1743.399876
Argentina,2005,548929, 15.750 ,2.788760185,1729449,1771.678525
Argentina,2006,599530, 16.298 ,2.796975374,1822625,1775.920326
Argentina,2007,665477, 16.961 ,2.805214643,1994160,1787.544724
Argentina,2008,718255, 17.370 ,2.813478231,2233858,1789.764973
Argentina,2009,684293, 17.562 ,2.821766138,2457676,1751.622844
Argentina,2010,784810, 18.077 ,2.830078363,2702753,1760.224782
Argentina,2011,882632, 18.488 ,2.858542204,2913430,1760.230369
Argentina,2012,902396, 18.791 ,2.887292385,2972709,1736.10336
Argentina,2013,904232, 19.124 ,2.916331768,2982373,1725.873553
Argentina,2014,879838, 19.383 ,2.945662737,3010442,1705.428368
Argentina,2015,913104, 19.854 ,2.975289106,3039081,1703.468539
Argentina,2016,908771, 19.723 ,3.005213499,2980183,1646.512532
Argentina,2017,1022513, 20.034 ,3.035438776,3112555,1648.812832
Argentina,2018,1021129, 20.135 ,3.065968037,3159714,1638.440039
Argentina,2019,977421, 20.643 ,3.09680438,3183182,1609.068998
Armenia,1950,,,,,
Armenia,1951,,,,,
Armenia,1952,,,,,
Armenia,1953,,,,,
Armenia,1954,,,,,
Armenia,1955,,,,,
Armenia,1956,,,,,
Armenia,1957,,,,,
Armenia,1958,,,,,
Armenia,1959,,,,,
Armenia,1960,,,,,
Armenia,1961,,,,,
Armenia,1962,,,,,
Armenia,1963,,,,,
Armenia,1964,,,,,
Armenia,1965,,,,,
Armenia,1966,,,,,
Armenia,1967,,,,,
Armenia,1968,,,,,
Armenia,1969,,,,,
Armenia,1970,,,,,
Armenia,1971,,,,,
Armenia,1972,,,,,
Armenia,1973,,,,,
Armenia,1974,,,,,
Armenia,1975,,,,,
Armenia,1976,,,,,
Armenia,1977,,,,,
Armenia,1978,,,,,
Armenia,1979,,,,,
Armenia,1980,,,,,
Armenia,1981,,,,,
Armenia,1982,,,,,
Armenia,1983,,,,,
Armenia,1984,,,,,
Armenia,1985,,,,,
Armenia,1986,,,,,
Armenia,1987,,,,,
Armenia,1988,,,,,
Armenia,1989,,,,,
Armenia,1990,24350, 1.833 ,2.948580503,55189,
Armenia,1991,22094, 1.830 ,2.962982893,57117,
Armenia,1992,12739, 1.736 ,2.977455854,56595,
Armenia,1993,12251, 1.749 ,2.991999149,55799,
Armenia,1994,9502, 1.713 ,3.006613731,55726,
Armenia,1995,9897, 1.702 ,3.021299601,55399,
Armenia,1996,10904, 1.634 ,3.036613464,55353,
Armenia,1997,11347, 1.549 ,3.052005053,54666,
Armenia,1998,10349, 1.501 ,3.067474365,53365,
Armenia,1999,11393, 1.449 ,3.083022356,51173,
Armenia,2000,11660, 1.419 ,3.098649025,48771,
Armenia,2001,12326, 1.396 ,3.09845233,46489,
Armenia,2002,13338, 1.216 ,3.098255634,44998,
Armenia,2003,15183, 1.213 ,3.098059177,44259,
Armenia,2004,16172, 1.179 ,3.097862482,44195,
Armenia,2005,17959, 1.190 ,3.097665787,45318,
Armenia,2006,20416, 1.176 ,3.100373507,47047,
Armenia,2007,23115, 1.177 ,3.103083372,48734,
Armenia,2008,25133, 1.184 ,3.105795622,50713,
Armenia,2009,23217, 1.148 ,3.108510256,51134,
Armenia,2010,25551, 1.160 ,3.111227512,51934,
Armenia,2011,28178, 1.151 ,3.11395669,53176,
Armenia,2012,33102, 1.153 ,3.116691589,58292,
Armenia,2013,32770, 1.150 ,3.119431973,63650,
Armenia,2014,31431, 1.128 ,3.122178078,88987,
Armenia,2015,32639, 1.073 ,3.124930143,75985,
Armenia,2016,33255, 1.012 ,3.127687693,82067,
Armenia,2017,38222, 1.023 ,3.130450964,89357,
Armenia,2018,40111, 0.926 ,3.133219957,91161,
Armenia,2019,43583, 0.966 ,3.135994673,93246,
Antigua and Barbuda,1950,,,,,
Antigua and Barbuda,1951,,,,,
Antigua and Barbuda,1952,,,,,
Antigua and Barbuda,1953,,,,,
Antigua and Barbuda,1954,,,,,
Antigua and Barbuda,1955,,,,,
Antigua and Barbuda,1956,,,,,
Antigua and Barbuda,1957,,,,,
Antigua and Barbuda,1958,,,,,
Antigua and Barbuda,1959,,,,,
Antigua and Barbuda,1960,,,,,
Antigua and Barbuda,1961,,,,,
Antigua and Barbuda,1962,,,,,
Antigua and Barbuda,1963,,,,,
Antigua and Barbuda,1964,,,,,
Antigua and Barbuda,1965,,,,,
Antigua and Barbuda,1966,,,,,
Antigua and Barbuda,1967,,,,,
Antigua and Barbuda,1968,,,,,
Antigua and Barbuda,1969,,,,,
Antigua and Barbuda,1970,400,,,446,
Antigua and Barbuda,1971,431,,,465,
Antigua and Barbuda,1972,461,,,483,
Antigua and Barbuda,1973,496,,,498,
Antigua and Barbuda,1974,485,,,517,
Antigua and Barbuda,1975,451,,,535,
Antigua and Barbuda,1976,407,,,545,
Antigua and Barbuda,1977,452,,,542,
Antigua and Barbuda,1978,457,,,538,
Antigua and Barbuda,1979,574,,,567,
Antigua and Barbuda,1980,493,,,588,
Antigua and Barbuda,1981,528,,,614,
Antigua and Barbuda,1982,549,,,619,
Antigua and Barbuda,1983,659,,,622,
Antigua and Barbuda,1984,610,,,633,
Antigua and Barbuda,1985,513,,,654,
Antigua and Barbuda,1986,668,,,691,
Antigua and Barbuda,1987,715,,,748,
Antigua and Barbuda,1988,748,,,816,
Antigua and Barbuda,1989,797,,,894,
Antigua and Barbuda,1990,845,,,960,
Antigua and Barbuda,1991,835, 0.028 ,,1021,
Antigua and Barbuda,1992,836, 0.029 ,,1074,
Antigua and Barbuda,1993,857, 0.029 ,,1118,
Antigua and Barbuda,1994,938, 0.030 ,,1165,
Antigua and Barbuda,1995,861, 0.031 ,,1224,
Antigua and Barbuda,1996,932, 0.032 ,,1295,
Antigua and Barbuda,1997,952, 0.033 ,,1372,
Antigua and Barbuda,1998,653, 0.034 ,,1486,
Antigua and Barbuda,1999,949, 0.035 ,,1649,
Antigua and Barbuda,2000,1168, 0.035 ,,1855,
Antigua and Barbuda,2001,961, 0.036 ,,2007,
Antigua and Barbuda,2002,988, 0.034 ,,2220,
Antigua and Barbuda,2003,1117, 0.035 ,,2505,
Antigua and Barbuda,2004,880, 0.036 ,,2900,
Antigua and Barbuda,2005,1336, 0.036 ,,3508,
Antigua and Barbuda,2006,1515, 0.037 ,,4514,
Antigua and Barbuda,2007,1902, 0.038 ,,5874,
Antigua and Barbuda,2008,1946, 0.038 ,,7649,
Antigua and Barbuda,2009,1833,,,9713,
Antigua and Barbuda,2010,1850,,,11438,
Antigua and Barbuda,2011,1946,,,12200,
Antigua and Barbuda,2012,1952,,,11496,
Antigua and Barbuda,2013,1746,,,10904,
Antigua and Barbuda,2014,842,,,10358,
Antigua and Barbuda,2015,1536,,,9962,
Antigua and Barbuda,2016,1534,,,9535,
Antigua and Barbuda,2017,1367,,,8926,
Antigua and Barbuda,2018,1558,,,9604,
Antigua and Barbuda,2019,1604,,,10225,
Australia,1950,114124, 3.430 ,2.667301893,430589,2170.923406
Australia,1951,110532, 3.524 ,2.674343586,462995,2150.846928
Australia,1952,109025, 3.592 ,2.681403399,473289,2130.956115
Australia,1953,122817, 3.653 ,2.688482285,491936,2111.249251
Australia,1954,131921, 3.731 ,2.695579767,517336,2091.724634
Australia,1955,138514, 3.811 ,2.702695847,543524,2072.380578
Australia,1956,140626, 3.895 ,2.71145153,562392,2053.215414
Australia,1957,141600, 3.946 ,2.720235586,580976,2034.227488
Australia,1958,152881, 3.981 ,2.729047775,605958,2015.41516
Australia,1959,162856, 4.030 ,2.737889051,633284,1996.776806
Australia,1960,165420, 4.155 ,2.746758461,655653,1978.310818
Australia,1961,170312, 4.167 ,2.768152952,671181,1974.661182
Australia,1962,179626, 4.267 ,2.789713621,696080,1971.018279
Australia,1963,192394, 4.389 ,2.811442375,726830,1967.382096
Australia,1964,201940, 4.547 ,2.833340645,766154,1963.752621
Australia,1965,204650, 4.685 ,2.855409384,798493,1960.129843
Australia,1966,218783, 4.853 ,2.877649784,832163,1956.513747
Australia,1967,228736, 5.005 ,2.900063515,870200,1952.904323
Australia,1968,246074, 5.127 ,2.922651768,912003,1949.301557
Australia,1969,264889, 5.271 ,2.945416212,963206,1945.705438
Australia,1970,275292, 5.471 ,2.968357801,1013307,1942.115953
Australia,1971,285965, 5.583 ,2.991992712,1059757,1923.479433
Australia,1972,295047, 5.652 ,3.015816212,1107389,1903.148684
Australia,1973,308243, 5.799 ,3.039829254,1155736,1889.80663
Australia,1974,297154, 5.898 ,3.064033508,1186163,1907.066589
Australia,1975,303125, 5.874 ,3.088430405,1214674,1893.830425
Australia,1976,316724, 5.960 ,3.113021612,1250323,1904.207578
Australia,1977,322573, 6.014 ,3.1378088,1289244,1906.007696
Australia,1978,337629, 6.032 ,3.162793159,1334986,1906.85481
Australia,1979,348575, 6.112 ,3.187976599,1388126,1912.255166
Australia,1980,360226, 6.278 ,3.21336031,1439758,1909.762827
Australia,1981,376529, 6.356 ,3.232604742,1505861,1894.809448
Australia,1982,367700, 6.340 ,3.251964808,1552461,1870.658317
Australia,1983,389329, 6.241 ,3.271440506,1595812,1857.01413
Australia,1984,404518, 6.458 ,3.291033268,1650913,1878.158461
Australia,1985,415790, 6.682 ,3.310742855,1707560,1869.260236
Australia,1986,427614, 6.977 ,3.330570698,1764155,1873.874479
Australia,1987,462909, 7.141 ,3.350517273,1839423,1871.633417
Australia,1988,490374, 7.412 ,3.370583296,1940621,1867.853552
Australia,1989,507403, 7.722 ,3.39076972,2053414,1877.780871
Australia,1990,507696, 7.845 ,3.411076784,2156376,1863.959761
Australia,1991,507725, 7.674 ,3.423622847,2272678,1850.484985
Australia,1992,527873, 7.635 ,3.436215162,2414110,1846.54406
Australia,1993,547021, 7.667 ,3.448853731,2574380,1863.784511
Australia,1994,572406, 7.923 ,3.461538792,2748427,1869.948752
Australia,1995,602171, 8.215 ,3.474270582,2897555,1870.329578
Australia,1996,635901, 8.321 ,3.487049341,3008890,1863.822992
Australia,1997,667290, 8.383 ,3.49987483,3094322,1861.098508
Australia,1998,690270, 8.529 ,3.512747765,3186451,1846.629559
Australia,1999,725862, 8.681 ,3.525667667,3281654,1848.475003
Australia,2000,746969, 8.903 ,3.538635492,3238332,1847.480068
Australia,2001,771092, 9.012 ,3.527511835,3206807,1814.128932
Australia,2002,789873, 9.185 ,3.516423464,3187746,1808.12111
Australia,2003,823659, 9.398 ,3.505369663,3336957,1801.574336
Australia,2004,853505, 9.561 ,3.494350672,3503976,1799.364187
Australia,2005,917887, 9.911 ,3.483366489,3697378,1797.073602
Australia,2006,937623, 10.165 ,3.472416639,3821786,1786.906293
Australia,2007,964050, 10.489 ,3.46150136,3943172,1786.251995
Australia,2008,1015878, 10.758 ,3.450620174,4048513,1786.47658
Australia,2009,1013711, 10.854 ,3.43977356,4122666,1757.960395
Australia,2010,1112664, 11.121 ,3.4289608,4208504,1763.322787
Australia,2011,1175046, 11.326 ,3.442167044,4322360,1765.289547
Australia,2012,1170344, 11.449 ,3.455424309,4827755,1757.21845
Australia,2013,1227129, 11.554 ,3.468732834,5358262,1756.28963
Australia,2014,1225111, 11.667 ,3.482092381,5951125,1746.496239
Australia,2015,1165805, 11.908 ,3.495503426,5847658,1746.483472
Australia,2016,1249462, 12.072 ,3.508966208,5958082,1736.081064
Australia,2017,1291582, 12.324 ,3.522480726,5662377,1736.800304
Australia,2018,1350395, 12.619 ,3.536047459,5760547,1729.342063
Australia,2019,1364678, 12.863 ,3.549666166,5866471,1726.797659
Austria,1950,41605, 2.935 ,2.552640438,121749,2085.669553
Austria,1951,43706, 2.991 ,2.537035942,128034,2083.015656
Austria,1952,44922, 2.924 ,2.521526814,130992,2080.365137
Austria,1953,47309, 2.892 ,2.506112576,131556,2077.717989
Austria,1954,50658, 2.976 ,2.490792513,134505,2075.074211
Austria,1955,55542, 3.126 ,2.475566149,141368,2072.433796
Austria,1956,59630, 3.222 ,2.461072206,146617,2069.796741
Austria,1957,62760, 3.295 ,2.44666338,152311,2067.163042
Austria,1958,65324, 3.322 ,2.432338715,157392,2064.532693
Austria,1959,67548, 3.371 ,2.418097973,162746,2061.905692
Austria,1960,72449, 3.440 ,2.403940678,171874,2059.282033
Austria,1961,76432, 3.459 ,2.426981688,181469,2046.629756
Austria,1962,78592, 3.443 ,2.450243473,189501,2034.055214
Austria,1963,81837, 3.420 ,2.473728418,197246,2021.55793
Austria,1964,85748, 3.414 ,2.497438192,208223,2009.13743
Austria,1965,88459, 3.391 ,2.521375418,217407,1996.793242
Austria,1966,92930, 3.363 ,2.545542002,230292,1984.524897
Austria,1967,95787, 3.308 ,2.5666821,241912,1972.331928
Austria,1968,99937, 3.265 ,2.58321929,253309,1960.213874
Austria,1969,104938, 3.258 ,2.599862814,266863,1948.170273
Austria,1970,111569, 3.265 ,2.616613865,283950,1890.137419
Austria,1971,117568, 3.301 ,2.633699417,304427,1885.287964
Austria,1972,124572, 3.320 ,2.650897026,325987,1905.749921
Austria,1973,130782, 3.359 ,2.668206453,347582,1900.7313
Austria,1974,135338, 3.405 ,2.685628891,368666,1978.662455
Austria,1975,136221, 3.394 ,2.703165293,387218,1903.97165
Austria,1976,139693, 3.413 ,2.720816374,403575,1898.042383
Austria,1977,145574, 3.451 ,2.738582373,419382,1904.783097
Austria,1978,145074, 3.467 ,2.756464481,430135,1844.067573
Austria,1979,151005, 3.484 ,2.774463415,445009,1876.680397
Austria,1980,152806, 3.512 ,2.792579889,463224,1881.035385
Austria,1981,152378, 3.488 ,2.809374809,494921,1819.141224
Austria,1982,153065, 3.435 ,2.826271057,539794,1835.118889
Austria,1983,156259, 3.423 ,2.843268871,597627,1829.912281
Austria,1984,155367, 3.421 ,2.860368729,662639,1825.92553
Austria,1985,158705, 3.432 ,2.877571583,713078,1821.530301
Austria,1986,166262, 3.443 ,2.894877672,744743,1820.710972
Austria,1987,173161, 3.442 ,2.912288189,781848,1808.716252
Austria,1988,184286, 3.471 ,2.929803133,828084,1812.131249
Austria,1989,194189, 3.516 ,2.947423697,882277,1825.243229
Austria,1990,205574, 3.560 ,2.965149879,942584,1826.029778
Austria,1991,214933, 3.591 ,2.979998589,1009551,1836.444171
Austria,1992,223889, 3.594 ,2.994921923,1075281,1804.931362
Austria,1993,228787, 3.573 ,3.009919643,1135604,1802.298132
Austria,1994,240059, 3.584 ,3.024992943,1191808,1800.538069
Austria,1995,250434, 3.585 ,3.040141344,1234466,1774.436388
Austria,1996,256307, 3.607 ,3.055365562,1267978,1807.270617
Austria,1997,269415, 3.636 ,3.070666313,1257365,1815.691956
Austria,1998,280195, 3.672 ,3.086043358,1238570,1794.030507
Austria,1999,290596, 3.725 ,3.10149765,1212959,1797.971353
Austria,2000,306928, 3.760 ,3.11702919,1200857,1798.432211
Austria,2001,299963, 3.786 ,3.133230925,1163728,1785.420148
Austria,2002,306288, 3.781 ,3.149516821,1116921,1782.84794
Austria,2003,313908, 3.806 ,3.165887117,1135486,1773.977855
Austria,2004,326475, 3.825 ,3.182343006,1167008,1776.465838
Austria,2005,357373, 3.862 ,3.19888401,1196751,1752.489349
Austria,2006,364391, 3.926 ,3.215510845,1305380,1735.669533
Austria,2007,376847, 3.998 ,3.232224703,1396852,1724.77914
Austria,2008,390541, 4.075 ,3.249024868,1533324,1717.1951
Austria,2009,373127, 4.058 ,3.265912771,1701442,1673.075108
Austria,2010,385229, 4.097 ,3.282888174,1799281,1665.843868
Austria,2011,402328, 4.168 ,3.293652296,1929752,1671.687791
Austria,2012,409657, 4.216 ,3.304451942,2158844,1647.852876
Austria,2013,404381, 4.233 ,3.315286875,2231406,1632.067625
Austria,2014,423224, 4.269 ,3.326157331,2319005,1621.565764
Austria,2015,430624, 4.278 ,3.337063313,2450586,1605.280548
Austria,2016,436191, 4.321 ,3.348005295,2537569,1618.210779
Austria,2017,458232, 4.399 ,3.35898304,2542417,1608.180967
Austria,2018,470961, 4.488 ,3.369996786,2581635,1612.692748
Austria,2019,477706, 4.550 ,3.381046295,2630130,1611.374223
Azerbaijan,1950,,,,,
Azerbaijan,1951,,,,,
Azerbaijan,1952,,,,,
Azerbaijan,1953,,,,,
Azerbaijan,1954,,,,,
Azerbaijan,1955,,,,,
Azerbaijan,1956,,,,,
Azerbaijan,1957,,,,,
Azerbaijan,1958,,,,,
Azerbaijan,1959,,,,,
Azerbaijan,1960,,,,,
Azerbaijan,1961,,,,,
Azerbaijan,1962,,,,,
Azerbaijan,1963,,,,,
Azerbaijan,1964,,,,,
Azerbaijan,1965,,,,,
Azerbaijan,1966,,,,,
Azerbaijan,1967,,,,,
Azerbaijan,1968,,,,,
Azerbaijan,1969,,,,,
Azerbaijan,1970,,,,,
Azerbaijan,1971,,,,,
Azerbaijan,1972,,,,,
Azerbaijan,1973,,,,,
Azerbaijan,1974,,,,,
Azerbaijan,1975,,,,,
Azerbaijan,1976,,,,,
Azerbaijan,1977,,,,,
Azerbaijan,1978,,,,,
Azerbaijan,1979,,,,,
Azerbaijan,1980,,,,,
Azerbaijan,1981,,,,,
Azerbaijan,1982,,,,,
Azerbaijan,1983,,,,,
Azerbaijan,1984,,,,,
Azerbaijan,1985,,,,,
Azerbaijan,1986,,,,,
Azerbaijan,1987,,,,,
Azerbaijan,1988,,,,,
Azerbaijan,1989,,,,,
Azerbaijan,1990,76027, 3.878 ,,105624,
Azerbaijan,1991,109720, 3.916 ,,104711,
Azerbaijan,1992,79637, 3.906 ,,106290,
Azerbaijan,1993,44350, 3.894 ,,106954,
Azerbaijan,1994,34695, 3.803 ,,107582,
Azerbaijan,1995,21609, 3.782 ,,106136,
Azerbaijan,1996,20621, 3.857 ,,106932,
Azerbaijan,1997,19018, 3.859 ,,109080,
Azerbaijan,1998,19078, 3.858 ,,112049,
Azerbaijan,1999,20239, 3.854 ,,113726,
Azerbaijan,2000,22876, 3.854 ,,114338,
Azerbaijan,2001,26037, 3.893 ,,115949,
Azerbaijan,2002,26988, 3.941 ,,120187,
Azerbaijan,2003,28478, 3.993 ,,126953,
Azerbaijan,2004,30133, 4.045 ,,133032,
Azerbaijan,2005,46967, 4.092 ,,138750,
Azerbaijan,2006,68842, 4.142 ,,138243,
Azerbaijan,2007,94222, 4.194 ,,128944,
Azerbaijan,2008,105287, 4.251 ,,122184,
Azerbaijan,2009,107973, 4.312 ,,116885,
Azerbaijan,2010,129774, 4.377 ,,116713,
Azerbaijan,2011,165606, 4.434 ,,126226,
Azerbaijan,2012,178506, 4.517 ,,143887,
Azerbaijan,2013,164194, 4.607 ,,150885,
Azerbaijan,2014,179128, 4.704 ,,209590,
Azerbaijan,2015,140311, 4.786 ,,196737,
Azerbaijan,2016,134143, 4.888 ,,209532,
Azerbaijan,2017,138734, 4.963 ,,234947,
Azerbaijan,2018,154641, 5.032 ,,245718,
Azerbaijan,2019,159346, 5.027 ,,257078,
Burundi,1950,,,,,
Burundi,1951,,,,,
Burundi,1952,,,,,
Burundi,1953,,,,,
Burundi,1954,,,,,
Burundi,1955,,,,,
Burundi,1956,,,,,
Burundi,1957,,,,,
Burundi,1958,,,,,
Burundi,1959,,,,,
Burundi,1960,2100,,1.095494509,5547,
Burundi,1961,1821,,1.095494509,5452,
Burundi,1962,1986,,1.095494509,5402,
Burundi,1963,2048,,1.095494509,5327,
Burundi,1964,2093,,1.095494509,5249,
Burundi,1965,2171,,1.095494509,5181,
Burundi,1966,2253,,1.095494509,5158,
Burundi,1967,2535,,1.095494509,5152,
Burundi,1968,2557,,1.095494509,5171,
Burundi,1969,2467,,1.095494509,5194,
Burundi,1970,2968,,1.095494509,5152,
Burundi,1971,3102,,1.095634222,5181,
Burundi,1972,2786,,1.095774055,5242,
Burundi,1973,3038,,1.095913768,5183,
Burundi,1974,3062,,1.0960536,5234,
Burundi,1975,3039,,1.096193433,5379,
Burundi,1976,3353,,1.096333265,5450,
Burundi,1977,3820,,1.096473098,5717,
Burundi,1978,3867,,1.09661305,6066,
Burundi,1979,3939,,1.096752882,6431,
Burundi,1980,4061, 1.969 ,1.096892834,6716,
Burundi,1981,4338, 2.025 ,1.100578904,7143,
Burundi,1982,4271, 2.088 ,1.104277492,7651,
Burundi,1983,4355, 2.153 ,1.107988477,8103,
Burundi,1984,4449, 2.219 ,1.111711979,8568,
Burundi,1985,4796, 2.280 ,1.115447998,9056,
Burundi,1986,5045, 2.343 ,1.119196534,9493,
Burundi,1987,5063, 2.404 ,1.122957587,9967,
Burundi,1988,5481, 2.463 ,1.126731396,10316,
Burundi,1989,5298, 2.519 ,1.13051784,10483,
Burundi,1990,5522, 2.568 ,1.13431704,10584,
Burundi,1991,5765, 2.576 ,1.141326427,10513,
Burundi,1992,5666, 2.584 ,1.148379207,10539,
Burundi,1993,5313, 2.590 ,1.155475497,10585,
Burundi,1994,5380, 2.597 ,1.162615657,10502,
Burundi,1995,4888, 2.602 ,1.169800043,10408,
Burundi,1996,4523, 2.605 ,1.177028656,10383,
Burundi,1997,4436, 2.606 ,1.184302092,10265,
Burundi,1998,4909, 2.609 ,1.19162035,10315,
Burundi,1999,4946, 2.628 ,1.198983908,10525,
Burundi,2000,4770, 2.660 ,1.206392884,10813,
Burundi,2001,4844, 2.733 ,1.215250373,10901,
Burundi,2002,5083, 2.820 ,1.22417295,11141,
Burundi,2003,5344, 2.919 ,1.233161092,11517,
Burundi,2004,5627, 3.027 ,1.242215157,12128,
Burundi,2005,5554, 3.141 ,1.251335621,12824,
Burundi,2006,5775, 3.257 ,1.260523081,13086,
Burundi,2007,5881, 3.379 ,1.269778013,12997,
Burundi,2008,6210, 3.505 ,1.279101014,12850,
Burundi,2009,6265, 3.626 ,1.288492322,12951,
Burundi,2010,6651, 3.751 ,1.297952652,13177,
Burundi,2011,7267, 3.864 ,1.310621381,13384,
Burundi,2012,7544, 3.979 ,1.323413849,12219,
Burundi,2013,8314, 4.094 ,1.336331129,11770,
Burundi,2014,8708, 4.213 ,1.349374533,12616,
Burundi,2015,8671, 4.363 ,1.362545133,12963,
Burundi,2016,9022, 4.517 ,1.375844479,14692,
Burundi,2017,8946, 4.677 ,1.389273405,15915,
Burundi,2018,9027, 4.841 ,1.402833581,16622,
Burundi,2019,9110, 5.004 ,1.416526079,17380,
Belgium,1950,72084, 3.459 ,2.203547478,373858,2096.149067
Belgium,1951,75057, 3.456 ,2.219054222,381218,2085.919417
Belgium,1952,76748, 3.458 ,2.234670162,389443,2075.739691
Belgium,1953,79178, 3.458 ,2.250396013,397474,2065.609644
Belgium,1954,82788, 3.455 ,2.266232491,408317,2055.529033
Belgium,1955,86487, 3.455 ,2.282180548,418124,2045.497618
Belgium,1956,88980, 3.458 ,2.287193298,431706,2035.515159
Belgium,1957,90510, 3.482 ,2.292217016,443509,2025.581416
Belgium,1958,89429, 3.445 ,2.29725194,450336,2015.696152
Belgium,1959,92119, 3.416 ,2.302297592,461462,2005.85913
Belgium,1960,96858, 3.495 ,2.30735445,473953,1996.070114
Belgium,1961,102099, 3.521 ,2.308828831,490582,1984.229601
Belgium,1962,107618, 3.576 ,2.310304165,508487,1972.459324
Belgium,1963,111842, 3.601 ,2.311780453,525481,1960.758868
Belgium,1964,119508, 3.652 ,2.313257456,549565,1949.127818
Belgium,1965,123735, 3.666 ,2.314735651,571868,1937.565762
Belgium,1966,127105, 3.679 ,2.323425055,597159,1926.072291
Belgium,1967,131962, 3.663 ,2.332147121,621561,1914.646999
Belgium,1968,137580, 3.659 ,2.340901852,645105,1903.28948
Belgium,1969,146062, 3.722 ,2.349689484,673138,1891.999334
Belgium,1970,154585, 3.725 ,2.358510017,706376,1880.776159
Belgium,1971,160690, 3.750 ,2.374488115,739624,1871.717158
Belgium,1972,170488, 3.739 ,2.390574217,770449,1845.723156
Belgium,1973,182405, 3.771 ,2.406769276,808527,1818.968154
Belgium,1974,190768, 3.827 ,2.423074007,849128,1788.888151
Belgium,1975,189073, 3.770 ,2.439489365,884031,1778.82415
Belgium,1976,201473, 3.753 ,2.4655478,904486,1780.385151
Belgium,1977,204631, 3.742 ,2.491884947,906295,1754.352148
Belgium,1978,212704, 3.750 ,2.518503189,902196,1735.899147
Belgium,1979,219504, 3.788 ,2.545405865,903288,1718.787145
Belgium,1980,234949, 3.785 ,2.568467617,913950,1698.974144
Belgium,1981,224090, 3.717 ,2.587121487,906023,1676.332142
Belgium,1982,216933, 3.671 ,2.605910778,888611,1661.973141
Belgium,1983,210577, 3.626 ,2.624836922,859431,1667.908141
Belgium,1984,210094, 3.628 ,2.643900156,842722,1691.877143
Belgium,1985,199751, 3.648 ,2.663101912,842255,1697.872144
Belgium,1986,214299, 3.674 ,2.681828737,849696,1677.896142
Belgium,1987,226406, 3.704 ,2.700686932,864834,1662.919141
Belgium,1988,244142, 3.776 ,2.719678164,899602,1650.92914
Belgium,1989,249963, 3.822 ,2.738802671,945618,1641.937139
Belgium,1990,261314, 3.861 ,2.758061647,1001521,1655.92814
Belgium,1991,265296, 3.873 ,2.783883095,1058286,1618.974137
Belgium,1992,275201, 3.867 ,2.80994606,1112350,1596.001135
Belgium,1993,276938, 3.842 ,2.836253166,1162629,1552.056131
Belgium,1994,284110, 3.828 ,2.862806559,1206053,1552.056131
Belgium,1995,296017, 3.887 ,2.889608622,1250828,1578.026133
Belgium,1996,295072, 3.898 ,2.906220198,1268260,1552.057131
Belgium,1997,308664, 3.921 ,2.922927141,1256780,1565.044132
Belgium,1998,310653, 3.986 ,2.939730644,1251251,1576.034133
Belgium,1999,325198, 4.039 ,2.95663023,1270417,1575.382133
Belgium,2000,346909, 4.121 ,2.97362709,1271485,1589.102611
Belgium,2001,348798, 4.178 ,2.992419004,1279608,1581.243159
Belgium,2002,358493, 4.188 ,3.011329412,1240596,1593.645551
Belgium,2003,374266, 4.188 ,3.030359507,1288633,1598.219868
Belgium,2004,383970, 4.236 ,3.049509764,1356686,1587.802649
Belgium,2005,429271, 4.300 ,3.068781137,1438839,1577.676449
Belgium,2006,417205, 4.350 ,3.073569298,1620220,1591.637664
Belgium,2007,430015, 4.422 ,3.078364849,1768312,1593.657532
Belgium,2008,467485, 4.499 ,3.08316803,1982319,1582.505144
Belgium,2009,451867, 4.490 ,3.087978601,2172592,1563.225214
Belgium,2010,489333, 4.500 ,3.092796803,2433024,1573.830711
Belgium,2011,487755, 4.542 ,3.098995447,2484363,1590.234351
Belgium,2012,491813, 4.563 ,3.10520649,2758938,1587.295075
Belgium,2013,490563, 4.556 ,3.11142993,2798496,1585.595087
Belgium,2014,493291, 4.581 ,3.117666006,2767839,1581.595989
Belgium,2015,484155, 4.622 ,3.12391448,2843534,1575.456869
Belgium,2016,492930, 4.684 ,3.130175591,2951560,1574.154172
Belgium,2017,515604, 4.769 ,3.136449099,2948266,1577.917666
Belgium,2018,507573, 4.839 ,3.142735243,3008691,1583.263997
Belgium,2019,517420, 4.922 ,3.149034023,3078801,1586.430997
Benin,1950,,,,,
Benin,1951,,,,,
Benin,1952,,,,,
Benin,1953,,,,,
Benin,1954,,,,,
Benin,1955,,,,,
Benin,1956,,,,,
Benin,1957,,,,,
Benin,1958,,,,,
Benin,1959,3732,,1.063245893,2530,
Benin,1960,4067,,1.065199852,2832,
Benin,1961,4118,,1.069248438,3115,
Benin,1962,4011,,1.073312521,3380,
Benin,1963,4240,,1.077392101,3668,
Benin,1964,4478,,1.08148706,3897,
Benin,1965,4852,,1.085597634,4091,
Benin,1966,4986,,1.086016059,4295,
Benin,1967,5184,,1.086434722,4628,
Benin,1968,5593,,1.086853504,4989,
Benin,1969,5818,,1.087272406,5358,
Benin,1970,6402,,1.087691426,5683,
Benin,1971,6549,,1.088046193,6000,
Benin,1972,6844,,1.088401079,6504,
Benin,1973,7339,,1.088756084,6883,
Benin,1974,7977,,1.089111209,7339,
Benin,1975,6791,,1.089466453,7738,
Benin,1976,7291,,1.089780569,7956,
Benin,1977,7537,,1.090094686,8149,
Benin,1978,7319,,1.090408921,8289,
Benin,1979,7667,,1.090723157,8723,
Benin,1980,8230, 1.327 ,1.091037631,9193,
Benin,1981,10410, 1.356 ,1.104036212,9652,
Benin,1982,7501, 1.391 ,1.117189765,10504,
Benin,1983,7372, 1.432 ,1.130500078,10726,
Benin,1984,7827, 1.469 ,1.14396894,10813,
Benin,1985,8647, 1.505 ,1.157598257,10795,
Benin,1986,7559, 1.548 ,1.174117327,11022,
Benin,1987,6994, 1.593 ,1.190872073,11572,
Benin,1988,7209, 1.638 ,1.207865953,12348,
Benin,1989,6519, 1.693 ,1.225102425,13402,
Benin,1990,6713, 1.752 ,1.242584705,14946,
Benin,1991,7070, 1.813 ,1.260308743,16891,
Benin,1992,7308, 1.879 ,1.278285623,19432,
Benin,1993,7512, 1.953 ,1.296518922,22551,
Benin,1994,7038, 2.029 ,1.315012217,26141,
Benin,1995,7775, 2.106 ,1.333769321,29363,
Benin,1996,8177, 2.173 ,1.348729014,31248,
Benin,1997,9049, 2.240 ,1.363856554,32278,
Benin,1998,9478, 2.309 ,1.379153609,33379,
Benin,1999,10389, 2.380 ,1.394622445,34473,
Benin,2000,11640, 2.455 ,1.410264611,35559,
Benin,2001,12475, 2.529 ,1.423522234,37118,
Benin,2002,13780, 2.606 ,1.43690443,38661,
Benin,2003,14682, 2.695 ,1.450412631,40375,
Benin,2004,15696, 2.786 ,1.46404767,41988,
Benin,2005,16489, 2.877 ,1.47781086,43616,
Benin,2006,16918, 2.961 ,1.493183851,45222,
Benin,2007,17956, 3.046 ,1.508716702,47524,
Benin,2008,18489, 3.131 ,1.524411082,50128,
Benin,2009,18522, 3.216 ,1.540268779,53047,
Benin,2010,19116, 3.305 ,1.556291461,56056,
Benin,2011,20439, 3.341 ,1.599606156,58376,
Benin,2012,23201, 3.444 ,1.644126415,57674,
Benin,2013,25689, 3.549 ,1.689885736,61847,
Benin,2014,29129, 3.662 ,1.730040073,62804,
Benin,2015,32495, 3.781 ,1.766209722,65175,
Benin,2016,34382, 3.901 ,1.803135514,68557,
Benin,2017,34319, 4.026 ,1.840833187,70762,
Benin,2018,35813, 4.156 ,1.879319072,76952,
Benin,2019,38295, 4.300 ,1.918609619,84009,
Burkina Faso,1950,,,,,
Burkina Faso,1951,,,,,
Burkina Faso,1952,,,,,
Burkina Faso,1953,,,,,
Burkina Faso,1954,,,,,
Burkina Faso,1955,,,,,
Burkina Faso,1956,,,,,
Burkina Faso,1957,,,,,
Burkina Faso,1958,,,,,
Burkina Faso,1959,5089, 2.680 ,,2447,
Burkina Faso,1960,5044, 2.711 ,1.007038236,2448,
Burkina Faso,1961,4760, 2.703 ,1.007075191,2471,
Burkina Faso,1962,5099, 2.696 ,1.007112265,2513,
Burkina Faso,1963,4954, 2.692 ,1.007149339,2545,
Burkina Faso,1964,5158, 2.690 ,1.007186294,2581,
Burkina Faso,1965,5138, 2.689 ,1.007223368,2668,
Burkina Faso,1966,5187, 2.691 ,1.007260442,2754,
Burkina Faso,1967,5704, 2.695 ,1.007297397,2825,
Burkina Faso,1968,5855, 2.700 ,1.007334471,2901,
Burkina Faso,1969,5986, 2.708 ,1.007371545,3012,
Burkina Faso,1970,5767, 2.715 ,1.007408619,3135,
Burkina Faso,1971,5359, 2.744 ,1.008086801,3649,
Burkina Faso,1972,6642, 2.774 ,1.008765459,3929,
Burkina Faso,1973,6248, 2.803 ,1.009444594,4266,
Burkina Faso,1974,6741, 2.833 ,1.010124207,4678,
Burkina Faso,1975,6643, 2.864 ,1.010804176,4974,
Burkina Faso,1976,6711, 2.894 ,1.011484742,5263,
Burkina Faso,1977,7433, 2.925 ,1.012165666,5531,
Burkina Faso,1978,8180, 2.957 ,1.012847066,5817,
Burkina Faso,1979,8310, 2.988 ,1.013528943,6701,
Burkina Faso,1980,8333, 3.020 ,1.014211297,7408,
Burkina Faso,1981,8915, 3.087 ,1.015740275,8173,
Burkina Faso,1982,8892, 3.159 ,1.017271519,8982,
Burkina Faso,1983,8355, 3.237 ,1.018805146,9606,
Burkina Faso,1984,8134, 3.322 ,1.020341039,10175,
Burkina Faso,1985,8692, 3.413 ,1.021879196,11095,
Burkina Faso,1986,9560, 3.510 ,1.023419738,12010,
Burkina Faso,1987,9343, 3.616 ,1.024962544,12943,
Burkina Faso,1988,9902, 3.726 ,1.026507735,13877,
Burkina Faso,1989,9960, 3.841 ,1.028055191,14960,
Burkina Faso,1990,9846, 3.957 ,1.029605031,15855,
Burkina Faso,1991,10505, 4.074 ,1.033521891,16925,
Burkina Faso,1992,10590, 4.197 ,1.037453771,17934,
Burkina Faso,1993,11020, 4.319 ,1.041400552,18901,
Burkina Faso,1994,9995, 4.651 ,1.045362234,20219,
Burkina Faso,1995,11445, 4.677 ,1.049339056,21243,
Burkina Faso,1996,12735, 4.705 ,1.053331017,22390,
Burkina Faso,1997,13928, 4.734 ,1.057338238,23734,
Burkina Faso,1998,14893, 4.766 ,1.061360598,25045,
Burkina Faso,1999,16187, 4.799 ,1.065398335,26091,
Burkina Faso,2000,16861, 4.836 ,1.069451332,27065,
Burkina Faso,2001,17495, 4.874 ,1.078746438,28004,
Burkina Faso,2002,18294, 4.916 ,1.088122368,29086,
Burkina Faso,2003,19202, 4.960 ,1.097579598,30434,
Burkina Faso,2004,20268, 4.987 ,1.107119203,32110,
Burkina Faso,2005,22027, 5.017 ,1.116741657,34072,
Burkina Faso,2006,22879, 5.069 ,1.126447678,36570,
Burkina Faso,2007,22859, 5.224 ,1.136238217,40114,
Burkina Faso,2008,23370, 5.146 ,1.146113753,44361,
Burkina Faso,2009,23331, 5.120 ,1.15607512,49516,
Burkina Faso,2010,25504, 5.147 ,1.166123033,55021,
Burkina Faso,2011,26657, 5.232 ,1.178895473,60074,
Burkina Faso,2012,29013, 5.384 ,1.191807866,59662,
Burkina Faso,2013,30380, 5.616 ,1.20486176,63936,
Burkina Faso,2014,30119, 5.948 ,1.218058467,61325,
Burkina Faso,2015,31089, 6.114 ,1.231399775,58951,
Burkina Faso,2016,34396, 6.319 ,1.244887233,64443,
Burkina Faso,2017,36843, 6.534 ,1.258522511,70240,
Burkina Faso,2018,40581, 6.757 ,1.272307038,76414,
Burkina Faso,2019,43084, 6.959 ,1.286242485,84056,
Bangladesh,1950,,,,,
Bangladesh,1951,,,,,
Bangladesh,1952,,,,,
Bangladesh,1953,,,,,
Bangladesh,1954,,,,,
Bangladesh,1955,,,,,
Bangladesh,1956,,,,,
Bangladesh,1957,,,,,
Bangladesh,1958,,,,,
Bangladesh,1959,75633, 17.618 ,1.129128814,48675,
Bangladesh,1960,81414, 17.860 ,1.129225731,47873,
Bangladesh,1961,80874, 18.074 ,1.134520411,47657,
Bangladesh,1962,85667, 18.276 ,1.139840007,48649,
Bangladesh,1963,91393, 18.563 ,1.145184517,48996,
Bangladesh,1964,90839, 18.777 ,1.150554061,49908,
Bangladesh,1965,89314, 18.907 ,1.155948758,51083,
Bangladesh,1966,90169, 19.120 ,1.158305883,52318,
Bangladesh,1967,87043, 19.345 ,1.160667777,53984,
Bangladesh,1968,89837, 19.575 ,1.163034439,56852,
Bangladesh,1969,93734, 19.809 ,1.165405989,59236,
Bangladesh,1970,100645, 20.206 ,1.167782426,61680,2520.860073
Bangladesh,1971,99542, 20.014 ,1.168589354,62665,2522.014753
Bangladesh,1972,95132, 19.834 ,1.169396758,61913,2522.899967
Bangladesh,1973,81078, 19.690 ,1.170204759,62464,2523.408686
Bangladesh,1974,82859, 20.073 ,1.171013355,67359,2523.705065
Bangladesh,1975,79987, 20.647 ,1.171822429,70245,2523.754882
Bangladesh,1976,90659, 21.295 ,1.196903706,73908,2522.580009
Bangladesh,1977,97305, 21.958 ,1.222521663,78902,2521.492716
Bangladesh,1978,100146, 22.639 ,1.248688102,85622,2520.572465
Bangladesh,1979,106385, 23.344 ,1.275414467,93120,2519.828963
Bangladesh,1980,106194, 24.077 ,1.302712917,102544,2519.260132
Bangladesh,1981,108355, 24.757 ,1.317826271,112779,2519.079892
Bangladesh,1982,108162, 25.497 ,1.333114982,120763,2522.794321
Bangladesh,1983,110264, 26.239 ,1.348581195,127861,2526.398071
Bangladesh,1984,121110, 27.065 ,1.36422658,135624,2529.814625
Bangladesh,1985,126460, 27.951 ,1.380053639,143611,2485.573139
Bangladesh,1986,129602, 28.899 ,1.396220922,158678,2442.24511
Bangladesh,1987,130173, 29.907 ,1.412577629,169322,2400.855109
Bangladesh,1988,135889, 30.969 ,1.429125905,180525,2360.193413
Bangladesh,1989,151280, 32.119 ,1.445868015,193597,2319.632441
Bangladesh,1990,157996, 32.148 ,1.462806344,208294,2413.833609
Bangladesh,1991,164057, 32.126 ,1.480742455,222829,2507.763181
Bangladesh,1992,168775, 33.068 ,1.498898625,239915,2512.306273
Bangladesh,1993,173082, 34.044 ,1.51727736,260573,2517.237899
Bangladesh,1994,181230, 35.083 ,1.5358814,283449,2522.578103
Bangladesh,1995,189809, 36.175 ,1.554713607,307773,2528.339239
Bangladesh,1996,195332, 37.224 ,1.571387291,333537,2535.107657
Bangladesh,1997,195050, 38.277 ,1.58823967,354261,2541.367868
Bangladesh,1998,193522, 39.360 ,1.605272889,368739,2547.800035
Bangladesh,1999,187660, 40.442 ,1.622488737,381387,2554.358164
Bangladesh,2000,194071, 41.540 ,1.639889359,395185,2560.827163
Bangladesh,2001,199795, 42.480 ,1.66190958,413096,2561.928647
Bangladesh,2002,210411, 43.403 ,1.684225559,437502,2563.5497
Bangladesh,2003,216588, 44.324 ,1.706841111,467788,2565.5777
Bangladesh,2004,222153, 45.318 ,1.724663496,509214,2576.816553
Bangladesh,2005,231691, 46.280 ,1.742090106,565249,2587.27267
Bangladesh,2006,252801, 47.358 ,1.767601013,638378,2597.651241
Bangladesh,2007,282226, 48.953 ,1.793485641,733605,2591.942848
Bangladesh,2008,316497, 50.476 ,1.819749236,856845,2586.720564
Bangladesh,2009,343454, 51.795 ,1.846397519,1000571,2581.948789
Bangladesh,2010,391173, 54.436 ,1.873435974,1154219,2577.61602
Bangladesh,2011,452300, 56.097 ,1.897531152,1302902,2491.949912
Bangladesh,2012,470216, 57.751 ,1.921936274,1430630,2405.783394
Bangladesh,2013,498137, 59.399 ,1.946655273,1564203,2319.566667
Bangladesh,2014,533594, 59.445 ,1.971692204,1729747,2366.943267
Bangladesh,2015,580461, 59.489 ,1.99705112,1894772,2418.750817
Bangladesh,2016,605642, 59.530 ,2.022736311,2079360,2473.508958
Bangladesh,2017,656739, 63.029 ,2.048751593,2286235,2418.882693
Bangladesh,2018,714600, 64.341 ,2.075101614,2498062,2418.882693
Bangladesh,2019,759471, 65.534 ,2.101790428,2733478,2418.882693
Bulgaria,1950,,,,,
Bulgaria,1951,,,,,
Bulgaria,1952,,,,,
Bulgaria,1953,,,,,
Bulgaria,1954,,,,,
Bulgaria,1955,,,,,
Bulgaria,1956,,,,,
Bulgaria,1957,,,,,
Bulgaria,1958,,,,,
Bulgaria,1959,,,,,
Bulgaria,1960,,,,,
Bulgaria,1961,,,,,
Bulgaria,1962,,,,,
Bulgaria,1963,,,,,
Bulgaria,1964,,,,,
Bulgaria,1965,,,,,
Bulgaria,1966,,,,,
Bulgaria,1967,,,,,
Bulgaria,1968,,,,,
Bulgaria,1969,,,,,
Bulgaria,1970,38674, 4.339 ,2.400616646,16575,
Bulgaria,1971,41317, 4.357 ,2.418591738,18902,
Bulgaria,1972,44550, 4.379 ,2.436701536,21245,
Bulgaria,1973,48283, 4.396 ,2.454946995,23617,
Bulgaria,1974,52344, 4.404 ,2.473329067,26118,
Bulgaria,1975,57698, 4.419 ,2.491848707,28744,
Bulgaria,1976,61147, 4.416 ,2.510507107,31325,
Bulgaria,1977,64317, 4.407 ,2.529304981,34000,
Bulgaria,1978,68104, 4.414 ,2.548243999,36707,
Bulgaria,1979,73500, 4.418 ,2.564923048,39411,
Bulgaria,1980,74699, 4.412 ,2.577837706,42733,
Bulgaria,1981,80232, 4.418 ,2.594135046,46313,
Bulgaria,1982,83484, 4.452 ,2.610535145,49826,
Bulgaria,1983,88787, 4.466 ,2.627039194,52951,
Bulgaria,1984,90628, 4.459 ,2.643647671,55916,
Bulgaria,1985,95425, 4.459 ,2.660360813,59165,
Bulgaria,1986,96942, 4.473 ,2.677179813,62492,
Bulgaria,1987,105260, 4.487 ,2.694105148,65918,
Bulgaria,1988,108911, 4.468 ,2.711137533,70201,
Bulgaria,1989,105817, 4.365 ,2.728277683,74291,
Bulgaria,1990,106473, 4.097 ,2.745526075,75428,
Bulgaria,1991,110619, 3.564 ,2.760771513,75437,
Bulgaria,1992,112640, 3.274 ,2.776101351,75153,
Bulgaria,1993,83608, 3.248 ,2.791516542,74360,
Bulgaria,1994,82472, 3.222 ,2.807017326,73666,
Bulgaria,1995,86819, 3.198 ,2.822603941,76030,1710.673939
Bulgaria,1996,82571, 3.176 ,2.83827734,74219,1708.202535
Bulgaria,1997,62861, 3.157 ,2.854037762,77574,1706.867471
Bulgaria,1998,73696, 3.152 ,2.869885921,89255,1649.980968
Bulgaria,1999,73271, 3.088 ,2.885821581,100999,1669.499872
Bulgaria,2000,79629, 3.039 ,2.90184617,104935,1640.253766
Bulgaria,2001,81449, 2.915 ,2.919458628,117289,1651.858937
Bulgaria,2002,84464, 2.963 ,2.937177896,125949,1651.259419
Bulgaria,2003,86978, 3.043 ,2.955004692,111734,1640.511064
Bulgaria,2004,90887, 3.142 ,2.97293973,122470,1663.688664
Bulgaria,2005,100855, 3.155 ,2.990983725,144678,1658.646399
Bulgaria,2006,106782, 3.290 ,3.009137392,168224,1654.102668
Bulgaria,2007,115264, 3.441 ,3.027400732,193273,1654.521378
Bulgaria,2008,123448, 3.555 ,3.045775414,232218,1693.596005
Bulgaria,2009,119096, 3.442 ,3.064261198,266504,1646.275305
Bulgaria,2010,123621, 3.253 ,3.082859516,329768,1644.837939
Bulgaria,2011,122260, 3.137 ,3.094154358,333446,1643.592799
Bulgaria,2012,125269, 3.104 ,3.105490685,358718,1644.449844
Bulgaria,2013,119148, 3.105 ,3.116868258,353647,1644.979512
Bulgaria,2014,122942, 3.154 ,3.128287792,369221,1644.058972
Bulgaria,2015,127390, 3.208 ,3.139748812,380139,1644.385281
Bulgaria,2016,133492, 3.192 ,3.151252031,386526,1643.547432
Bulgaria,2017,139065, 3.333 ,3.162797451,407477,1643.258116
Bulgaria,2018,143783, 3.335 ,3.174385071,419734,1644.571563
Bulgaria,2019,149432, 3.420 ,3.186015129,433186,1645.246464
Bahrain,1950,,,,,
Bahrain,1951,,,,,
Bahrain,1952,,,,,
Bahrain,1953,,,,,
Bahrain,1954,,,,,
Bahrain,1955,,,,,
Bahrain,1956,,,,,
Bahrain,1957,,,,,
Bahrain,1958,,,,,
Bahrain,1959,,,,,
Bahrain,1960,,,,,
Bahrain,1961,,,,,
Bahrain,1962,,,,,
Bahrain,1963,,,,,
Bahrain,1964,,,,,
Bahrain,1965,,,,,
Bahrain,1966,,,,,
Bahrain,1967,,,,,
Bahrain,1968,,,,,
Bahrain,1969,,,,,
Bahrain,1970,4636, 0.050 ,1.286170125,6761,
Bahrain,1971,4589, 0.053 ,1.315218091,7348,
Bahrain,1972,4882, 0.057 ,1.344922066,7930,
Bahrain,1973,5471, 0.062 ,1.37529695,8713,
Bahrain,1974,6823, 0.068 ,1.406357765,9661,
Bahrain,1975,6240, 0.075 ,1.438120127,10025,
Bahrain,1976,7968, 0.083 ,1.493512511,11467,
Bahrain,1977,8906, 0.092 ,1.551038504,13077,
Bahrain,1978,9237, 0.101 ,1.610780239,14006,
Bahrain,1979,7715, 0.110 ,1.672822952,15384,
Bahrain,1980,9495, 0.119 ,1.730293036,16670,
Bahrain,1981,8657, 0.127 ,1.770310879,17877,
Bahrain,1982,7173, 0.131 ,1.811254263,19413,
Bahrain,1983,7441, 0.136 ,1.853144526,21702,
Bahrain,1984,8079, 0.140 ,1.896003604,24140,
Bahrain,1985,4391, 0.144 ,1.939854026,24814,
Bahrain,1986,5245, 0.150 ,1.973337173,25463,
Bahrain,1987,5475, 0.156 ,2.007398129,25953,
Bahrain,1988,6753, 0.163 ,2.042047262,26711,
Bahrain,1989,6834, 0.170 ,2.077294111,27740,
Bahrain,1990,7899, 0.177 ,2.113149643,28703,
Bahrain,1991,7878, 0.183 ,2.137340069,30048,
Bahrain,1992,8185, 0.187 ,2.161807537,31642,
Bahrain,1993,9259, 0.191 ,2.186554909,33423,
Bahrain,1994,9519, 0.196 ,2.21158576,34847,
Bahrain,1995,9821, 0.200 ,2.236903191,35805,
Bahrain,1996,9450, 0.203 ,2.257519007,36813,
Bahrain,1997,11471, 0.207 ,2.278325081,38997,
Bahrain,1998,10788, 0.211 ,2.299322844,42899,
Bahrain,1999,13233, 0.234 ,2.320513964,48063,
Bahrain,2000,18461, 0.248 ,2.341900587,56620,
Bahrain,2001,18450, 0.269 ,2.330377579,68415,
Bahrain,2002,17756, 0.290 ,2.318911076,86845,
Bahrain,2003,22071, 0.319 ,2.307501078,112069,
Bahrain,2004,24931, 0.353 ,2.296147346,140079,
Bahrain,2005,34177, 0.401 ,2.284849167,162183,
Bahrain,2006,39408, 0.439 ,2.280804873,174627,
Bahrain,2007,44903, 0.487 ,2.276767492,189670,
Bahrain,2008,61728, 0.535 ,2.272737503,206401,
Bahrain,2009,52376, 0.594 ,2.268714428,213180,
Bahrain,2010,57766, 0.591 ,2.264698505,222731,
Bahrain,2011,61295, 0.588 ,2.260720491,232328,
Bahrain,2012,73148, 0.616 ,2.256759882,297893,
Bahrain,2013,72743, 0.655 ,2.2528162,265432,
Bahrain,2014,70961, 0.667 ,2.248889208,273970,
Bahrain,2015,66548, 0.705 ,2.244979382,280922,
Bahrain,2016,66640, 0.757 ,2.241086483,301268,
Bahrain,2017,73566, 0.757 ,2.237210035,363586,
Bahrain,2018,77337, 0.755 ,2.233350277,385819,
Bahrain,2019,77078, 0.744 ,2.229506969,408377,
Bahamas,1950,,,,,
Bahamas,1951,,,,,
Bahamas,1952,,,,,
Bahamas,1953,,,,,
Bahamas,1954,,,,,
Bahamas,1955,,,,,
Bahamas,1956,,,,,
Bahamas,1957,,,,,
Bahamas,1958,,,,,
Bahamas,1959,,,,,
Bahamas,1960,,,,,
Bahamas,1961,,,,,
Bahamas,1962,,,,,
Bahamas,1963,,,,,
Bahamas,1964,,,,,
Bahamas,1965,,,,,
Bahamas,1966,,,,,
Bahamas,1967,,,,,
Bahamas,1968,,,,,
Bahamas,1969,,,,,
Bahamas,1970,4769,,,2613,
Bahamas,1971,4916,,,2867,
Bahamas,1972,4655,,,3086,
Bahamas,1973,5030, 0.072 ,,3317,
Bahamas,1974,4443, 0.069 ,,3479,
Bahamas,1975,3384, 0.066 ,,3580,
Bahamas,1976,3745, 0.070 ,,3693,
Bahamas,1977,3984, 0.074 ,,3848,
Bahamas,1978,4665, 0.071 ,,3983,
Bahamas,1979,4919, 0.068 ,,4267,
Bahamas,1980,6077, 0.072 ,,4726,
Bahamas,1981,5109, 0.076 ,,5165,
Bahamas,1982,5418, 0.080 ,,5715,
Bahamas,1983,5943, 0.084 ,,6199,
Bahamas,1984,7168, 0.089 ,,6688,
Bahamas,1985,7382, 0.093 ,,7349,
Bahamas,1986,7245, 0.097 ,,7727,
Bahamas,1987,8052, 0.104 ,,7871,
Bahamas,1988,7847, 0.111 ,,7695,
Bahamas,1989,8341, 0.112 ,,7943,
Bahamas,1990,7548, 0.113 ,,8049,
Bahamas,1991,7157, 0.114 ,,8080,
Bahamas,1992,7369, 0.115 ,,8174,
Bahamas,1993,7211, 0.122 ,,8146,
Bahamas,1994,6997, 0.125 ,,8493,
Bahamas,1995,6868, 0.127 ,,9110,
Bahamas,1996,8362, 0.130 ,,9795,
Bahamas,1997,8222, 0.135 ,,11096,
Bahamas,1998,8775, 0.144 ,,12868,
Bahamas,1999,9857, 0.145 ,,14306,
Bahamas,2000,10639, 0.149 ,,16256,
Bahamas,2001,10204, 0.153 ,,18260,
Bahamas,2002,12178, 0.153 ,,20432,
Bahamas,2003,11805, 0.155 ,,22682,
Bahamas,2004,11336, 0.158 ,,25144,
Bahamas,2005,12700, 0.161 ,,29082,
Bahamas,2006,11708, 0.167 ,,34562,
Bahamas,2007,12832, 0.171 ,,40851,
Bahamas,2008,12130, 0.175 ,,47339,
Bahamas,2009,12178, 0.166 ,,53507,
Bahamas,2010,11738, 0.168 ,,58449,
Bahamas,2011,12225, 0.172 ,,61772,
Bahamas,2012,13008, 0.177 ,,59657,
Bahamas,2013,11410, 0.176 ,,61077,
Bahamas,2014,12529, 0.184 ,,62976,
Bahamas,2015,11586, 0.191 ,,63701,
Bahamas,2016,11715, 0.193 ,,64457,
Bahamas,2017,12217, 0.203 ,,66295,
Bahamas,2018,12471, 0.205 ,,68160,
Bahamas,2019,12887, 0.207 ,,70500,
Bosnia and Herzegovina,1950,,,,,
Bosnia and Herzegovina,1951,,,,,
Bosnia and Herzegovina,1952,,,,,
Bosnia and Herzegovina,1953,,,,,
Bosnia and Herzegovina,1954,,,,,
Bosnia and Herzegovina,1955,,,,,
Bosnia and Herzegovina,1956,,,,,
Bosnia and Herzegovina,1957,,,,,
Bosnia and Herzegovina,1958,,,,,
Bosnia and Herzegovina,1959,,,,,
Bosnia and Herzegovina,1960,,,,,
Bosnia and Herzegovina,1961,,,,,
Bosnia and Herzegovina,1962,,,,,
Bosnia and Herzegovina,1963,,,,,
Bosnia and Herzegovina,1964,,,,,
Bosnia and Herzegovina,1965,,,,,
Bosnia and Herzegovina,1966,,,,,
Bosnia and Herzegovina,1967,,,,,
Bosnia and Herzegovina,1968,,,,,
Bosnia and Herzegovina,1969,,,,,
Bosnia and Herzegovina,1970,,,,,
Bosnia and Herzegovina,1971,,,,,
Bosnia and Herzegovina,1972,,,,,
Bosnia and Herzegovina,1973,,,,,
Bosnia and Herzegovina,1974,,,,,
Bosnia and Herzegovina,1975,,,,,
Bosnia and Herzegovina,1976,,,,,
Bosnia and Herzegovina,1977,,,,,
Bosnia and Herzegovina,1978,,,,,
Bosnia and Herzegovina,1979,,,,,
Bosnia and Herzegovina,1980,,,,,
Bosnia and Herzegovina,1981,,,,,
Bosnia and Herzegovina,1982,,,,,
Bosnia and Herzegovina,1983,,,,,
Bosnia and Herzegovina,1984,,,,,
Bosnia and Herzegovina,1985,,,,,
Bosnia and Herzegovina,1986,,,,,
Bosnia and Herzegovina,1987,,,,,
Bosnia and Herzegovina,1988,,,,,
Bosnia and Herzegovina,1989,,,,,
Bosnia and Herzegovina,1990,4717, 1.690 ,,8145,
Bosnia and Herzegovina,1991,4265, 1.013 ,,8860,
Bosnia and Herzegovina,1992,4077, 0.391 ,,9349,
Bosnia and Herzegovina,1993,4991, 0.183 ,,9940,
Bosnia and Herzegovina,1994,6625, 0.170 ,,10711,
Bosnia and Herzegovina,1995,9415, 0.188 ,,10827,
Bosnia and Herzegovina,1996,18142, 0.411 ,,13759,
Bosnia and Herzegovina,1997,22461, 0.618 ,,17694,
Bosnia and Herzegovina,1998,23122, 0.648 ,,21855,
Bosnia and Herzegovina,1999,25506, 0.653 ,,25123,
Bosnia and Herzegovina,2000,24724, 0.643 ,,28342,
Bosnia and Herzegovina,2001,25421, 0.635 ,,31451,
Bosnia and Herzegovina,2002,25904, 0.629 ,,35050,
Bosnia and Herzegovina,2003,25564, 0.622 ,,38928,
Bosnia and Herzegovina,2004,25869, 0.613 ,,42758,
Bosnia and Herzegovina,2005,29839, 0.604 ,,47787,
Bosnia and Herzegovina,2006,32065, 0.600 ,,64040,
Bosnia and Herzegovina,2007,34418, 0.631 ,,62655,
Bosnia and Herzegovina,2008,37063, 0.654 ,,70069,
Bosnia and Herzegovina,2009,36861, 0.658 ,,77947,
Bosnia and Herzegovina,2010,37843, 0.648 ,,87871,
Bosnia and Herzegovina,2011,38853, 0.636 ,,100516,
Bosnia and Herzegovina,2012,39750, 0.624 ,,101317,
Bosnia and Herzegovina,2013,39320, 0.616 ,,108492,
Bosnia and Herzegovina,2014,39469, 0.616 ,,111928,
Bosnia and Herzegovina,2015,40501, 0.617 ,,113640,
Bosnia and Herzegovina,2016,41637, 0.622 ,,109476,
Bosnia and Herzegovina,2017,42398, 0.664 ,,115169,
Bosnia and Herzegovina,2018,44010, 0.677 ,,120300,
Bosnia and Herzegovina,2019,45538, 0.690 ,,125923,
Belarus,1950,,,,,
Belarus,1951,,,,,
Belarus,1952,,,,,
Belarus,1953,,,,,
Belarus,1954,,,,,
Belarus,1955,,,,,
Belarus,1956,,,,,
Belarus,1957,,,,,
Belarus,1958,,,,,
Belarus,1959,,,,,
Belarus,1960,,,,,
Belarus,1961,,,,,
Belarus,1962,,,,,
Belarus,1963,,,,,
Belarus,1964,,,,,
Belarus,1965,,,,,
Belarus,1966,,,,,
Belarus,1967,,,,,
Belarus,1968,,,,,
Belarus,1969,,,,,
Belarus,1970,,,,,
Belarus,1971,,,,,
Belarus,1972,,,,,
Belarus,1973,,,,,
Belarus,1974,,,,,
Belarus,1975,,,,,
Belarus,1976,,,,,
Belarus,1977,,,,,
Belarus,1978,,,,,
Belarus,1979,,,,,
Belarus,1980,,,,,
Belarus,1981,,,,,
Belarus,1982,,,,,
Belarus,1983,,,,,
Belarus,1984,,,,,
Belarus,1985,,,,,
Belarus,1986,,,,,
Belarus,1987,,,,,
Belarus,1988,,,,,
Belarus,1989,,,,,
Belarus,1990,145477, 5.126 ,,642479,
Belarus,1991,141404, 5.000 ,,663491,
Belarus,1992,125962, 4.856 ,,685717,
Belarus,1993,133585, 4.774 ,,707204,
Belarus,1994,87776, 4.641 ,,717536,
Belarus,1995,84745, 4.355 ,,715611,
Belarus,1996,88799, 4.311 ,,712345,
Belarus,1997,93725, 4.318 ,,693207,
Belarus,1998,91570, 4.363 ,,641684,
Belarus,1999,90159, 4.380 ,,573698,
Belarus,2000,97657, 4.372 ,,506728,
Belarus,2001,95095, 4.339 ,,449535,
Belarus,2002,96685, 4.295 ,,404868,
Belarus,2003,101225, 4.248 ,,373180,
Belarus,2004,108854, 4.221 ,,353039,
Belarus,2005,115157, 4.304 ,,343420,
Belarus,2006,129523, 4.357 ,,342638,
Belarus,2007,142766, 4.400 ,,344980,
Belarus,2008,165892, 4.487 ,,353608,
Belarus,2009,160477, 4.518 ,,361037,
Belarus,2010,177338, 4.577 ,,372661,
Belarus,2011,199827, 4.571 ,,387214,
Belarus,2012,190945, 4.503 ,,378291,
Belarus,2013,186944, 4.481 ,,418114,
Belarus,2014,190412, 4.466 ,,531780,
Belarus,2015,186225, 4.425 ,,490874,
Belarus,2016,175777, 4.348 ,,509132,
Belarus,2017,191910, 4.308 ,,539659,
Belarus,2018,200152, 4.304 ,,550745,
Belarus,2019,204795, 4.306 ,,566524,
Belize,1950,,,,,
Belize,1951,,,,,
Belize,1952,,,,,
Belize,1953,,,,,
Belize,1954,,,,,
Belize,1955,,,,,
Belize,1956,,,,,
Belize,1957,,,,,
Belize,1958,,,,,
Belize,1959,,,,,
Belize,1960,,,,,
Belize,1961,,,,,
Belize,1962,,,,,
Belize,1963,,,,,
Belize,1964,,,,,
Belize,1965,,,,,
Belize,1966,,,,,
Belize,1967,,,,,
Belize,1968,,,,,
Belize,1969,,,,,
Belize,1970,487,,2.366174221,317,
Belize,1971,524,,2.378065825,371,
Belize,1972,471,,2.390017509,421,
Belize,1973,533,,2.402028799,464,
Belize,1974,608,,2.414100885,506,
Belize,1975,600,,2.426233292,548,
Belize,1976,558,,2.407284737,588,
Belize,1977,603,,2.38848424,623,
Belize,1978,628,,2.36983037,662,
Belize,1979,671,,2.351322174,708,
Belize,1980,763, 0.042 ,2.332958698,729,
Belize,1981,715, 0.043 ,2.345855474,756,
Belize,1982,742, 0.045 ,2.358823538,764,
Belize,1983,739, 0.046 ,2.371863365,761,
Belize,1984,755, 0.048 ,2.384975195,771,
Belize,1985,784, 0.050 ,2.398159504,769,
Belize,1986,906, 0.052 ,2.440707445,774,
Belize,1987,1010, 0.054 ,2.484009981,810,
Belize,1988,1091, 0.055 ,2.52808094,875,
Belize,1989,1206, 0.057 ,2.568694592,957,
Belize,1990,1349, 0.058 ,2.599289656,1043,
Belize,1991,1309, 0.060 ,2.631444216,1140,
Belize,1992,1313, 0.061 ,2.66399622,1240,
Belize,1993,1397, 0.062 ,2.696951151,1357,
Belize,1994,1492, 0.062 ,2.730313778,1415,
Belize,1995,1613, 0.063 ,2.764089108,1486,
Belize,1996,1412, 0.065 ,2.800998926,1532,
Belize,1997,1364, 0.071 ,2.838401556,1585,
Belize,1998,1356, 0.073 ,2.876303911,1634,
Belize,1999,1409, 0.078 ,2.914712191,1742,
Belize,2000,1615, 0.082 ,2.953633308,1955,
Belize,2001,1607, 0.086 ,2.983257055,2144,
Belize,2002,1809, 0.085 ,3.013177872,2312,
Belize,2003,1999, 0.089 ,3.043399096,2441,
Belize,2004,2103, 0.094 ,3.073923111,2582,
Belize,2005,2215, 0.099 ,3.104753256,2796,
Belize,2006,2368, 0.102 ,3.136520863,3062,
Belize,2007,2448, 0.112 ,3.168613434,3379,
Belize,2008,2360, 0.115 ,3.201034307,3865,
Belize,2009,2230, 0.117 ,3.23378706,4304,
Belize,2010,2510, 0.120 ,3.266874552,4675,
Belize,2011,2660, 0.123 ,3.301668644,5020,
Belize,2012,2725, 0.126 ,3.337308645,5241,
Belize,2013,2521, 0.129 ,3.373820305,5691,
Belize,2014,2569, 0.134 ,3.411230564,6088,
Belize,2015,2380, 0.139 ,3.449567318,6876,
Belize,2016,2329, 0.145 ,3.488859177,7669,
Belize,2017,2329, 0.149 ,3.529135704,8395,
Belize,2018,2219, 0.154 ,3.57042861,8697,
Belize,2019,2187, 0.159 ,3.612769604,9013,
Bermuda,1950,,,,,
Bermuda,1951,,,,,
Bermuda,1952,,,,,
Bermuda,1953,,,,,
Bermuda,1954,,,,,
Bermuda,1955,,,,,
Bermuda,1956,,,,,
Bermuda,1957,,,,,
Bermuda,1958,,,,,
Bermuda,1959,,,,,
Bermuda,1960,,,,,
Bermuda,1961,,,,,
Bermuda,1962,,,,,
Bermuda,1963,,,,,
Bermuda,1964,,,,,
Bermuda,1965,,,,,
Bermuda,1966,,,,,
Bermuda,1967,,,,,
Bermuda,1968,,,,,
Bermuda,1969,,,,,
Bermuda,1970,10813,,,1171,
Bermuda,1971,20504,,,1206,
Bermuda,1972,16385,,,1227,
Bermuda,1973,16076,,,1250,
Bermuda,1974,14220,,,1268,
Bermuda,1975,15377,,,1311,
Bermuda,1976,19163,,,1315,
Bermuda,1977,18009,,,1338,
Bermuda,1978,18022,,,1372,
Bermuda,1979,18100,,,1429,
Bermuda,1980,14873,,,1531,
Bermuda,1981,14868,,,1620,
Bermuda,1982,14242,,,1752,
Bermuda,1983,14775,,,1874,
Bermuda,1984,15840,,,2015,
Bermuda,1985,12182,,,2123,
Bermuda,1986,17246, 0.033 ,,2180,
Bermuda,1987,26872, 0.034 ,,2248,
Bermuda,1988,18486, 0.036 ,,2364,
Bermuda,1989,9920, 0.035 ,,2430,
Bermuda,1990,16860, 0.035 ,,2470,
Bermuda,1991,17870, 0.034 ,,2450,
Bermuda,1992,14698, 0.033 ,,2436,
Bermuda,1993,15712, 0.033 ,,2429,
Bermuda,1994,6352, 0.033 ,,2405,
Bermuda,1995,14313, 0.033 ,,2389,
Bermuda,1996,11841, 0.034 ,,2400,
Bermuda,1997,19130, 0.035 ,,2485,
Bermuda,1998,1307, 0.035 ,,2692,
Bermuda,1999,1421, 0.037 ,,2958,
Bermuda,2000,10151, 0.037 ,,3303,
Bermuda,2001,8380, 0.037 ,,3734,
Bermuda,2002,19907, 0.037 ,,4129,
Bermuda,2003,4158, 0.037 ,,4513,
Bermuda,2004,2949, 0.038 ,,5179,
Bermuda,2005,2949, 0.038 ,,6021,
Bermuda,2006,3116, 0.039 ,,7065,
Bermuda,2007,3151, 0.039 ,,8349,
Bermuda,2008,4019, 0.039 ,,10114,
Bermuda,2009,4057, 0.036 ,,11855,
Bermuda,2010,4459, 0.036 ,,13199,
Bermuda,2011,4590, 0.037 ,,13561,
Bermuda,2012,3668, 0.035 ,,12535,
Bermuda,2013,3277, 0.035 ,,11626,
Bermuda,2014,3270, 0.035 ,,10842,
Bermuda,2015,3123, 0.035 ,,10219,
Bermuda,2016,3072, 0.035 ,,9733,
Bermuda,2017,3178, 0.035 ,,9359,
Bermuda,2018,3132, 0.034 ,,9487,
Bermuda,2019,3142, 0.034 ,,9769,
Bolivia (Plurinational State of),1950,6937, 1.734 ,1.323360801,8652,
Bolivia (Plurinational State of),1951,7515, 1.717 ,1.335104823,9342,
Bolivia (Plurinational State of),1952,7478, 1.700 ,1.346952915,10047,
Bolivia (Plurinational State of),1953,6209, 1.683 ,1.35890615,10283,
Bolivia (Plurinational State of),1954,6457, 1.666 ,1.370965481,10732,
Bolivia (Plurinational State of),1955,7024, 1.650 ,1.383131862,11658,
Bolivia (Plurinational State of),1956,6641, 1.629 ,1.402091384,12433,
Bolivia (Plurinational State of),1957,6554, 1.608 ,1.421310663,13039,
Bolivia (Plurinational State of),1958,6335, 1.587 ,1.440793514,13609,
Bolivia (Plurinational State of),1959,6744, 1.566 ,1.460543275,13981,
Bolivia (Plurinational State of),1960,6940, 1.547 ,1.480563879,14632,
Bolivia (Plurinational State of),1961,7168, 1.568 ,1.49660635,15008,
Bolivia (Plurinational State of),1962,7438, 1.590 ,1.512822628,16071,
Bolivia (Plurinational State of),1963,7928, 1.612 ,1.529214621,16936,
Bolivia (Plurinational State of),1964,8420, 1.634 ,1.545784235,17893,
Bolivia (Plurinational State of),1965,8964, 1.657 ,1.562533259,18645,
Bolivia (Plurinational State of),1966,9679, 1.681 ,1.579463959,19426,
Bolivia (Plurinational State of),1967,10465, 1.705 ,1.596578002,20016,
Bolivia (Plurinational State of),1968,9258, 1.729 ,1.613877535,20622,
Bolivia (Plurinational State of),1969,9592, 1.754 ,1.631364465,21228,
Bolivia (Plurinational State of),1970,9393, 1.780 ,1.649040937,21984,
Bolivia (Plurinational State of),1971,9977, 1.820 ,1.672994137,22683,
Bolivia (Plurinational State of),1972,10162, 1.861 ,1.697295308,23459,
Bolivia (Plurinational State of),1973,10990, 1.903 ,1.718790174,24050,
Bolivia (Plurinational State of),1974,11777, 1.945 ,1.737574697,24736,
Bolivia (Plurinational State of),1975,12460, 1.992 ,1.756564498,25638,
Bolivia (Plurinational State of),1976,12984, 2.032 ,1.775761843,26515,
Bolivia (Plurinational State of),1977,13664, 2.073 ,1.795168877,27512,
Bolivia (Plurinational State of),1978,13598, 2.115 ,1.814788222,28478,
Bolivia (Plurinational State of),1979,13887, 2.157 ,1.834621906,29299,
Bolivia (Plurinational State of),1980,13809, 2.203 ,1.854672194,29422,
Bolivia (Plurinational State of),1981,14237, 2.257 ,1.883640885,29748,
Bolivia (Plurinational State of),1982,13993, 2.258 ,1.913061976,29695,
Bolivia (Plurinational State of),1983,13888, 2.309 ,1.942942619,29320,
Bolivia (Plurinational State of),1984,14486, 2.409 ,1.973289967,29193,
Bolivia (Plurinational State of),1985,15270, 2.504 ,2.004111528,29368,
Bolivia (Plurinational State of),1986,15341, 2.551 ,2.035414219,29552,
Bolivia (Plurinational State of),1987,15983, 2.627 ,2.067205906,29907,
Bolivia (Plurinational State of),1988,14351, 2.582 ,2.099494219,30460,
Bolivia (Plurinational State of),1989,15052, 2.716 ,2.132286787,30903,
Bolivia (Plurinational State of),1990,16027, 2.890 ,2.165591478,31636,
Bolivia (Plurinational State of),1991,17120, 3.037 ,2.196086645,32733,
Bolivia (Plurinational State of),1992,17977, 3.140 ,2.227011204,34143,
Bolivia (Plurinational State of),1993,19213, 3.188 ,2.258371115,35829,
Bolivia (Plurinational State of),1994,20845, 3.339 ,2.290172815,37269,
Bolivia (Plurinational State of),1995,23299, 3.407 ,2.322422504,39110,
Bolivia (Plurinational State of),1996,26059, 3.474 ,2.355125904,41117,
Bolivia (Plurinational State of),1997,26416, 3.506 ,2.388290167,43926,
Bolivia (Plurinational State of),1998,26996, 3.539 ,2.421921253,47912,
Bolivia (Plurinational State of),1999,27045, 3.592 ,2.456025839,51171,
Bolivia (Plurinational State of),2000,27483, 3.671 ,2.490610838,54980,
Bolivia (Plurinational State of),2001,28672, 3.714 ,2.519879341,59086,
Bolivia (Plurinational State of),2002,30089, 3.760 ,2.549491644,65369,
Bolivia (Plurinational State of),2003,31589, 3.721 ,2.573073864,72111,
Bolivia (Plurinational State of),2004,33585, 3.956 ,2.593393087,78192,
Bolivia (Plurinational State of),2005,35975, 4.046 ,2.613872528,82287,
Bolivia (Plurinational State of),2006,37965, 4.183 ,2.634513617,85462,
Bolivia (Plurinational State of),2007,40330, 4.235 ,2.655317783,88754,
Bolivia (Plurinational State of),2008,45558, 4.365 ,2.676286221,95518,
Bolivia (Plurinational State of),2009,47439, 4.365 ,2.697420359,103177,
Bolivia (Plurinational State of),2010,52741, 4.445 ,2.71872139,111501,
Bolivia (Plurinational State of),2011,59437, 4.578 ,2.745150328,120417,
Bolivia (Plurinational State of),2012,66668, 4.720 ,2.771836042,126361,
Bolivia (Plurinational State of),2013,74217, 4.814 ,2.798781395,134754,
Bolivia (Plurinational State of),2014,77703, 4.968 ,2.82598877,145924,
Bolivia (Plurinational State of),2015,79743, 5.030 ,2.85346055,159171,
Bolivia (Plurinational State of),2016,83909, 5.153 ,2.881199121,170129,
Bolivia (Plurinational State of),2017,91522, 5.272 ,2.909207582,186282,
Bolivia (Plurinational State of),2018,96385, 5.403 ,2.937488317,196024,
Bolivia (Plurinational State of),2019,98836, 5.544 ,2.966043711,204495,
Brazil,1950,88443, 16.988 ,1.300443888,220379,2042
Brazil,1951,91100, 17.462 ,1.308093429,235294,2051.018631
Brazil,1952,100770, 17.952 ,1.31578815,252915,2060.077094
Brazil,1953,104141, 18.460 ,1.323527932,263661,2069.175564
Brazil,1954,113028, 18.987 ,1.331313372,278295,2078.314218
Brazil,1955,121660, 19.532 ,1.339144588,291922,2087.493234
Brazil,1956,126157, 20.097 ,1.350346684,303534,2096.712789
Brazil,1957,137199, 20.684 ,1.36164248,322384,2105.973063
Brazil,1958,145166, 21.292 ,1.373032689,339953,2115.274235
Brazil,1959,151863, 21.923 ,1.384518266,365409,2124.616487
Brazil,1960,166540, 22.578 ,1.396099925,386612,2134
Brazil,1961,189671, 23.114 ,1.406593204,410357,2135.097457
Brazil,1962,204087, 23.672 ,1.417165279,435272,2136.195478
Brazil,1963,218231, 24.254 ,1.427816868,454809,2137.294064
Brazil,1964,228095, 24.861 ,1.438548446,477598,2138.393215
Brazil,1965,242628, 25.495 ,1.449360728,504287,2139.492931
Brazil,1966,254559, 26.157 ,1.461910367,533290,2140.593212
Brazil,1967,276456, 26.848 ,1.474568605,557463,2141.69406
Brazil,1968,305421, 27.571 ,1.487336397,590966,2142.795473
Brazil,1969,310830, 28.327 ,1.500214815,646628,2143.897453
Brazil,1970,354428, 29.117 ,1.513204813,706763,2145
Brazil,1971,397864, 30.824 ,1.50219655,770469,2128.540692
Brazil,1972,445992, 32.531 ,1.491268396,845973,2112.207682
Brazil,1973,506448, 36.505 ,1.480419874,937555,2096
Brazil,1974,550841, 37.402 ,1.469650149,1045234,2079.770695
Brazil,1975,574167, 38.371 ,1.458958745,1161195,2063.667053
Brazil,1976,623541, 39.418 ,1.463446856,1258202,2047.688101
Brazil,1977,637973, 43.252 ,1.467948794,1325269,2031.832874
Brazil,1978,663618, 44.652 ,1.472464561,1390818,2016.100414
Brazil,1979,709012, 43.831 ,1.476994276,1475498,2000.489771
Brazil,1980,709314, 43.311 ,1.481537819,1598635,1985
Brazil,1981,735148, 45.122 ,1.507941961,1722145,1974.096823
Brazil,1982,752343, 47.564 ,1.534816623,1843059,1963.253535
Brazil,1983,736501, 48.101 ,1.562170148,1933018,1952.469807
Brazil,1984,763958, 49.830 ,1.590011239,2035517,1941.745312
Brazil,1985,803910, 53.525 ,1.618348598,2166354,1931.079724
Brazil,1986,918831, 55.018 ,1.638026476,2343360,1920.472719
Brazil,1987,949521, 56.977 ,1.657943845,2536207,1909.923977
Brazil,1988,956652, 58.944 ,1.678103209,2732134,1899.433177
Brazil,1989,978165, 60.165 ,1.698507786,2948117,1889
Brazil,1990,954572, 61.632 ,1.716691375,3135506,1879
Brazil,1991,1041851, 61.449 ,1.744627118,3337222,1868.470497
Brazil,1992,1071129, 61.270 ,1.773017526,3546792,1858
Brazil,1993,1155152, 61.982 ,1.80186975,3777886,1858.999731
Brazil,1994,1300093, 62.458 ,1.83119154,4034131,1860
Brazil,1995,1513902, 62.932 ,1.860990524,4294698,1855.231695
Brazil,1996,1817953, 61.784 ,1.896448374,4514510,1850.475615
Brazil,1997,1761592, 62.796 ,1.932581782,4714347,1845.731727
Brazil,1998,1687990, 62.611 ,1.969403863,4882688,1841
Brazil,1999,1630692, 65.890 ,2.006927252,4974181,1813.842815
Brazil,2000,1653572, 68.130 ,2.045165777,5062076,1837.92705
Brazil,2001,1645850, 68.456 ,2.085902929,5172151,1828.326394
Brazil,2002,1657569, 71.254 ,2.127451897,5286130,1818.725739
Brazil,2003,1651363, 72.305 ,2.169828176,5422355,1811.182515
Brazil,2004,1738794, 76.159 ,2.213048697,5621437,1803.126089
Brazil,2005,1802952, 78.415 ,2.257130146,5873957,1783.131227
Brazil,2006,1967472, 80.879 ,2.298808575,6341265,1779.167851
Brazil,2007,2191639, 81.354 ,2.34125638,7198622,1774.266485
Brazil,2008,2439879, 82.760 ,2.384488344,8504678,1771.261862
Brazil,2009,2531593, 83.151 ,2.428518534,10118052,1764.546711
Brazil,2010,2938156, 86.354 ,2.473361731,11923873,1761.345747
Brazil,2011,3280996, 88.629 ,2.56089592,13090676,1769.621379
Brazil,2012,3271619, 89.506 ,2.621874332,13095177,1765.102172
Brazil,2013,3306056, 91.148 ,2.684304714,13133923,1751.553771
Brazil,2014,3297538, 92.834 ,2.748221636,13214635,1738.868878
Brazil,2015,3082939, 92.447 ,2.813660383,12895949,1722.875805
Brazil,2016,2931514, 90.626 ,2.880657434,12480113,1714.675028
Brazil,2017,2968826, 90.501 ,2.949249983,12429477,1709.594351
Brazil,2018,3042122, 92.091 ,3.01947546,12543270,1706.057169
Brazil,2019,3080049, 93.957 ,3.091373205,12706970,1707.795058
Barbados,1950,,,,,
Barbados,1951,,,,,
Barbados,1952,,,,,
Barbados,1953,,,,,
Barbados,1954,,,,,
Barbados,1955,,,,,
Barbados,1956,,,,,
Barbados,1957,,,,,
Barbados,1958,,,,,
Barbados,1959,,,,,
Barbados,1960,2174, 0.078 ,1.87696743,1733,
Barbados,1961,2231, 0.077 ,1.923931479,1831,
Barbados,1962,2297, 0.076 ,1.972070694,1921,
Barbados,1963,2275, 0.077 ,2.02141428,2021,
Barbados,1964,2279, 0.078 ,2.071992636,2111,
Barbados,1965,2391, 0.078 ,2.123836517,2213,
Barbados,1966,2529, 0.079 ,2.196986198,2312,
Barbados,1967,2799, 0.080 ,2.272655487,2434,
Barbados,1968,2908, 0.080 ,2.350930929,2614,
Barbados,1969,3344, 0.080 ,2.431902409,2793,
Barbados,1970,3685, 0.080 ,2.51566267,3051,
Barbados,1971,3810, 0.080 ,2.479379177,3229,
Barbados,1972,3882, 0.081 ,2.443619251,3404,
Barbados,1973,3773, 0.081 ,2.408375263,3563,
Barbados,1974,3415, 0.082 ,2.373639345,3756,
Barbados,1975,4069, 0.082 ,2.339404583,3942,
Barbados,1976,3216, 0.088 ,2.301060677,4245,
Barbados,1977,3259, 0.087 ,2.26334548,4462,
Barbados,1978,3110, 0.087 ,2.226248264,4737,
Barbados,1979,3273, 0.098 ,2.189759016,5001,
Barbados,1980,3228, 0.099 ,2.15386796,5278,
Barbados,1981,3207, 0.100 ,2.200621605,5653,
Barbados,1982,3260, 0.097 ,2.248389959,5889,
Barbados,1983,3368, 0.096 ,2.297195435,6027,
Barbados,1984,3460, 0.093 ,2.347060204,6126,
Barbados,1985,3024, 0.092 ,2.398007393,6208,
Barbados,1986,3534, 0.096 ,2.43332696,6175,
Barbados,1987,3862, 0.098 ,2.469166994,5926,
Barbados,1988,4046, 0.100 ,2.505534887,5615,
Barbados,1989,4372, 0.107 ,2.542438507,5323,
Barbados,1990,4126, 0.105 ,2.573365211,5021,
Barbados,1991,4363, 0.107 ,2.595482588,4774,
Barbados,1992,3307, 0.102 ,2.617790222,4477,
Barbados,1993,3490, 0.095 ,2.640289307,4328,
Barbados,1994,5761, 0.101 ,2.662981987,4328,
Barbados,1995,6294, 0.110 ,2.685869694,4388,
Barbados,1996,6741, 0.115 ,2.684989929,4531,
Barbados,1997,6282, 0.118 ,2.684110165,4883,
Barbados,1998,6566, 0.122 ,2.683230877,5333,
Barbados,1999,6514, 0.125 ,2.682351828,5756,
Barbados,2000,6407, 0.129 ,2.681473255,6191,
Barbados,2001,6276, 0.131 ,2.699995041,6682,
Barbados,2002,6216, 0.129 ,2.718645096,7403,
Barbados,2003,5737, 0.129 ,2.737423897,7988,
Barbados,2004,5945, 0.132 ,2.756332397,8790,
Barbados,2005,6088, 0.133 ,2.775371313,9803,
Barbados,2006,5707, 0.131 ,2.780299425,11302,
Barbados,2007,6053, 0.133 ,2.78523612,12905,
Barbados,2008,5582, 0.132 ,2.790181875,14813,
Barbados,2009,4946, 0.128 ,2.795136213,16816,
Barbados,2010,4747, 0.127 ,2.800099373,19015,
Barbados,2011,4333, 0.128 ,2.805113554,20801,
Barbados,2012,4046, 0.125 ,2.810150862,21520,
Barbados,2013,3727, 0.126 ,2.815211535,21346,
Barbados,2014,3728, 0.125 ,2.820295572,21654,
Barbados,2015,3621, 0.128 ,2.825403214,21423,
Barbados,2016,3593, 0.133 ,2.830534697,22083,
Barbados,2017,3378, 0.133 ,2.835690022,29252,
Barbados,2018,3442, 0.134 ,2.840869188,29196,
Barbados,2019,3507, 0.132 ,2.846072435,29255,
Brunei Darussalam,1950,,,,,
Brunei Darussalam,1951,,,,,
Brunei Darussalam,1952,,,,,
Brunei Darussalam,1953,,,,,
Brunei Darussalam,1954,,,,,
Brunei Darussalam,1955,,,,,
Brunei Darussalam,1956,,,,,
Brunei Darussalam,1957,,,,,
Brunei Darussalam,1958,,,,,
Brunei Darussalam,1959,,,,,
Brunei Darussalam,1960,,,,,
Brunei Darussalam,1961,,,,,
Brunei Darussalam,1962,,,,,
Brunei Darussalam,1963,,,,,
Brunei Darussalam,1964,,,,,
Brunei Darussalam,1965,,,,,
Brunei Darussalam,1966,,,,,
Brunei Darussalam,1967,,,,,
Brunei Darussalam,1968,,,,,
Brunei Darussalam,1969,,,,,
Brunei Darussalam,1970,8943,,1.589876413,33358,
Brunei Darussalam,1971,9808,,1.62520957,32679,
Brunei Darussalam,1972,10966,,1.661328077,32208,
Brunei Darussalam,1973,11788,,1.698249221,31870,
Brunei Darussalam,1974,13077,,1.729343534,31392,
Brunei Darussalam,1975,13841,,1.758232951,31437,
Brunei Darussalam,1976,15180,,1.824218035,31739,
Brunei Darussalam,1977,16140,,1.892679334,31970,
Brunei Darussalam,1978,16689,,1.96371007,32336,
Brunei Darussalam,1979,20419,,2.037406445,33203,
Brunei Darussalam,1980,19854, 0.066 ,2.113868475,33392,
Brunei Darussalam,1981,19125, 0.068 ,2.136611938,34990,
Brunei Darussalam,1982,18487, 0.071 ,2.159600258,36403,
Brunei Darussalam,1983,18150, 0.075 ,2.182835817,37064,
Brunei Darussalam,1984,17936, 0.078 ,2.206321239,37683,
Brunei Darussalam,1985,16727, 0.082 ,2.230059385,39408,
Brunei Darussalam,1986,12268, 0.086 ,2.269659281,40991,
Brunei Darussalam,1987,13277, 0.089 ,2.309962273,42063,
Brunei Darussalam,1988,12030, 0.094 ,2.350980997,43525,
Brunei Darussalam,1989,13575, 0.098 ,2.392727852,45267,
Brunei Darussalam,1990,15693, 0.102 ,2.435216427,47106,
Brunei Darussalam,1991,15078, 0.107 ,2.462762833,48976,
Brunei Darussalam,1992,17565, 0.111 ,2.490620613,51572,
Brunei Darussalam,1993,17179, 0.115 ,2.518793821,55143,
Brunei Darussalam,1994,15893, 0.119 ,2.547285557,57775,
Brunei Darussalam,1995,15168, 0.123 ,2.570822239,60847,
Brunei Darussalam,1996,19704, 0.127 ,2.578871727,69033,
Brunei Darussalam,1997,17169, 0.131 ,2.586946964,72557,
Brunei Darussalam,1998,14944, 0.134 ,2.595046997,75249,
Brunei Darussalam,1999,17125, 0.138 ,2.603172779,76472,
Brunei Darussalam,2000,20162, 0.142 ,2.611323833,76201,
Brunei Darussalam,2001,19614, 0.146 ,2.617983341,76732,
Brunei Darussalam,2002,19791, 0.150 ,2.624660015,79198,
Brunei Darussalam,2003,22520, 0.154 ,2.631353617,80476,
Brunei Darussalam,2004,24977, 0.158 ,2.638064384,82090,
Brunei Darussalam,2005,30378, 0.162 ,2.644792318,83985,
Brunei Darussalam,2006,35480, 0.166 ,2.655146599,86426,
Brunei Darussalam,2007,35327, 0.169 ,2.665541649,91010,
Brunei Darussalam,2008,38155, 0.172 ,2.675977468,97185,
Brunei Darussalam,2009,29102, 0.176 ,2.686454058,103819,
Brunei Darussalam,2010,31861, 0.179 ,2.696971416,109991,
Brunei Darussalam,2011,39791, 0.183 ,2.707743406,118057,
Brunei Darussalam,2012,42672, 0.185 ,2.718630791,130603,
Brunei Darussalam,2013,41028, 0.188 ,2.729635239,148722,
Brunei Darussalam,2014,36773, 0.190 ,2.740758181,152610,
Brunei Darussalam,2015,28476, 0.189 ,2.752001524,149263,
Brunei Darussalam,2016,26493, 0.189 ,2.763366461,156282,
Brunei Darussalam,2017,27329, 0.187 ,2.774854898,173525,
Brunei Darussalam,2018,30037, 0.202 ,2.786468267,181468,
Brunei Darussalam,2019,31738, 0.222 ,2.798208237,188947,
Bhutan,1950,,,,,
Bhutan,1951,,,,,
Bhutan,1952,,,,,
Bhutan,1953,,,,,
Bhutan,1954,,,,,
Bhutan,1955,,,,,
Bhutan,1956,,,,,
Bhutan,1957,,,,,
Bhutan,1958,,,,,
Bhutan,1959,,,,,
Bhutan,1960,,,,,
Bhutan,1961,,,,,
Bhutan,1962,,,,,
Bhutan,1963,,,,,
Bhutan,1964,,,,,
Bhutan,1965,,,,,
Bhutan,1966,,,,,
Bhutan,1967,,,,,
Bhutan,1968,,,,,
Bhutan,1969,,,,,
Bhutan,1970,591,,,2041,
Bhutan,1971,607,,,2137,
Bhutan,1972,614,,,2237,
Bhutan,1973,624,,,2332,
Bhutan,1974,654,,,2440,
Bhutan,1975,634,,,2531,
Bhutan,1976,693,,,2634,
Bhutan,1977,740,,,2753,
Bhutan,1978,800,,,2876,
Bhutan,1979,847,,,3022,
Bhutan,1980,849, 0.164 ,,3150,
Bhutan,1981,1003, 0.167 ,,3331,
Bhutan,1982,1048, 0.170 ,,3534,
Bhutan,1983,1184, 0.172 ,,3785,
Bhutan,1984,1207, 0.175 ,,4037,
Bhutan,1985,1255, 0.178 ,,4358,
Bhutan,1986,1339, 0.183 ,,4675,
Bhutan,1987,1389, 0.188 ,,5024,
Bhutan,1988,1469, 0.194 ,,5348,
Bhutan,1989,1508, 0.198 ,,5607,
Bhutan,1990,1569, 0.199 ,,5857,
Bhutan,1991,1616, 0.199 ,,6074,
Bhutan,1992,1792, 0.198 ,,6432,
Bhutan,1993,1684, 0.197 ,,6910,
Bhutan,1994,1696, 0.196 ,,7474,
Bhutan,1995,1733, 0.196 ,,8029,
Bhutan,1996,1875, 0.200 ,,8598,
Bhutan,1997,2126, 0.206 ,,9171,
Bhutan,1998,2208, 0.213 ,,9864,
Bhutan,1999,2540, 0.218 ,,10811,
Bhutan,2000,2618, 0.223 ,,11988,
Bhutan,2001,2768, 0.229 ,,13587,
Bhutan,2002,3180, 0.233 ,,15504,
Bhutan,2003,3487, 0.238 ,,17499,
Bhutan,2004,4074, 0.243 ,,19749,
Bhutan,2005,4064, 0.249 ,,21570,
Bhutan,2006,4064, 0.255 ,,23121,
Bhutan,2007,4347, 0.259 ,,24042,
Bhutan,2008,4825, 0.265 ,,25503,
Bhutan,2009,5216, 0.270 ,,27299,
Bhutan,2010,6102, 0.269 ,,30231,
Bhutan,2011,6342, 0.268 ,,33422,
Bhutan,2012,6640, 0.267 ,,36863,
Bhutan,2013,6102, 0.273 ,,37723,
Bhutan,2014,6313, 0.272 ,,41183,
Bhutan,2015,7118, 0.293 ,,44640,
Bhutan,2016,7787, 0.301 ,,48225,
Bhutan,2017,8343, 0.307 ,,52787,
Bhutan,2018,8644, 0.314 ,,55359,
Bhutan,2019,8988, 0.320 ,,57988,
Botswana,1950,,,,,
Botswana,1951,,,,,
Botswana,1952,,,,,
Botswana,1953,,,,,
Botswana,1954,,,,,
Botswana,1955,,,,,
Botswana,1956,,,,,
Botswana,1957,,,,,
Botswana,1958,,,,,
Botswana,1959,,,,,
Botswana,1960,274, 0.172 ,1.190572023,701,
Botswana,1961,296, 0.173 ,1.191196918,706,
Botswana,1962,318, 0.174 ,1.191822171,721,
Botswana,1963,333, 0.175 ,1.192447662,744,
Botswana,1964,355, 0.175 ,1.193073511,782,
Botswana,1965,340, 0.180 ,1.193699718,771,
Botswana,1966,369, 0.181 ,1.194336057,831,
Botswana,1967,429, 0.181 ,1.194972754,922,
Botswana,1968,475, 0.184 ,1.195609808,1080,
Botswana,1969,454, 0.190 ,1.196247101,1158,
Botswana,1970,520, 0.197 ,1.196884871,1428,
Botswana,1971,663, 0.203 ,1.225173235,1899,
Botswana,1972,831, 0.216 ,1.254130363,2478,
Botswana,1973,1023, 0.225 ,1.283771753,3091,
Botswana,1974,1146, 0.233 ,1.314113736,3483,
Botswana,1975,1275, 0.244 ,1.345172882,3765,
Botswana,1976,1440, 0.250 ,1.347912431,3957,
Botswana,1977,1639, 0.258 ,1.350657463,4119,
Botswana,1978,1843, 0.265 ,1.353408098,4311,
Botswana,1979,2082, 0.276 ,1.356164336,4653,
Botswana,1980,2332, 0.287 ,1.358926177,5185,
Botswana,1981,2673, 0.301 ,1.418949723,5795,
Botswana,1982,2860, 0.310 ,1.481624365,6398,
Botswana,1983,3361, 0.311 ,1.547067404,6960,
Botswana,1984,4229, 0.321 ,1.61540103,7542,
Botswana,1985,4911, 0.334 ,1.686753035,8262,
Botswana,1986,5465, 0.346 ,1.748378277,8963,
Botswana,1987,6041, 0.364 ,1.80637598,9679,
Botswana,1988,6688, 0.385 ,1.866297483,10788,
Botswana,1989,8526, 0.404 ,1.928206682,12924,
Botswana,1990,9272, 0.426 ,1.992169619,15307,
Botswana,1991,9977, 0.454 ,2.040768385,17522,
Botswana,1992,10366, 0.459 ,2.090552807,19687,
Botswana,1993,10681, 0.471 ,2.141551733,21848,
Botswana,1994,11102, 0.482 ,2.193794727,23950,
Botswana,1995,12153, 0.490 ,2.247312069,26173,
Botswana,1996,13893, 0.501 ,2.288501501,28188,
Botswana,1997,14865, 0.510 ,2.330445766,30672,
Botswana,1998,15367, 0.554 ,2.373158455,33581,
Botswana,1999,16919, 0.583 ,2.416654348,36975,
Botswana,2000,18182, 0.602 ,2.460947275,40475,
Botswana,2001,18096, 0.615 ,2.494708776,44441,
Botswana,2002,21366, 0.615 ,2.528933048,48772,
Botswana,2003,21088, 0.617 ,2.562435389,53138,
Botswana,2004,22081, 0.611 ,2.586050272,58038,
Botswana,2005,25194, 0.604 ,2.60988307,63101,
Botswana,2006,26259, 0.614 ,2.630747557,70185,
Botswana,2007,27368, 0.673 ,2.651778936,80924,
Botswana,2008,27741, 0.710 ,2.67297864,95225,
Botswana,2009,25780, 0.737 ,2.69434762,113070,
Botswana,2010,28867, 0.774 ,2.715887308,132045,
Botswana,2011,32091, 0.819 ,2.738507032,145789,
Botswana,2012,30052, 0.827 ,2.761630058,148604,
Botswana,2013,30666, 0.844 ,2.785270452,148439,
Botswana,2014,33817, 0.847 ,2.809442282,151355,
Botswana,2015,32224, 0.848 ,2.834160805,152518,
Botswana,2016,33786, 0.867 ,2.85944128,154130,
Botswana,2017,35741, 0.890 ,2.885299683,156231,
Botswana,2018,36345, 0.914 ,2.911752224,165969,
Botswana,2019,37975, 0.922 ,2.938816071,176491,
Central African Republic,1950,,,,,
Central African Republic,1951,,,,,
Central African Republic,1952,,,,,
Central African Republic,1953,,,,,
Central African Republic,1954,,,,,
Central African Republic,1955,,,,,
Central African Republic,1956,,,,,
Central African Republic,1957,,,,,
Central African Republic,1958,,,,,
Central African Republic,1959,,,,,
Central African Republic,1960,2240,,1.071820378,5523,
Central African Republic,1961,2425,,1.071837306,5773,
Central African Republic,1962,2421,,1.071854234,6036,
Central African Republic,1963,2278,,1.071871281,6253,
Central African Republic,1964,2382,,1.071888208,6477,
Central African Republic,1965,2407,,1.071905136,6671,
Central African Republic,1966,2401,,1.071922064,6857,
Central African Republic,1967,2385,,1.071938992,6964,
Central African Republic,1968,2709,,1.071955919,7062,
Central African Republic,1969,2713,,1.071972847,7205,
Central African Republic,1970,2834,,1.071989775,7349,
Central African Republic,1971,2726,,1.076050282,7524,
Central African Republic,1972,2611,,1.080126166,7675,
Central African Republic,1973,2914,,1.084217548,7890,
Central African Republic,1974,2625,,1.088324308,7947,
Central African Republic,1975,2585,,1.092446685,7962,
Central African Republic,1976,2573,,1.096584797,7936,
Central African Republic,1977,2705,,1.100738406,7951,
Central African Republic,1978,2774,,1.10490787,7888,
Central African Republic,1979,2725,,1.10909307,7917,
Central African Republic,1980,2507, 0.879 ,1.113294125,7787,
Central African Republic,1981,2926, 0.906 ,1.126582146,7742,
Central African Republic,1982,2955, 0.933 ,1.140028954,7679,
Central African Republic,1983,2793, 0.966 ,1.153636098,7609,
Central African Republic,1984,3007, 0.991 ,1.167405725,7637,
Central African Republic,1985,3346, 1.014 ,1.181339622,7716,
Central African Republic,1986,3313, 1.032 ,1.195439935,7864,
Central African Republic,1987,3088, 1.049 ,1.209708571,7955,
Central African Republic,1988,3252, 1.062 ,1.224147439,7969,
Central African Republic,1989,3439, 1.080 ,1.238758564,8024,
Central African Republic,1990,3392, 1.104 ,1.253544211,8175,
Central African Republic,1991,3340, 1.132 ,1.26725316,8287,
Central African Republic,1992,3208, 1.164 ,1.281112075,8410,
Central African Republic,1993,3146, 1.199 ,1.295122504,8457,
Central African Republic,1994,3831, 1.235 ,1.309286118,8592,
Central African Republic,1995,3944, 1.271 ,1.323604703,8770,
Central African Republic,1996,3354, 1.304 ,1.33807981,8677,
Central African Republic,1997,3520, 1.336 ,1.352713227,8600,
Central African Republic,1998,3702, 1.368 ,1.367506742,8595,
Central African Republic,1999,3661, 1.400 ,1.382461905,8742,
Central African Republic,2000,3779, 1.436 ,1.397580743,8848,
Central African Republic,2001,3833, 1.464 ,1.4045012,8969,
Central African Republic,2002,3840, 1.493 ,1.41145587,9092,
Central African Republic,2003,3662, 1.524 ,1.418444991,9072,
Central African Republic,2004,3767, 1.555 ,1.425468802,9076,
Central African Republic,2005,3847, 1.588 ,1.432527304,9204,
Central African Republic,2006,4038, 1.618 ,1.439620852,9677,
Central African Republic,2007,4265, 1.648 ,1.446749449,10754,
Central African Republic,2008,4372, 1.676 ,1.453913331,12604,
Central African Republic,2009,4706, 1.694 ,1.461112738,15305,
Central African Republic,2010,4917, 1.711 ,1.468347788,18677,
Central African Republic,2011,5003, 1.715 ,1.478430629,21196,
Central African Republic,2012,5550, 1.713 ,1.48858285,21663,
Central African Republic,2013,3658, 1.719 ,1.498804688,23421,
Central African Republic,2014,3517, 1.718 ,1.509096742,24952,
Central African Republic,2015,3921, 1.722 ,1.519459486,25514,
Central African Republic,2016,4132, 1.743 ,1.529893398,26000,
Central African Republic,2017,4265, 1.770 ,1.540398955,28265,
Central African Republic,2018,4441, 1.803 ,1.550976634,28755,
Central African Republic,2019,4642, 1.844 ,1.56162703,29152,
Canada,1950,177335, 6.123 ,2.481970787,511430,2209.234041
Canada,1951,183434, 6.281 ,2.500546217,539255,2194.183546
Canada,1952,199360, 6.330 ,2.519260406,564302,2181.939348
Canada,1953,208588, 6.364 ,2.538114786,595399,2180.528393
Canada,1954,207756, 6.314 ,2.55711031,616241,2172.603665
Canada,1955,226019, 6.389 ,2.570921898,647128,2154.656566
Canada,1956,244570, 6.662 ,2.582545996,694272,2142.278954
Canada,1957,250775, 6.745 ,2.594222784,734570,2122.981755
Canada,1958,256755, 6.546 ,2.605952024,765933,2107.615125
Canada,1959,266930, 6.654 ,2.617734671,802091,2104.4344
Canada,1960,276341, 6.629 ,2.629570484,834435,2090.805868
Canada,1961,287788, 6.646 ,2.649269342,866451,2066.495353
Canada,1962,306239, 6.812 ,2.669115782,905222,2065.044999
Canada,1963,322409, 6.961 ,2.689110756,946760,2050.357569
Canada,1964,345038, 7.202 ,2.709255695,993761,2039.108423
Canada,1965,366616, 7.509 ,2.729551315,1056337,2021.214549
Canada,1966,391093, 7.766 ,2.749999046,1124331,1995.114257
Canada,1967,402488, 7.907 ,2.77060008,1177849,1985.598111
Canada,1968,423943, 7.915 ,2.791355371,1234688,1961.477696
Canada,1969,446109, 8.164 ,2.81226635,1300114,1942.468383
Canada,1970,458854, 8.156 ,2.833333492,1363550,1925
Canada,1971,482862, 8.327 ,2.857601881,1426869,1912
Canada,1972,510280, 8.638 ,2.882077694,1489442,1904
Canada,1973,547976, 9.093 ,2.906763315,1557118,1898
Canada,1974,562724, 9.562 ,2.931660652,1638474,1891
Canada,1975,570347, 9.655 ,2.956771135,1725237,1872
Canada,1976,603769, 9.784 ,2.982096434,1805693,1862
Canada,1977,624671, 9.997 ,3.007638693,1888423,1834
Canada,1978,649281, 10.295 ,3.03339982,1967734,1836
Canada,1979,675725, 10.761 ,3.059381723,2056921,1841
Canada,1980,687911, 11.081 ,3.085585833,2150782,1827
Canada,1981,711281, 11.382 ,3.105498791,2294212,1812
Canada,1982,693444, 10.985 ,3.125540495,2429158,1788.362954
Canada,1983,717049, 11.077 ,3.145711184,2555505,1780.215809
Canada,1984,767395, 11.369 ,3.166012049,2698825,1791.11595
Canada,1985,786766, 11.796 ,3.186444044,2844207,1794.90562
Canada,1986,801484, 12.169 ,3.207007885,2971075,1798.518926
Canada,1987,858473, 12.544 ,3.227704287,3121936,1807.027402
Canada,1988,901253, 12.979 ,3.248534441,3306936,1807.814587
Canada,1989,934354, 13.237 ,3.269499063,3502543,1802.820481
Canada,1990,941469, 13.290 ,3.290598869,3675089,1795.29276
Canada,1991,917014, 13.058 ,3.311350822,3829317,1774.18933
Canada,1992,925954, 12.930 ,3.332233429,3969052,1772.386979
Canada,1993,947826, 13.035 ,3.353247881,4095945,1771.122321
Canada,1994,993125, 13.291 ,3.374394894,4226856,1784.990535
Canada,1995,1042290, 13.503 ,3.395674944,4327837,1785.016344
Canada,1996,1068539, 13.636 ,3.417089462,4417465,1798.80713
Canada,1997,1111286, 13.900 ,3.438639164,4423092,1796.677861
Canada,1998,1127569, 14.224 ,3.460324526,4434235,1792.643002
Canada,1999,1208232, 14.615 ,3.48214674,4436711,1791.860119
Canada,2000,1284667, 14.953 ,3.50410676,4290319,1786.186367
Canada,2001,1273725, 15.075 ,3.51891613,4163948,1773.040815
Canada,2002,1282036, 15.427 ,3.533787727,4037698,1754.363462
Canada,2003,1346111, 15.771 ,3.548722506,4164733,1743.803145
Canada,2004,1406271, 16.046 ,3.563720465,4314014,1753.799959
Canada,2005,1514083, 16.314 ,3.578781605,4492993,1744.018222
Canada,2006,1522705, 16.594 ,3.593906403,4746770,1743.54075
Canada,2007,1555354, 16.983 ,3.609095335,4984729,1742.925627
Canada,2008,1620559, 17.258 ,3.624348402,5207503,1740.30598
Canada,2009,1457231, 16.972 ,3.639665604,5555046,1710.836026
Canada,2010,1558716, 17.295 ,3.655047894,5941241,1714.208445
Canada,2011,1649477, 17.595 ,3.662325144,6358923,1712.651282
Canada,2012,1661054, 17.794 ,3.669616699,6781151,1720.630667
Canada,2013,1723023, 18.039 ,3.676922798,7179644,1714.935408
Canada,2014,1780582, 18.149 ,3.684243441,7604575,1709.601479
Canada,2015,1691291, 18.356 ,3.691578627,8006907,1710.780106
Canada,2016,1711195, 18.541 ,3.698928595,8184792,1705.192385
Canada,2017,1796297, 18.852 ,3.706293106,8087274,1693.784661
Canada,2018,1833635, 18.966 ,3.713672161,8248541,1707.05926
Canada,2019,1866215, 19.299 ,3.721065998,8427519,1689.280933
Switzerland,1950,74871, 2.327 ,2.935117722,319104,2039.995275
Switzerland,1951,81711, 2.411 ,2.941377163,324257,2032.350876
Switzerland,1952,81577, 2.457 ,2.947650194,326624,2024.735123
Switzerland,1953,84794, 2.474 ,2.953936338,330335,2017.147908
Switzerland,1954,90660, 2.502 ,2.960236073,336796,2009.589124
Switzerland,1955,97528, 2.553 ,2.966549397,347877,2002.058665
Switzerland,1956,104656, 2.627 ,2.971672058,363464,1994.556424
Switzerland,1957,108603, 2.687 ,2.976803541,381794,1987.082296
Switzerland,1958,104457, 2.664 ,2.981943846,391445,1979.636176
Switzerland,1959,112616, 2.665 ,2.987092972,401923,1972.217959
Switzerland,1960,122351, 2.739 ,2.992251158,418345,1964.827539
Switzerland,1961,132931, 2.867 ,3.010366201,442598,1967.635135
Switzerland,1962,139404, 2.977 ,3.028590679,466802,1970.446742
Switzerland,1963,145816, 3.023 ,3.046925545,490004,1973.262367
Switzerland,1964,154484, 3.070 ,3.065371275,516033,1976.082015
Switzerland,1965,158098, 3.049 ,3.083929062,538206,1978.905692
Switzerland,1966,161869, 3.038 ,3.102598906,558137,1981.733405
Switzerland,1967,167307, 3.054 ,3.12138176,581313,1984.565157
Switzerland,1968,173471, 3.072 ,3.140278339,603384,1987.400956
Switzerland,1969,183341, 3.123 ,3.15928936,625357,1990.240808
Switzerland,1970,195560, 3.169 ,3.178415537,656973,1993.084717
Switzerland,1971,203554, 3.214 ,3.192940235,693102,1982.778648
Switzerland,1972,210138, 3.256 ,3.207531452,729701,1958.465361
Switzerland,1973,216350, 3.289 ,3.222189188,761840,1931.666501
Switzerland,1974,219349, 3.293 ,3.236913919,792361,1902.822368
Switzerland,1975,198755, 3.170 ,3.251706123,815787,1894.040031
Switzerland,1976,196497, 3.112 ,3.2665658,825862,1890.915615
Switzerland,1977,200588, 3.128 ,3.281493425,835399,1863.485783
Switzerland,1978,204056, 3.141 ,3.296489239,846387,1849.038561
Switzerland,1979,211264, 3.158 ,3.311553478,860045,1836.376344
Switzerland,1980,221685, 3.212 ,3.326686621,896888,1821.839598
Switzerland,1981,221734, 3.273 ,3.340091944,941529,1802.523121
Switzerland,1982,220509, 3.281 ,3.353551388,966206,1791.421135
Switzerland,1983,222585, 3.282 ,3.367064714,989575,1776.66792
Switzerland,1984,225376, 3.320 ,3.380632639,1015371,1757.570587
Switzerland,1985,230983, 3.390 ,3.3942554,1044644,1751.328827
Switzerland,1986,244761, 3.467 ,3.407932997,1074064,1742.752082
Switzerland,1987,249694, 3.547 ,3.421665668,1105169,1741.482459
Switzerland,1988,254687, 3.633 ,3.435453415,1145092,1740.954956
Switzerland,1989,266441, 3.724 ,3.44929719,1187833,1725.789018
Switzerland,1990,281175, 3.833 ,3.463196516,1231488,1716.220875
Switzerland,1991,277248, 3.892 ,3.469666958,1271337,1713.775239
Switzerland,1992,279157, 3.856 ,3.476149559,1299852,1723.190162
Switzerland,1993,283410, 3.835 ,3.482644081,1325204,1719.490331
Switzerland,1994,291435, 3.822 ,3.489151001,1349417,1741.311339
Switzerland,1995,296646, 3.822 ,3.495669842,1375818,1720.266219
Switzerland,1996,300729, 3.817 ,3.502200842,1436471,1696.871943
Switzerland,1997,313281, 3.819 ,3.50874424,1395402,1687.45361
Switzerland,1998,322787, 3.871 ,3.515299797,1401643,1695.534485
Switzerland,1999,334009, 3.896 ,3.521867752,1378893,1717.400976
Switzerland,2000,338565, 3.928 ,3.528447628,1320675,1712.743082
Switzerland,2001,337629, 3.988 ,3.538948298,1272231,1672.850717
Switzerland,2002,338813, 4.009 ,3.549480438,1209114,1651.258284
Switzerland,2003,345369, 3.992 ,3.560043573,1195310,1664.540532
Switzerland,2004,358521, 4.006 ,3.570638418,1154342,1694.953288
Switzerland,2005,389669, 4.044 ,3.581264734,1308433,1689.970227
Switzerland,2006,417288, 4.145 ,3.59192276,1570495,1679.238382
Switzerland,2007,460970, 4.259 ,3.602612495,1729254,1668.870029
Switzerland,2008,495490, 4.355 ,3.613333702,1882852,1659.458979
Switzerland,2009,487748, 4.373 ,3.624087095,2104724,1650.77879
Switzerland,2010,505411, 4.389 ,3.634872437,1993188,1624.346382
Switzerland,2011,557177, 4.509 ,3.642344713,2302095,1619.316913
Switzerland,2012,575032, 4.598 ,3.649832249,2400753,1603.231369
Switzerland,2013,573934, 4.661 ,3.657335281,2222874,1582.892371
Switzerland,2014,588874, 4.747 ,3.664853811,2390769,1575.321497
Switzerland,2015,592829, 4.816 ,3.6723876,2532058,1589.475082
Switzerland,2016,603778, 4.879 ,3.679936886,2634662,1590.226662
Switzerland,2017,622558, 4.922 ,3.687501907,2707659,1569.530866
Switzerland,2018,636191, 4.972 ,3.695082426,2764370,1561.182797
Switzerland,2019,646920, 5.011 ,3.702678442,2815220,1556.882844
Chile,1950,,,,,
Chile,1951,29656, 2.098 ,1.886937737,63828,2527.87953
Chile,1952,32103, 2.120 ,1.894834518,65222,2514.314409
Chile,1953,32862, 2.143 ,1.90276432,67637,2500.822081
Chile,1954,35172, 2.166 ,1.910727382,68897,2487.402155
Chile,1955,34340, 2.190 ,1.918723702,70626,2474.054243
Chile,1956,33811, 2.216 ,1.923437357,72117,2460.777959
Chile,1957,37347, 2.242 ,1.928162694,72843,2447.572919
Chile,1958,38844, 2.269 ,1.932899594,74982,2434.438739
Chile,1959,38531, 2.296 ,1.937648177,77582,2421.37504
Chile,1960,41016, 2.324 ,1.942408323,80022,2408.381443
Chile,1961,39635, 2.360 ,1.960026145,84382,2389.305155
Chile,1962,49531, 2.396 ,1.977803707,87164,2370.228866
Chile,1963,51372, 2.432 ,1.995742679,90002,2327.307216
Chile,1964,53070, 2.470 ,2.013844252,97170,2322.538144
Chile,1965,51223, 2.509 ,2.032109976,102993,2336.845361
Chile,1966,57312, 2.550 ,2.050541401,113166,2355.921649
Chile,1967,60615, 2.592 ,2.069139957,119732,2179.465979
Chile,1968,62126, 2.636 ,2.087907314,128180,2260.540206
Chile,1969,66419, 2.676 ,2.106844664,137048,2289.154639
Chile,1970,66721, 2.693 ,2.125953913,147806,2160.389691
Chile,1971,75621, 2.796 ,2.150601625,160405,2255.771134
Chile,1972,75721, 2.906 ,2.175535202,170112,2270.078351
Chile,1973,73727, 2.940 ,2.200757742,177610,2246.23299
Chile,1974,70172, 2.857 ,2.226272583,186205,2227.156701
Chile,1975,59512, 2.748 ,2.252083302,185637,2270.078351
Chile,1976,61981, 2.790 ,2.278193474,189141,2284.385567
Chile,1977,67582, 2.912 ,2.304606199,196643,2255.771134
Chile,1978,72787, 2.936 ,2.331325054,200190,2279.616495
Chile,1979,78645, 2.990 ,2.358353853,207828,2303.461856
Chile,1980,83430, 3.162 ,2.385695934,219541,2317.769072
Chile,1981,87578, 3.223 ,2.412909746,232477,2360.690722
Chile,1982,76576, 3.001 ,2.440433979,236081,2308.230928
Chile,1983,74122, 3.197 ,2.468272209,235268,2265.309278
Chile,1984,76597, 3.339 ,2.496427774,241172,2298.692784
Chile,1985,76711, 3.542 ,2.524904728,245946,2298.692784
Chile,1986,80568, 3.729 ,2.553706646,252228,2332.076289
Chile,1987,86681, 3.872 ,2.575346947,263613,2351.152577
Chile,1988,95079, 4.020 ,2.595088959,280834,2360.690722
Chile,1989,103907, 4.204 ,2.614982367,305229,2370.228866
Chile,1990,106364, 4.323 ,2.635028124,330830,2408.381443
Chile,1991,114799, 4.417 ,2.649811745,360359,2370.228866
Chile,1992,128572, 4.622 ,2.664678097,391864,2365.459794
Chile,1993,137048, 4.694 ,2.679627895,424151,2370.228866
Chile,1994,149369, 4.731 ,2.694661617,467215,2351.152577
Chile,1995,171111, 4.920 ,2.709779739,509225,2313
Chile,1996,179190, 5.114 ,2.724982738,551707,2313
Chile,1997,182730, 5.266 ,2.740270853,586673,2256
Chile,1998,180735, 5.386 ,2.755644798,608736,2299
Chile,1999,172964, 5.366 ,2.771104813,622768,2277
Chile,2000,179409, 5.537 ,2.78665185,626673,2263
Chile,2001,178617, 5.619 ,2.805292606,630952,2242
Chile,2002,180073, 5.736 ,2.824057817,641347,2250
Chile,2003,188147, 5.896 ,2.842948914,657058,2235
Chile,2004,209905, 6.012 ,2.861965895,682940,2232
Chile,2005,235796, 6.230 ,2.88111043,718110,2157
Chile,2006,275648, 6.451 ,2.900383234,769376,2165
Chile,2007,299290, 6.631 ,2.919784546,839141,2128
Chile,2008,290851, 6.721 ,2.939315796,930713,2095
Chile,2009,296428, 6.747 ,2.958977461,1026887,2074
Chile,2010,342196, 6.889 ,2.978770971,1132028,2070
Chile,2011,379499, 7.121 ,2.996879816,1237075,2047
Chile,2012,401288, 7.379 ,3.015098333,1324447,2024
Chile,2013,415074, 7.546 ,3.033427954,1492791,2015
Chile,2014,421632, 7.630 ,3.051868916,1432479,1990
Chile,2015,417152, 7.760 ,3.070421934,1649809,1988
Chile,2016,411637, 7.844 ,3.089087963,1698654,1974
Chile,2017,422309, 7.928 ,3.107867002,1845625,1954
Chile,2018,436137, 7.994 ,3.126760721,1907477,1940.6
Chile,2019,440683, 8.100 ,3.145768881,1977867,1914.4
China,1950,,,,,
China,1951,,,,,
China,1952,558018, 239.774 ,1.117067218,352113,
China,1953,628424, 245.702 ,1.130345345,376089,
China,1954,583445, 251.468 ,1.143781424,403379,
China,1955,642969, 257.114 ,1.157377124,427434,
China,1956,688503, 264.730 ,1.171621323,456440,
China,1957,711933, 273.170 ,1.186040759,486750,
China,1958,726527, 293.514 ,1.200637698,542504,
China,1959,694189, 305.385 ,1.215414286,625968,
China,1960,652546, 295.659 ,1.230372787,691719,
China,1961,554674, 285.940 ,1.252714992,700357,
China,1962,600626, 280.995 ,1.275462866,694152,
China,1963,674772, 282.138 ,1.298623919,703603,
China,1964,762317, 287.754 ,1.322205424,727037,
China,1965,843120, 292.880 ,1.346215248,767283,
China,1966,867201, 301.520 ,1.366382241,823648,
China,1967,892459, 315.205 ,1.386851192,852196,
China,1968,866469, 329.189 ,1.407626987,879540,
China,1969,951518, 345.002 ,1.428713799,915542,
China,1970,1069681, 360.956 ,1.450116634,993474,1976.311986
China,1971,1173451, 375.930 ,1.477851629,1079437,1975.793683
China,1972,1139618, 386.572 ,1.506117105,1164101,1975.507696
China,1973,1242443, 395.443 ,1.534923077,1250887,1975.364796
China,1974,1264736, 407.258 ,1.564280152,1355039,1975.189702
China,1975,1323576, 419.792 ,1.594198585,1480534,1974.897441
China,1976,1272721, 431.858 ,1.623608828,1592698,1974.207479
China,1977,1364091, 442.638 ,1.653561592,1708561,1973.435254
China,1978,1573644, 454.203 ,1.684067011,1845606,1972.727437
China,1979,1653973, 467.560 ,1.713660836,1986699,1972.103818
China,1980,1678408, 484.669 ,1.737435699,2149862,1971.496739
China,1981,1690708, 504.652 ,1.759069204,2317789,1971.10162
China,1982,1811747, 529.559 ,1.780972004,2504771,1970.706253
China,1983,1951130, 543.172 ,1.803147554,2696742,1970.192731
China,1984,2217260, 557.972 ,1.825599194,2926695,1969.722907
China,1985,2513142, 573.328 ,1.848330379,3214339,1969.390464
China,1986,2591463, 587.223 ,1.869394302,3517757,1970.441599
China,1987,2727284, 599.650 ,1.890698195,3839339,1971.463312
China,1988,2899747, 617.746 ,1.912244678,4216628,1972.676385
China,1989,2904513, 641.051 ,1.93403697,4497812,1973.987278
China,1990,2856361, 660.477 ,1.956077456,4763758,1975.353993
China,1991,3006094, 675.503 ,1.991196871,5051366,1976.888063
China,1992,3285451, 682.741 ,2.026946783,5506874,1978.422854
China,1993,3587540, 688.579 ,2.063338518,6179305,1981.645295
China,1994,3854175, 693.914 ,2.100383759,6911710,1989.29893
China,1995,4257891, 699.202 ,2.138093948,7704396,2001.833933
China,1996,4580775, 705.633 ,2.17208457,8578956,2017.264682
China,1997,4742228, 713.376 ,2.206615448,9510872,2037.363859
China,1998,4759018, 721.142 ,2.241695404,10650426,2062.052304
China,1999,5037557, 728.701 ,2.277333021,11811647,2082.06654
China,2000,5420107, 735.723 ,2.313537359,13034514,2090.475311
China,2001,5898086, 742.676 ,2.329683542,14505863,2103.515176
China,2002,6458509, 748.695 ,2.345942497,16249036,2118.201376
China,2003,7056662, 753.550 ,2.362315178,18387840,2138.082277
China,2004,7876310, 758.614 ,2.378801823,20845850,2167.895946
China,2005,8767904, 763.212 ,2.395403624,23684224,2192.354587
China,2006,9562662, 767.209 ,2.404458523,27126450,2183.058315
China,2007,10522240, 771.038 ,2.413547754,31353628,2152.650214
China,2008,11210087, 774.456 ,2.422671318,36438724,2131.592687
China,2009,12166251, 777.627 ,2.431829453,42933700,2138.851737
China,2010,13847619, 781.036 ,2.441021919,49973752,2172.710183
China,2011,14969009, 784.713 ,2.475469828,56498932,2178.809117
China,2012,15920895, 788.293 ,2.510403633,61248864,2184.292876
China,2013,16563043, 791.643 ,2.545830488,66224916,2178.325015
China,2014,17369238, 794.646 ,2.574622154,70822720,2178.662478
China,2015,17985756, 797.335 ,2.599027872,73737440,2170.459317
China,2016,18591710, 798.530 ,2.623665094,78411272,2167.22769
China,2017,19687162, 799.186 ,2.648535967,83349168,2168.918848
China,2018,19729128, 799.307 ,2.673642397,91126264,2168.918848
China,2019,20257660, 798.808 ,2.698987007,99462136,2168.918848
Côte d'Ivoire,1950,,,,,
Côte d'Ivoire,1951,,,,,
Côte d'Ivoire,1952,,,,,
Côte d'Ivoire,1953,,,,,
Côte d'Ivoire,1954,,,,,
Côte d'Ivoire,1955,,,,,
Côte d'Ivoire,1956,,,,,
Côte d'Ivoire,1957,,,,,
Côte d'Ivoire,1958,,,,,
Côte d'Ivoire,1959,,,,,
Côte d'Ivoire,1960,5841, 1.220 ,1.038387418,2203,
Côte d'Ivoire,1961,6145, 1.258 ,1.038558722,2719,
Côte d'Ivoire,1962,6466, 1.299 ,1.038730025,3005,
Côte d'Ivoire,1963,7339, 1.347 ,1.038901329,3468,
Côte d'Ivoire,1964,8528, 1.398 ,1.039072752,4196,
Côte d'Ivoire,1965,8146, 1.453 ,1.039244175,4843,
Côte d'Ivoire,1966,9134, 1.516 ,1.039415479,5515,
Côte d'Ivoire,1967,9621, 1.584 ,1.039587021,6102,
Côte d'Ivoire,1968,10968, 1.658 ,1.039758444,6670,
Côte d'Ivoire,1969,12050, 1.736 ,1.039929986,7401,
Côte d'Ivoire,1970,13398, 1.819 ,1.040101528,8373,
Côte d'Ivoire,1971,14295, 1.891 ,1.046412349,9358,
Côte d'Ivoire,1972,14947, 1.969 ,1.052761436,10233,
Côte d'Ivoire,1973,15819, 2.053 ,1.059149027,11365,
Côte d'Ivoire,1974,17105, 2.141 ,1.06557548,12292,
Côte d'Ivoire,1975,17878, 2.232 ,1.072040796,13403,
Côte d'Ivoire,1976,20060, 2.326 ,1.078545451,14844,
Côte d'Ivoire,1977,21492, 2.422 ,1.085089564,17176,
Côte d'Ivoire,1978,23619, 2.522 ,1.091673374,20006,
Côte d'Ivoire,1979,24053, 2.624 ,1.098297119,22238,
Côte d'Ivoire,1980,21423, 2.729 ,1.104961038,23906,
Côte d'Ivoire,1981,22543, 2.836 ,1.121011019,25752,
Côte d'Ivoire,1982,23257, 2.945 ,1.137294173,28698,
Côte d'Ivoire,1983,23517, 3.055 ,1.153813839,32694,
Côte d'Ivoire,1984,24203, 3.166 ,1.170573473,37407,
Côte d'Ivoire,1985,26943, 3.277 ,1.187576532,41696,
Côte d'Ivoire,1986,28269, 3.386 ,1.204826593,44425,
Côte d'Ivoire,1987,27854, 3.495 ,1.222327232,47439,
Côte d'Ivoire,1988,28514, 3.604 ,1.240082026,50955,
Côte d'Ivoire,1989,31309, 3.715 ,1.258094668,54989,
Côte d'Ivoire,1990,28958, 3.829 ,1.276369095,59073,
Côte d'Ivoire,1991,29704, 4.002 ,1.290705442,63354,
Côte d'Ivoire,1992,31056, 4.171 ,1.305202842,68113,
Côte d'Ivoire,1993,30673, 4.356 ,1.3198632,72897,
Côte d'Ivoire,1994,30135, 4.500 ,1.334688067,77581,
Côte d'Ivoire,1995,34666, 4.679 ,1.349679589,81380,
Côte d'Ivoire,1996,37598, 4.837 ,1.364839435,84157,
Côte d'Ivoire,1997,37664, 5.013 ,1.380169511,81001,
Côte d'Ivoire,1998,38518, 5.198 ,1.395671844,72472,
Côte d'Ivoire,1999,37961, 5.320 ,1.411348343,63270,
Côte d'Ivoire,2000,37207, 5.428 ,1.427200794,54384,
Côte d'Ivoire,2001,37474, 5.480 ,1.437188387,47606,
Côte d'Ivoire,2002,36997, 5.526 ,1.447245836,43345,
Côte d'Ivoire,2003,41319, 5.559 ,1.457373619,40204,
Côte d'Ivoire,2004,39324, 5.575 ,1.467572331,38783,
Côte d'Ivoire,2005,39309, 5.603 ,1.47784245,38692,
Côte d'Ivoire,2006,41183, 5.647 ,1.488184333,41287,
Côte d'Ivoire,2007,43602, 5.692 ,1.498598695,48390,
Côte d'Ivoire,2008,46264, 5.741 ,1.509085894,61506,
Côte d'Ivoire,2009,50302, 5.782 ,1.519646406,84458,
Côte d'Ivoire,2010,57416, 5.854 ,1.530280948,123600,
Côte d'Ivoire,2011,60761, 5.961 ,1.547817588,155450,
Côte d'Ivoire,2012,72098, 6.068 ,1.565555096,164736,
Côte d'Ivoire,2013,80790, 6.381 ,1.583495855,168763,
Côte d'Ivoire,2014,92654, 6.553 ,1.60164237,188885,
Côte d'Ivoire,2015,105491, 6.734 ,1.619996786,206673,
Côte d'Ivoire,2016,108304, 6.912 ,1.638561487,204456,
Côte d'Ivoire,2017,111163, 7.065 ,1.657338858,202649,
Côte d'Ivoire,2018,120753, 7.286 ,1.67633152,222785,
Côte d'Ivoire,2019,129492, 7.510 ,1.695541859,245884,
Cameroon,1950,,,,,
Cameroon,1951,,,,,
Cameroon,1952,,,,,
Cameroon,1953,,,,,
Cameroon,1954,,,,,
Cameroon,1955,,,,,
Cameroon,1956,,,,,
Cameroon,1957,,,,,
Cameroon,1958,,,,,
Cameroon,1959,,,,,
Cameroon,1960,8538, 2.514 ,1.13174212,11463,
Cameroon,1961,8789, 2.539 ,1.139079094,11878,
Cameroon,1962,8847, 2.565 ,1.146463752,12316,
Cameroon,1963,9420, 2.593 ,1.153896213,12765,
Cameroon,1964,9778, 2.622 ,1.161376953,13280,
Cameroon,1965,10346, 2.652 ,1.168906093,14289,
Cameroon,1966,10827, 2.683 ,1.176483989,15524,
Cameroon,1967,9884, 2.715 ,1.184111118,16470,
Cameroon,1968,10285, 2.746 ,1.19178772,17357,
Cameroon,1969,10980, 2.779 ,1.199514031,18053,
Cameroon,1970,11403, 2.828 ,1.207290411,19352,
Cameroon,1971,11546, 2.879 ,1.215707421,20366,
Cameroon,1972,12120, 2.930 ,1.224183202,21047,
Cameroon,1973,12593, 2.983 ,1.232717872,21886,
Cameroon,1974,12705, 3.036 ,1.241312265,23056,
Cameroon,1975,13164, 3.090 ,1.249966383,24188,
Cameroon,1976,12546, 3.146 ,1.25868094,25431,
Cameroon,1977,14243, 3.265 ,1.267456293,27381,
Cameroon,1978,17747, 3.390 ,1.276292801,30386,
Cameroon,1979,18609, 3.519 ,1.285190821,32508,
Cameroon,1980,20713, 3.653 ,1.294150949,35164,
Cameroon,1981,23412, 3.792 ,1.315204859,35881,
Cameroon,1982,26592, 3.936 ,1.336601377,35609,
Cameroon,1983,30344, 4.086 ,1.358345866,36196,
Cameroon,1984,34289, 4.242 ,1.380444169,38282,
Cameroon,1985,35614, 4.403 ,1.402902007,41477,
Cameroon,1986,34592, 4.571 ,1.425725222,44998,
Cameroon,1987,34068, 4.624 ,1.448919654,48351,
Cameroon,1988,33350, 4.679 ,1.472491503,52068,
Cameroon,1989,32284, 4.739 ,1.496446729,55574,
Cameroon,1990,31033, 4.802 ,1.520791769,59302,
Cameroon,1991,29799, 4.870 ,1.542154074,62870,
Cameroon,1992,29640, 4.943 ,1.563816547,66191,
Cameroon,1993,30933, 5.021 ,1.585783243,70838,
Cameroon,1994,29840, 5.104 ,1.608058572,74913,
Cameroon,1995,33006, 5.195 ,1.630646825,78505,
Cameroon,1996,35041, 5.292 ,1.653552294,81127,
Cameroon,1997,36589, 5.397 ,1.676779509,83163,
Cameroon,1998,38342, 5.510 ,1.700332999,85225,
Cameroon,1999,39935, 5.632 ,1.720496058,86837,
Cameroon,2000,41473, 5.765 ,1.738680601,88485,
Cameroon,2001,42447, 5.909 ,1.751375198,91843,
Cameroon,2002,43815, 6.017 ,1.764162421,95441,
Cameroon,2003,46502, 6.313 ,1.777042985,98389,
Cameroon,2004,47715, 6.578 ,1.790017605,102552,
Cameroon,2005,49568, 6.526 ,1.803086996,107383,
Cameroon,2006,51432, 6.591 ,1.816251874,113825,
Cameroon,2007,54120, 7.345 ,1.829512715,122264,
Cameroon,2008,57195, 7.795 ,1.842870474,134762,
Cameroon,2009,57311, 8.197 ,1.856325746,147805,
Cameroon,2010,59721, 8.528 ,1.869879246,160065,
Cameroon,2011,63653, 8.621 ,1.87274313,169821,
Cameroon,2012,68232, 8.725 ,1.875611544,169036,
Cameroon,2013,71237, 8.845 ,1.878484249,175256,
Cameroon,2014,75290, 8.960 ,1.881361365,181859,
Cameroon,2015,78458, 9.208 ,1.884242892,187477,
Cameroon,2016,83367, 9.485 ,1.887128949,193318,
Cameroon,2017,86505, 9.775 ,1.890019298,208974,
Cameroon,2018,90940, 10.073 ,1.892914057,220731,
Cameroon,2019,94488, 10.365 ,1.895813227,233991,
D.R. of the Congo,1950,26858, 4.805 ,1.04419601,22980,
D.R. of the Congo,1951,31370, 4.891 ,1.046611547,25539,
D.R. of the Congo,1952,33563, 4.979 ,1.049032688,29195,
D.R. of the Congo,1953,38040, 5.068 ,1.051459432,33371,
D.R. of the Congo,1954,39417, 5.161 ,1.053891778,37409,
D.R. of the Congo,1955,42134, 5.257 ,1.056329846,41494,
D.R. of the Congo,1956,43531, 5.357 ,1.059196949,45686,
D.R. of the Congo,1957,43075, 5.461 ,1.0620718,49382,
D.R. of the Congo,1958,42934, 5.569 ,1.0649544,52281,
D.R. of the Congo,1959,42947, 5.681 ,1.067844868,54524,
D.R. of the Congo,1960,45535, 5.797 ,1.070743203,55552,
D.R. of the Congo,1961,38455, 5.905 ,1.074799418,56052,
D.R. of the Congo,1962,47458, 6.071 ,1.078871012,56153,
D.R. of the Congo,1963,45736, 6.243 ,1.082958102,58678,
D.R. of the Congo,1964,41537, 6.367 ,1.087060571,61467,
D.R. of the Congo,1965,47409, 6.496 ,1.091178536,64079,
D.R. of the Congo,1966,50617, 6.647 ,1.096019864,66306,
D.R. of the Congo,1967,46413, 6.834 ,1.10088253,68297,
D.R. of the Congo,1968,50119, 7.031 ,1.105766892,70242,
D.R. of the Congo,1969,55850, 7.220 ,1.110672832,73600,
D.R. of the Congo,1970,57609, 7.406 ,1.115600705,76878,
D.R. of the Congo,1971,57196, 7.570 ,1.1216501,82201,
D.R. of the Congo,1972,55141, 7.734 ,1.127732396,88535,
D.R. of the Congo,1973,60762, 7.900 ,1.133847713,94061,
D.R. of the Congo,1974,64184, 8.072 ,1.139996052,101868,
D.R. of the Congo,1975,52089, 8.252 ,1.146177888,107729,
D.R. of the Congo,1976,47206, 8.443 ,1.154271364,111573,
D.R. of the Congo,1977,49432, 8.642 ,1.162421942,120866,
D.R. of the Congo,1978,48713, 8.846 ,1.170630097,124149,
D.R. of the Congo,1979,55725, 9.046 ,1.178896308,128826,
D.R. of the Congo,1980,57590, 9.240 ,1.187220812,139100,
D.R. of the Congo,1981,55168, 9.437 ,1.198920012,150803,
D.R. of the Congo,1982,56351, 9.630 ,1.210734487,161575,
D.R. of the Congo,1983,57991, 9.824 ,1.22266531,170733,
D.R. of the Congo,1984,66699, 10.026 ,1.234713793,182922,
D.R. of the Congo,1985,64053, 10.242 ,1.246881008,194470,
D.R. of the Congo,1986,60424, 10.470 ,1.26712358,205503,
D.R. of the Congo,1987,59113, 10.709 ,1.287694812,213159,
D.R. of the Congo,1988,63540, 10.969 ,1.308599949,224736,
D.R. of the Congo,1989,65275, 11.263 ,1.329844594,234732,
D.R. of the Congo,1990,51503, 11.595 ,1.351433992,242808,
D.R. of the Congo,1991,42219, 12.015 ,1.376090407,242236,
D.R. of the Congo,1992,54573, 12.586 ,1.401196718,245893,
D.R. of the Congo,1993,42911, 13.169 ,1.426761031,236938,
D.R. of the Congo,1994,31580, 13.687 ,1.452791691,245719,
D.R. of the Congo,1995,32856, 14.021 ,1.4792974,245931,
D.R. of the Congo,1996,29417, 14.507 ,1.493782878,247393,
D.R. of the Congo,1997,30255, 14.972 ,1.508410096,236292,
D.R. of the Congo,1998,27436, 15.314 ,1.523180604,234373,
D.R. of the Congo,1999,28456, 15.572 ,1.538095832,236632,
D.R. of the Congo,2000,25657, 15.918 ,1.553157091,243609,
D.R. of the Congo,2001,25649, 16.300 ,1.561196089,241042,
D.R. of the Congo,2002,26641, 16.735 ,1.56927669,242158,
D.R. of the Congo,2003,29050, 17.255 ,1.577399135,245438,
D.R. of the Congo,2004,32087, 17.826 ,1.58556366,248419,
D.R. of the Congo,2005,34906, 18.413 ,1.593770504,250573,
D.R. of the Congo,2006,38061, 18.677 ,1.599514127,249903,
D.R. of the Congo,2007,40470, 18.955 ,1.605278492,241193,
D.R. of the Congo,2008,40076, 19.231 ,1.6110636,226091,
D.R. of the Congo,2009,41042, 19.456 ,1.616869569,209599,
D.R. of the Congo,2010,45981, 19.700 ,1.6226964,191154,
D.R. of the Congo,2011,49819, 19.893 ,1.628678679,175755,
D.R. of the Congo,2012,53398, 20.093 ,1.63472867,110163,
D.R. of the Congo,2013,58995, 20.716 ,1.640847325,197507,
D.R. of the Congo,2014,65687, 21.377 ,1.647035718,237481,
D.R. of the Congo,2015,72035, 22.084 ,1.653294802,262691,
D.R. of the Congo,2016,83571, 22.806 ,1.659625411,280961,
D.R. of the Congo,2017,81936, 23.574 ,1.666028738,242569,
D.R. of the Congo,2018,84835, 24.381 ,1.672505617,256811,
D.R. of the Congo,2019,88673, 25.140 ,1.67905736,270093,
Congo,1950,,,,,
Congo,1951,,,,,
Congo,1952,,,,,
Congo,1953,,,,,
Congo,1954,,,,,
Congo,1955,,,,,
Congo,1956,,,,,
Congo,1957,,,,,
Congo,1958,,,,,
Congo,1959,,,,,
Congo,1960,2150, 0.358 ,1.080259919,2317,
Congo,1961,2007, 0.365 ,1.084269166,2881,
Congo,1962,2586, 0.371 ,1.088293314,3120,
Congo,1963,2863, 0.378 ,1.092332244,3201,
Congo,1964,3047, 0.386 ,1.096386313,3257,
Congo,1965,3021, 0.393 ,1.100455284,3345,
Congo,1966,2797, 0.401 ,1.113255262,3572,
Congo,1967,2842, 0.409 ,1.126204014,3948,
Congo,1968,3201, 0.418 ,1.139303327,4276,
Congo,1969,3524, 0.427 ,1.152555108,4554,
Congo,1970,3965, 0.436 ,1.165960908,4813,
Congo,1971,4371, 0.447 ,1.177625656,5145,
Congo,1972,4342, 0.460 ,1.189406991,5479,
Congo,1973,5033, 0.472 ,1.201306343,5790,
Congo,1974,6083, 0.485 ,1.213324547,6114,
Congo,1975,5788, 0.498 ,1.225463152,6456,
Congo,1976,6064, 0.512 ,1.256495714,6771,
Congo,1977,6323, 0.526 ,1.288314223,6942,
Congo,1978,6040, 0.540 ,1.320938349,7198,
Congo,1979,6836, 0.554 ,1.354388714,7586,
Congo,1980,6849, 0.569 ,1.388686061,8401,
Congo,1981,5589, 0.586 ,1.41854167,10183,
Congo,1982,5982, 0.603 ,1.449039102,13004,
Congo,1983,9725, 0.620 ,1.480192184,14654,
Congo,1984,11442, 0.638 ,1.512015104,15823,
Congo,1985,10770, 0.655 ,1.544522166,16910,
Congo,1986,6807, 0.674 ,1.59272635,17223,
Congo,1987,6431, 0.692 ,1.642434955,17020,
Congo,1988,5974, 0.711 ,1.69369483,16598,
Congo,1989,5995, 0.730 ,1.737269402,16096,
Congo,1990,7122, 0.750 ,1.7779814,15738,
Congo,1991,7981, 0.769 ,1.80208075,15336,
Congo,1992,5825, 0.790 ,1.826506734,15035,
Congo,1993,6164, 0.812 ,1.851263881,15082,
Congo,1994,5876, 0.837 ,1.876356483,15929,
Congo,1995,5681, 0.865 ,1.901789308,16143,
Congo,1996,6459, 0.894 ,1.916609883,16058,
Congo,1997,6169, 0.932 ,1.931545973,16297,
Congo,1998,4913, 0.970 ,1.946598291,16859,
Congo,1999,6340, 1.006 ,1.961768031,17219,
Congo,2000,9097, 1.030 ,1.977056026,17810,
Congo,2001,8736, 1.053 ,1.984047413,18760,
Congo,2002,8703, 1.093 ,1.991063595,19791,
Congo,2003,9113, 1.129 ,1.998104453,21119,
Congo,2004,10984, 1.159 ,2.005170345,22864,
Congo,2005,15554, 1.190 ,2.012261152,25481,
Congo,2006,17263, 1.239 ,2.014558315,29535,
Congo,2007,14070, 1.296 ,2.016858339,39225,
Congo,2008,19737, 1.362 ,2.019160748,52800,
Congo,2009,15601, 1.409 ,2.021465778,73054,
Congo,2010,24714, 1.476 ,2.02377367,99944,
Congo,2011,30924, 1.545 ,2.026097775,119767,
Congo,2012,33997, 1.620 ,2.028429508,128397,
Congo,2013,32287, 1.668 ,2.030768394,124007,
Congo,2014,30741, 1.716 ,2.033114672,131630,
Congo,2015,22837, 1.768 ,2.035468578,138140,
Congo,2016,19768, 1.826 ,2.037829876,140002,
Congo,2017,20824, 1.887 ,2.040198565,136896,
Congo,2018,25831, 1.949 ,2.042574644,136912,
Congo,2019,25058, 2.015 ,2.044958591,137922,
Colombia,1950,40505, 3.345 ,1.445644617,192372,2323
Colombia,1951,41120, 3.409 ,1.45910418,199513,2312.280108
Colombia,1952,43875, 3.473 ,1.472689152,211367,2301.609684
Colombia,1953,47643, 3.539 ,1.486400604,225114,2290.988501
Colombia,1954,52188, 3.606 ,1.50023973,244350,2280.416332
Colombia,1955,54171, 3.678 ,1.514207602,263221,2269.892949
Colombia,1956,55390, 3.757 ,1.52740109,282173,2259.418129
Colombia,1957,55241, 3.837 ,1.540709615,288068,2248.991646
Colombia,1958,55161, 3.919 ,1.554134011,291251,2238.613278
Colombia,1959,58455, 4.003 ,1.567675352,308033,2228.282803
Colombia,1960,61971, 4.094 ,1.58133471,328872,2218
Colombia,1961,65937, 4.199 ,1.591345906,350056,2213.152604
Colombia,1962,69062, 4.307 ,1.601420403,369951,2208.315802
Colombia,1963,71112, 4.418 ,1.611558795,384410,2203.489571
Colombia,1964,77067, 4.531 ,1.621761203,407059,2198.673888
Colombia,1965,77276, 4.655 ,1.632028341,421091,2193.868729
Colombia,1966,81533, 4.816 ,1.642360449,435329,2189.074072
Colombia,1967,84640, 4.983 ,1.652757883,455948,2184.289893
Colombia,1968,90075, 5.155 ,1.66322124,480816,2179.51617
Colombia,1969,96193, 5.334 ,1.673750758,504288,2174.75288
Colombia,1970,103985, 5.535 ,1.684346914,532968,2170
Colombia,1971,115133, 5.718 ,1.697030425,560219,2160.289949
Colombia,1972,126567, 5.907 ,1.709648609,568646,2150.623347
Colombia,1973,140358, 6.103 ,1.719343185,569020,2141
Colombia,1974,151681, 6.305 ,1.729092717,573149,2131.297659
Colombia,1975,160806, 6.656 ,1.738897562,577145,2121.639287
Colombia,1976,171553, 6.876 ,1.748757958,575894,2112.024682
Colombia,1977,179799, 7.196 ,1.758674264,571009,2102.453649
Colombia,1978,193374, 7.400 ,1.768646836,570439,2092.925988
Colombia,1979,200345, 7.618 ,1.778675914,575740,2083.441504
Colombia,1980,209898, 7.781 ,1.788761973,590985,2074
Colombia,1981,211148, 8.138 ,1.801540017,621417,2063.223146
Colombia,1982,212126, 8.281 ,1.814409494,650520,2052.50229
Colombia,1983,211168, 8.293 ,1.827370882,672565,2041.837141
Colombia,1984,215570, 8.377 ,1.840424776,697230,2031.227411
Colombia,1985,215326, 8.606 ,1.853572011,720269,2020.67281
Colombia,1986,229038, 8.924 ,1.866813183,742273,2010.173053
Colombia,1987,231067, 9.392 ,1.880148888,761923,1999.727854
Colombia,1988,238497, 9.749 ,1.893579841,795236,1989.336931
Colombia,1989,244015, 10.221 ,1.907106757,820783,1979
Colombia,1990,252406, 10.505 ,1.920730352,838652,1969
Colombia,1991,253754, 11.194 ,1.943681359,859948,1958.974477
Colombia,1992,265917, 11.339 ,1.966906786,886298,1949
Colombia,1993,283950, 12.053 ,1.990409493,934238,1961.956931
Colombia,1994,299682, 12.521 ,2.014193296,982843,1975
Colombia,1995,313140, 13.095 ,2.038261175,1024834,1970.232767
Colombia,1996,314394, 13.300 ,2.062616587,1063032,1965.477041
Colombia,1997,322052, 13.577 ,2.087263107,1100313,1960.732795
Colombia,1998,315011, 13.600 ,2.112204075,1133493,1956
Colombia,1999,298356, 13.398 ,2.137443066,1129728,1956
Colombia,2000,307551, 14.237 ,2.162983656,1126998,1956
Colombia,2001,309163, 14.334 ,2.184311152,1144541,1956
Colombia,2002,313161, 14.682 ,2.205848932,1172264,2032.288624
Colombia,2003,324433, 15.246 ,2.227599144,1208787,2016.248737
Colombia,2004,340382, 15.829 ,2.249563932,1262051,2004.256361
Colombia,2005,363744, 16.476 ,2.271745205,1320331,2013.928661
Colombia,2006,398154, 17.057 ,2.294145107,1397465,2037.660282
Colombia,2007,438976, 17.973 ,2.316766024,1497224,2061.671549
Colombia,2008,482275, 18.255 ,2.339609861,1589459,2085.96576
Colombia,2009,491105, 18.430 ,2.362679005,1676823,2051.219176
Colombia,2010,540688, 18.891 ,2.385975599,1768258,2045.434612
Colombia,2011,603952, 19.498 ,2.410688162,1863411,2029.695623
Colombia,2012,630473, 19.976 ,2.435656786,1866711,2016.916065
Colombia,2013,643505, 20.319 ,2.460884333,1895717,2011.754856
Colombia,2014,661345, 20.399 ,2.486372709,1937367,2004.79306
Colombia,2015,655635, 21.104 ,2.512125254,1920123,1997.032511
Colombia,2016,653550, 21.187 ,2.538144827,1919862,1989.17897
Colombia,2017,656701, 21.278 ,2.562978029,1923646,1974.231456
Colombia,2018,684435, 21.398 ,2.580820322,1991620,1968.367262
Colombia,2019,707660, 21.200 ,2.598787069,2068072,1968.367262
Comoros,1950,,,,,
Comoros,1951,,,,,
Comoros,1952,,,,,
Comoros,1953,,,,,
Comoros,1954,,,,,
Comoros,1955,,,,,
Comoros,1956,,,,,
Comoros,1957,,,,,
Comoros,1958,,,,,
Comoros,1959,,,,,
Comoros,1960,364,,,1762,
Comoros,1961,392,,,1816,
Comoros,1962,471,,,1952,
Comoros,1963,512,,,2077,
Comoros,1964,580,,,2253,
Comoros,1965,607,,,2468,
Comoros,1966,675,,,2723,
Comoros,1967,749,,,2963,
Comoros,1968,714,,,3133,
Comoros,1969,700,,,3291,
Comoros,1970,804,,,3583,
Comoros,1971,839,,,3876,
Comoros,1972,858,,,4168,
Comoros,1973,920,,,4475,
Comoros,1974,948,,,4799,
Comoros,1975,1010,,,5137,
Comoros,1976,1011,,,5461,
Comoros,1977,1059,,,5815,
Comoros,1978,1081,,,6157,
Comoros,1979,1178,,,6567,
Comoros,1980,1313, 0.067 ,,7022,
Comoros,1981,1283, 0.069 ,,7446,
Comoros,1982,1378, 0.070 ,,7966,
Comoros,1983,1411, 0.072 ,,8391,
Comoros,1984,1637, 0.073 ,,8913,
Comoros,1985,1647, 0.075 ,,9409,
Comoros,1986,1823, 0.078 ,,9938,
Comoros,1987,1825, 0.080 ,,10419,
Comoros,1988,1782, 0.083 ,,10879,
Comoros,1989,1694, 0.087 ,,11180,
Comoros,1990,1670, 0.090 ,,11378,
Comoros,1991,1598, 0.093 ,,11501,
Comoros,1992,1692, 0.096 ,,11810,
Comoros,1993,1641, 0.099 ,,11930,
Comoros,1994,1500, 0.102 ,,12053,
Comoros,1995,1775, 0.105 ,,12170,
Comoros,1996,1725, 0.109 ,,12330,
Comoros,1997,1785, 0.112 ,,12419,
Comoros,1998,1636, 0.115 ,,12604,
Comoros,1999,1648, 0.119 ,,12680,
Comoros,2000,1601, 0.122 ,,12652,
Comoros,2001,1778, 0.125 ,,12749,
Comoros,2002,1819, 0.129 ,,12863,
Comoros,2003,1806, 0.132 ,,12869,
Comoros,2004,1788, 0.136 ,,12920,
Comoros,2005,2030, 0.140 ,,13058,
Comoros,2006,2010, 0.143 ,,12996,
Comoros,2007,1621, 0.147 ,,12531,
Comoros,2008,1751, 0.150 ,,12030,
Comoros,2009,1772, 0.154 ,,11459,
Comoros,2010,1726, 0.158 ,,10905,
Comoros,2011,1930, 0.161 ,,10540,
Comoros,2012,2144, 0.165 ,,10077,
Comoros,2013,2213, 0.169 ,,10922,
Comoros,2014,2282, 0.174 ,,10449,
Comoros,2015,2323, 0.179 ,,9212,
Comoros,2016,2459, 0.184 ,,10012,
Comoros,2017,2553, 0.190 ,,10902,
Comoros,2018,2648, 0.196 ,,11012,
Comoros,2019,2730, 0.201 ,,11196,
Cabo Verde,1950,,,,,
Cabo Verde,1951,,,,,
Cabo Verde,1952,,,,,
Cabo Verde,1953,,,,,
Cabo Verde,1954,,,,,
Cabo Verde,1955,,,,,
Cabo Verde,1956,,,,,
Cabo Verde,1957,,,,,
Cabo Verde,1958,,,,,
Cabo Verde,1959,,,,,
Cabo Verde,1960,247,,,1022,
Cabo Verde,1961,297,,,1126,
Cabo Verde,1962,253,,,1187,
Cabo Verde,1963,211,,,1207,
Cabo Verde,1964,228,,,1231,
Cabo Verde,1965,240,,,1269,
Cabo Verde,1966,300,,,1331,
Cabo Verde,1967,335,,,1373,
Cabo Verde,1968,372,,,1439,
Cabo Verde,1969,407,,,1546,
Cabo Verde,1970,460,,,1693,
Cabo Verde,1971,484,,,1832,
Cabo Verde,1972,495,,,1971,
Cabo Verde,1973,503,,,2105,
Cabo Verde,1974,515,,,2246,
Cabo Verde,1975,428,,,2340,
Cabo Verde,1976,436,,,2430,
Cabo Verde,1977,415,,,2519,
Cabo Verde,1978,455,,,2619,
Cabo Verde,1979,477,,,2726,
Cabo Verde,1980,517, 0.094 ,,2810,
Cabo Verde,1981,556, 0.095 ,,2953,
Cabo Verde,1982,595, 0.098 ,,3112,
Cabo Verde,1983,640, 0.100 ,,3250,
Cabo Verde,1984,612, 0.103 ,,3385,
Cabo Verde,1985,625, 0.104 ,,3543,
Cabo Verde,1986,708, 0.106 ,,3680,
Cabo Verde,1987,741, 0.107 ,,3823,
Cabo Verde,1988,758, 0.107 ,,3975,
Cabo Verde,1989,813, 0.108 ,,4131,
Cabo Verde,1990,795, 0.111 ,,4280,
Cabo Verde,1991,802, 0.113 ,,4416,
Cabo Verde,1992,878, 0.116 ,,4569,
Cabo Verde,1993,931, 0.119 ,,4779,
Cabo Verde,1994,1095, 0.123 ,,5070,
Cabo Verde,1995,1011, 0.126 ,,5319,
Cabo Verde,1996,1224, 0.129 ,,5630,
Cabo Verde,1997,1191, 0.132 ,,5878,
Cabo Verde,1998,1341, 0.135 ,,6122,
Cabo Verde,1999,1571, 0.138 ,,6449,
Cabo Verde,2000,1708, 0.142 ,,6690,
Cabo Verde,2001,1790, 0.146 ,,6994,
Cabo Verde,2002,1862, 0.149 ,,7428,
Cabo Verde,2003,1963, 0.153 ,,7829,
Cabo Verde,2004,2126, 0.156 ,,8420,
Cabo Verde,2005,2178, 0.160 ,,8939,
Cabo Verde,2006,2300, 0.163 ,,9666,
Cabo Verde,2007,2637, 0.167 ,,10844,
Cabo Verde,2008,2917, 0.170 ,,12105,
Cabo Verde,2009,2995, 0.174 ,,13231,
Cabo Verde,2010,3230, 0.177 ,,14568,
Cabo Verde,2011,3546, 0.182 ,,15716,
Cabo Verde,2012,3427, 0.186 ,,15164,
Cabo Verde,2013,3268, 0.190 ,,14738,
Cabo Verde,2014,3243, 0.194 ,,15110,
Cabo Verde,2015,3419, 0.197 ,,15553,
Cabo Verde,2016,3571, 0.201 ,,16397,
Cabo Verde,2017,3703, 0.204 ,,16465,
Cabo Verde,2018,3712, 0.208 ,,17294,
Cabo Verde,2019,3999, 0.212 ,,18063,
Costa Rica,1950,3369, 0.283 ,1.600823283,6187,
Costa Rica,1951,3495, 0.289 ,1.602663398,6368,
Costa Rica,1952,3954, 0.296 ,1.60450542,6699,
Costa Rica,1953,4730, 0.303 ,1.606349707,7052,
Costa Rica,1954,4930, 0.310 ,1.60819602,7347,
Costa Rica,1955,5374, 0.318 ,1.610044479,7707,
Costa Rica,1956,5230, 0.327 ,1.615920782,8118,
Costa Rica,1957,5608, 0.335 ,1.621818542,8582,
Costa Rica,1958,6306, 0.344 ,1.627737761,8908,
Costa Rica,1959,6354, 0.354 ,1.633678675,9442,
Costa Rica,1960,6889, 0.364 ,1.639641166,9883,
Costa Rica,1961,6772, 0.375 ,1.646567464,10371,
Costa Rica,1962,7226, 0.387 ,1.653522849,10968,
Costa Rica,1963,7673, 0.399 ,1.660507798,11551,
Costa Rica,1964,8092, 0.412 ,1.667522192,11968,
Costa Rica,1965,8951, 0.426 ,1.67456615,12678,
Costa Rica,1966,9476, 0.441 ,1.664423108,13395,
Costa Rica,1967,9927, 0.457 ,1.654341459,14158,
Costa Rica,1968,10562, 0.473 ,1.644320965,14845,
Costa Rica,1969,11168, 0.491 ,1.634361148,15727,
Costa Rica,1970,12167, 0.510 ,1.624461651,16821,
Costa Rica,1971,12777, 0.531 ,1.662910342,18079,
Costa Rica,1972,13638, 0.553 ,1.702269077,19362,
Costa Rica,1973,14590, 0.576 ,1.734273314,20641,
Costa Rica,1974,15060, 0.597 ,1.765123129,22053,
Costa Rica,1975,15600, 0.629 ,1.796521544,23373,
Costa Rica,1976,16839, 0.656 ,1.826508522,25090,
Costa Rica,1977,18767, 0.690 ,1.85699594,27118,
Costa Rica,1978,19744, 0.715 ,1.887992263,29174,
Costa Rica,1979,20688, 0.736 ,1.919505954,31665,
Costa Rica,1980,20820, 0.755 ,1.951545715,33507,
Costa Rica,1981,20625, 0.755 ,1.980352998,34884,
Costa Rica,1982,19279, 0.775 ,2.009585619,35281,
Costa Rica,1983,19504, 0.815 ,2.039249659,35569,
Costa Rica,1984,20974, 0.861 ,2.069351673,36602,
Costa Rica,1985,21324, 0.893 ,2.099897861,37775,
Costa Rica,1986,23604, 0.926 ,2.129098654,39162,
Costa Rica,1987,23636, 0.967 ,2.158705473,40830,2371.744632
Costa Rica,1988,24281, 0.998 ,2.188724041,42367,2351.56558
Costa Rica,1989,25843, 1.062 ,2.21916008,44351,2313.102772
Costa Rica,1990,26685, 1.085 ,2.250019312,46816,2363.539462
Costa Rica,1991,27175, 1.106 ,2.270538807,48357,2278.258794
Costa Rica,1992,30037, 1.157 ,2.291245461,50928,2364.548936
Costa Rica,1993,32134, 1.196 ,2.312140942,54262,2352.41834
Costa Rica,1994,33639, 1.236 ,2.333227158,57769,2376.106709
Costa Rica,1995,34975, 1.266 ,2.354505301,61249,2350.71301
Costa Rica,1996,34393, 1.298 ,2.368276119,64169,2392.572118
Costa Rica,1997,35943, 1.350 ,2.382127285,68299,2371.212283
Costa Rica,1998,39532, 1.397 ,2.396059752,74371,2362.283653
Costa Rica,1999,39909, 1.437 ,2.410073519,79765,2376.173399
Costa Rica,2000,41665, 1.494 ,2.424169064,84650,2367.584394
Costa Rica,2001,43516, 1.525 ,2.448333025,90234,2335.043294
Costa Rica,2002,43846, 1.565 ,2.472737551,96438,2362.696094
Costa Rica,2003,45280, 1.605 ,2.497385502,103352,2356.13489
Costa Rica,2004,47385, 1.655 ,2.522279263,110406,2375.402211
Costa Rica,2005,50877, 1.702 ,2.547420979,118163,2357.846397
Costa Rica,2006,51939, 1.764 ,2.541922569,126969,2365.613071
Costa Rica,2007,55013, 1.843 ,2.536435843,138020,2392.574753
Costa Rica,2008,58260, 1.889 ,2.530961037,150910,2397.883377
Costa Rica,2009,61674, 1.882 ,2.525498152,160962,2354.243106
Costa Rica,2010,62831, 1.941 ,2.520046949,170761,2249.265979
Costa Rica,2011,66767, 1.980 ,2.545922041,179937,2289.887566
Costa Rica,2012,70762, 1.971 ,2.568109274,187376,2242.599315
Costa Rica,2013,69764, 2.032 ,2.585832596,192291,2156.557737
Costa Rica,2014,73967, 2.068 ,2.603678465,197018,2135.533113
Costa Rica,2015,79183, 2.107 ,2.621647358,200921,2156.910504
Costa Rica,2016,84422, 2.146 ,2.639740229,204585,2212.38372
Costa Rica,2017,89732, 2.193 ,2.657958031,203055,2185.282478
Costa Rica,2018,91075, 2.196 ,2.676301718,210749,2127.988446
Costa Rica,2019,93492, 2.256 ,2.694771767,217205,2069.245457
Curaçao,1950,,,,,
Curaçao,1951,,,,,
Curaçao,1952,,,,,
Curaçao,1953,,,,,
Curaçao,1954,,,,,
Curaçao,1955,,,,,
Curaçao,1956,,,,,
Curaçao,1957,,,,,
Curaçao,1958,,,,,
Curaçao,1959,,,,,
Curaçao,1960,,,,,
Curaçao,1961,,,,,
Curaçao,1962,,,,,
Curaçao,1963,,,,,
Curaçao,1964,,,,,
Curaçao,1965,,,,,
Curaçao,1966,,,,,
Curaçao,1967,,,,,
Curaçao,1968,,,,,
Curaçao,1969,,,,,
Curaçao,1970,,,,,
Curaçao,1971,,,,,
Curaçao,1972,,,,,
Curaçao,1973,,,,,
Curaçao,1974,,,,,
Curaçao,1975,,,,,
Curaçao,1976,,,,,
Curaçao,1977,,,,,
Curaçao,1978,,,,,
Curaçao,1979,,,,,
Curaçao,1980,,,,,
Curaçao,1981,,,,,
Curaçao,1982,,,,,
Curaçao,1983,,,,,
Curaçao,1984,,,,,
Curaçao,1985,,,,,
Curaçao,1986,,,,,
Curaçao,1987,,,,,
Curaçao,1988,,,,,
Curaçao,1989,,,,,
Curaçao,1990,,,,,
Curaçao,1991,,,,,
Curaçao,1992,,,,,
Curaçao,1993,,,,,
Curaçao,1994,,,,,
Curaçao,1995,,,,,
Curaçao,1996,,,,,
Curaçao,1997,,,,,
Curaçao,1998,,,,,
Curaçao,1999,,,,,
Curaçao,2000,,,,,
Curaçao,2001,,,,,
Curaçao,2002,,,,,
Curaçao,2003,,,,,
Curaçao,2004,,,,,
Curaçao,2005,3869,,,,
Curaçao,2006,4031,,,,
Curaçao,2007,3960,,,,
Curaçao,2008,4091,,,,
Curaçao,2009,3685,,,,
Curaçao,2010,3787, 0.061 ,,,
Curaçao,2011,3892, 0.062 ,,,
Curaçao,2012,3855, 0.063 ,,,
Curaçao,2013,3821, 0.064 ,,,
Curaçao,2014,3778, 0.059 ,,,
Curaçao,2015,3783, 0.062 ,,,
Curaçao,2016,3717, 0.062 ,,,
Curaçao,2017,3577, 0.061 ,,,
Curaçao,2018,3487, 0.061 ,,,
Curaçao,2019,3458, 0.061 ,,,
Cayman Islands,1950,,,,,
Cayman Islands,1951,,,,,
Cayman Islands,1952,,,,,
Cayman Islands,1953,,,,,
Cayman Islands,1954,,,,,
Cayman Islands,1955,,,,,
Cayman Islands,1956,,,,,
Cayman Islands,1957,,,,,
Cayman Islands,1958,,,,,
Cayman Islands,1959,,,,,
Cayman Islands,1960,,,,,
Cayman Islands,1961,,,,,
Cayman Islands,1962,,,,,
Cayman Islands,1963,,,,,
Cayman Islands,1964,,,,,
Cayman Islands,1965,,,,,
Cayman Islands,1966,,,,,
Cayman Islands,1967,,,,,
Cayman Islands,1968,,,,,
Cayman Islands,1969,,,,,
Cayman Islands,1970,339,,,430,
Cayman Islands,1971,350,,,478,
Cayman Islands,1972,378,,,530,
Cayman Islands,1973,433,,,591,
Cayman Islands,1974,476,,,660,
Cayman Islands,1975,523,,,734,
Cayman Islands,1976,574,,,814,
Cayman Islands,1977,631,,,902,
Cayman Islands,1978,693,,,998,
Cayman Islands,1979,763,,,1109,
Cayman Islands,1980,837,,,1227,
Cayman Islands,1981,921,,,1362,
Cayman Islands,1982,1012,,,1505,
Cayman Islands,1983,1141,,,1658,
Cayman Islands,1984,1240,,,1852,
Cayman Islands,1985,1076,,,2002,
Cayman Islands,1986,1210,,,2194,
Cayman Islands,1987,1448,,,2391,
Cayman Islands,1988,1591,,,2669,
Cayman Islands,1989,1776,,,2944,
Cayman Islands,1990,2373,,,3208,
Cayman Islands,1991,2283, 0.017 ,,3470,
Cayman Islands,1992,2159, 0.017 ,,3752,
Cayman Islands,1993,2513, 0.018 ,,4047,
Cayman Islands,1994,2367, 0.018 ,,4353,
Cayman Islands,1995,2457, 0.021 ,,4667,
Cayman Islands,1996,2455, 0.021 ,,4998,
Cayman Islands,1997,2849, 0.023 ,,5355,
Cayman Islands,1998,3244, 0.024 ,,5866,
Cayman Islands,1999,3267, 0.025 ,,6362,
Cayman Islands,2000,3529, 0.027 ,,6829,
Cayman Islands,2001,3484, 0.028 ,,7308,
Cayman Islands,2002,3485, 0.030 ,,7805,
Cayman Islands,2003,3714, 0.032 ,,8332,
Cayman Islands,2004,3593, 0.032 ,,8879,
Cayman Islands,2005,4170, 0.032 ,,9493,
Cayman Islands,2006,4561, 0.033 ,,10099,
Cayman Islands,2007,4770, 0.034 ,,10690,
Cayman Islands,2008,4722, 0.035 ,,11281,
Cayman Islands,2009,4127, 0.036 ,,11766,
Cayman Islands,2010,3777, 0.037 ,,12200,
Cayman Islands,2011,3858, 0.037 ,,12599,
Cayman Islands,2012,3725, 0.040 ,,12765,
Cayman Islands,2013,3659, 0.040 ,,12842,
Cayman Islands,2014,3767, 0.041 ,,12922,
Cayman Islands,2015,3995, 0.043 ,,13053,
Cayman Islands,2016,3444, 0.043 ,,12905,
Cayman Islands,2017,4270, 0.044 ,,13144,
Cayman Islands,2018,3970, 0.045 ,,13646,
Cayman Islands,2019,4004, 0.045 ,,14250,
Cyprus,1950,1605, 0.124 ,1.523304701,13325,
Cyprus,1951,1693, 0.125 ,1.548522353,13687,
Cyprus,1952,1878, 0.126 ,1.574157476,14138,
Cyprus,1953,2112, 0.127 ,1.600217104,14729,
Cyprus,1954,2369, 0.128 ,1.626708031,15758,
Cyprus,1955,2443, 0.129 ,1.653637528,16909,
Cyprus,1956,2720, 0.130 ,1.683791399,18051,
Cyprus,1957,2754, 0.132 ,1.713178873,19066,
Cyprus,1958,2418, 0.134 ,1.736672759,19361,
Cyprus,1959,2564, 0.135 ,1.760488749,19812,
Cyprus,1960,2434, 0.136 ,1.784631371,19953,
Cyprus,1961,2744, 0.138 ,1.802437425,20449,
Cyprus,1962,3222, 0.138 ,1.8204211,21562,
Cyprus,1963,3265, 0.140 ,1.838584185,22475,
Cyprus,1964,2798, 0.141 ,1.856928587,22856,
Cyprus,1965,3593, 0.143 ,1.875455976,23710,
Cyprus,1966,3761, 0.144 ,1.894168258,24621,
Cyprus,1967,4186, 0.146 ,1.913067222,25752,
Cyprus,1968,4334, 0.147 ,1.932154775,26864,
Cyprus,1969,4939, 0.149 ,1.951432705,28458,
Cyprus,1970,5113, 0.151 ,1.970903039,29934,
Cyprus,1971,5608, 0.155 ,1.985480547,31553,
Cyprus,1972,5885, 0.158 ,2.000165939,33248,
Cyprus,1973,5829, 0.162 ,2.014959812,35030,
Cyprus,1974,4477, 0.134 ,2.029863358,35673,
Cyprus,1975,3559, 0.131 ,2.044877052,35461,
Cyprus,1976,4482, 0.131 ,2.060001612,35476,
Cyprus,1977,5647, 0.146 ,2.075238228,36796,
Cyprus,1978,6278, 0.152 ,2.090587378,38695,
Cyprus,1979,7219, 0.159 ,2.106050253,41217,
Cyprus,1980,7737, 0.167 ,2.121627331,43770,
Cyprus,1981,7795, 0.171 ,2.139385462,46156,
Cyprus,1982,8390, 0.175 ,2.157291889,48497,
Cyprus,1983,8814, 0.179 ,2.175348282,50295,
Cyprus,1984,9844, 0.186 ,2.193555832,53013,
Cyprus,1985,9666, 0.193 ,2.21191597,55146,
Cyprus,1986,9843, 0.196 ,2.230429649,56748,
Cyprus,1987,10624, 0.201 ,2.249098063,58540,
Cyprus,1988,11254, 0.212 ,2.267923117,61008,
Cyprus,1989,12553, 0.220 ,2.286905527,64324,
Cyprus,1990,13057, 0.227 ,2.306046724,66974,
Cyprus,1991,12795, 0.228 ,2.329377174,69183,
Cyprus,1992,13630, 0.238 ,2.35294342,72620,
Cyprus,1993,13552, 0.238 ,2.376748085,75013,
Cyprus,1994,14301, 0.242 ,2.400793552,77056,
Cyprus,1995,15180, 0.252 ,2.425082445,79021,1899.56748
Cyprus,1996,15055, 0.253 ,2.449617147,80794,1898.534503
Cyprus,1997,15594, 0.255 ,2.474399805,82859,1906.277353
Cyprus,1998,15481, 0.259 ,2.499433279,84380,1912.541938
Cyprus,1999,16684, 0.263 ,2.524719954,86455,1919.709986
Cyprus,2000,19121, 0.268 ,2.55026269,87543,1926.391536
Cyprus,2001,19665, 0.274 ,2.569844723,89320,1950.894051
Cyprus,2002,19093, 0.279 ,2.586360693,87515,1923.207432
Cyprus,2003,18078, 0.289 ,2.602983236,81608,1916.041869
Cyprus,2004,18466, 0.301 ,2.619712353,88973,1878.575267
Cyprus,2005,21365, 0.312 ,2.636548996,97478,1847.303935
Cyprus,2006,22115, 0.318 ,2.653493881,110770,1832.921634
Cyprus,2007,23687, 0.332 ,2.670547724,122838,1862.06065
Cyprus,2008,25493, 0.343 ,2.687711,136404,1867.718272
Cyprus,2009,25697, 0.344 ,2.704984903,144122,1847.103855
Cyprus,2010,26423, 0.346 ,2.722369432,162018,1844.996799
Cyprus,2011,26345, 0.347 ,2.742017269,159995,1847.274468
Cyprus,2012,27058, 0.334 ,2.761806965,171762,1845.268705
Cyprus,2013,24262, 0.316 ,2.781739473,177744,1810.279089
Cyprus,2014,22667, 0.309 ,2.801815748,168991,1815.434358
Cyprus,2015,23930, 0.314 ,2.822036982,181331,1824.330841
Cyprus,2016,26194, 0.329 ,2.842404366,185084,1839.67539
Cyprus,2017,26716, 0.344 ,2.862918377,189673,1821.482647
Cyprus,2018,26907, 0.357 ,2.883580685,192596,1809.583284
Cyprus,2019,28054, 0.367 ,2.904392004,195446,1805.239785
Czech Republic,1950,,,,,
Czech Republic,1951,,,,,
Czech Republic,1952,,,,,
Czech Republic,1953,,,,,
Czech Republic,1954,,,,,
Czech Republic,1955,,,,,
Czech Republic,1956,,,,,
Czech Republic,1957,,,,,
Czech Republic,1958,,,,,
Czech Republic,1959,,,,,
Czech Republic,1960,,,,,
Czech Republic,1961,,,,,
Czech Republic,1962,,,,,
Czech Republic,1963,,,,,
Czech Republic,1964,,,,,
Czech Republic,1965,,,,,
Czech Republic,1966,,,,,
Czech Republic,1967,,,,,
Czech Republic,1968,,,,,
Czech Republic,1969,,,,,
Czech Republic,1970,,,,,
Czech Republic,1971,,,,,
Czech Republic,1972,,,,,
Czech Republic,1973,,,,,
Czech Republic,1974,,,,,
Czech Republic,1975,,,,,
Czech Republic,1976,,,,,
Czech Republic,1977,,,,,
Czech Republic,1978,,,,,
Czech Republic,1979,,,,,
Czech Republic,1980,,,,,
Czech Republic,1981,,,,,
Czech Republic,1982,,,,,
Czech Republic,1983,,,,,
Czech Republic,1984,,,,,
Czech Republic,1985,,,,,
Czech Republic,1986,,,,,
Czech Republic,1987,,,,,
Czech Republic,1988,,,,,
Czech Republic,1989,,,,,
Czech Republic,1990,250626, 5.414 ,3.114391804,1092141,
Czech Republic,1991,211436, 5.266 ,3.165006638,1092488,
Czech Republic,1992,209714, 5.060 ,3.216443539,1170655,
Czech Republic,1993,212731, 5.044 ,3.268716812,1283282,1856.903592
Czech Republic,1994,224293, 5.098 ,3.321839333,1391261,1838.904586
Czech Republic,1995,232851, 5.133 ,3.375825405,1416321,1857.902592
Czech Republic,1996,243425, 5.161 ,3.414501905,1448728,1852.57746
Czech Republic,1997,234766, 5.125 ,3.453621149,1396850,1857.76228
Czech Republic,1998,225792, 5.033 ,3.493188858,1355395,1877.418279
Czech Republic,1999,224739, 4.922 ,3.533209801,1313617,1893.534706
Czech Republic,2000,231523, 4.887 ,3.573689222,1291099,1895.562155
Czech Republic,2001,242380, 4.883 ,3.582052469,1281624,1818.315695
Czech Republic,2002,238087, 4.915 ,3.590435266,1262344,1816.570189
Czech Republic,2003,249011, 4.871 ,3.598837614,1318750,1806.223982
Czech Republic,2004,256095, 4.860 ,3.60725975,1329179,1817.061064
Czech Republic,2005,279153, 4.957 ,3.615701437,1350191,1816.988242
Czech Republic,2006,285494, 5.030 ,3.619832277,1472608,1799.166764
Czech Republic,2007,310792, 5.134 ,3.623967886,1577415,1784.364459
Czech Republic,2008,327105, 5.237 ,3.628108501,1720896,1789.540514
Czech Republic,2009,314230, 5.144 ,3.632253408,1780355,1778.766952
Czech Republic,2010,318897, 5.099 ,3.636403322,1715475,1799.500518
Czech Republic,2011,328852, 5.089 ,3.64057374,1875168,1805.623344
Czech Republic,2012,327438, 5.110 ,3.64475441,1931983,1776.124369
Czech Republic,2013,323382, 5.128 ,3.648944855,1941344,1763.004804
Czech Republic,2014,338200, 5.153 ,3.65314579,1980104,1776.737581
Czech Republic,2015,347159, 5.221 ,3.657356977,1976403,1756.160952
Czech Republic,2016,355308, 5.303 ,3.661578178,2064920,1778.52554
Czech Republic,2017,378600, 5.382 ,3.665810108,2053145,1784.371195
Czech Republic,2018,391695, 5.449 ,3.670051813,2081672,1786.68911
Czech Republic,2019,401072, 5.481 ,3.674304247,2112987,1787.543402
Germany,1950,359302, 30.856 ,2.426997185,1538636,2428.279448
Germany,1951,397637, 31.437 ,2.469304085,1643601,2402.437049
Germany,1952,434206, 32.024 ,2.512348175,1771959,2376.869672
Germany,1953,471546, 32.836 ,2.556143045,1897288,2351.57439
Germany,1954,512388, 33.836 ,2.587325811,2045487,2326.548306
Germany,1955,583818, 34.945 ,2.617605448,2251933,2301.788558
Germany,1956,629114, 35.662 ,2.61976862,2458419,2277.292308
Germany,1957,664997, 36.335 ,2.62193346,2656654,2253.056755
Germany,1958,687191, 36.615 ,2.624100208,2849990,2229.079123
Germany,1959,745472, 36.986 ,2.626268625,3083932,2205.356667
Germany,1960,816786, 37.446 ,2.62843895,3370310,2181.886672
Germany,1961,849921, 37.826 ,2.655714035,3652228,2155.259848
Germany,1962,881026, 37.926 ,2.683272123,3937262,2118.143669
Germany,1963,901191, 37.975 ,2.711116076,4202909,2087.684196
Germany,1964,968410, 38.026 ,2.739248991,4513018,2099.182143
Germany,1965,1017249, 38.166 ,2.767673969,4835929,2084.960998
Germany,1966,1045584, 38.081 ,2.796393871,5130896,2058.636752
Germany,1967,1037977, 37.351 ,2.825411558,5355003,2020.915418
Germany,1968,1098684, 37.485 ,2.854730606,5620836,2008.40888
Germany,1969,1181870, 37.873 ,2.884353876,5944163,1988.64048
Germany,1970,1239867, 38.096 ,2.914284468,6332789,1973.209025
Germany,1971,1278897, 38.067 ,2.939688444,6534339,1941.236665
Germany,1972,1340240, 38.078 ,2.965313673,6482682,1916.122729
Germany,1973,1414862, 38.331 ,2.991162539,6344135,1885.562397
Germany,1974,1438005, 38.035 ,3.017236471,6237017,1852.278867
Germany,1975,1437515, 37.435 ,3.043537855,6272469,1812.540349
Germany,1976,1515613, 37.521 ,3.070068359,6446552,1824.946029
Germany,1977,1572340, 37.631 ,3.09683013,6678729,1806.88719
Germany,1978,1626622, 37.921 ,3.123825312,6927019,1787.825081
Germany,1979,1701694, 38.397 ,3.151055813,7199955,1775.785855
Germany,1980,1725220, 38.705 ,3.17852354,7419949,1756.723747
Germany,1981,1689161, 38.621 ,3.202843189,7514233,1734.651833
Germany,1982,1650757, 38.310 ,3.227349043,7444911,1723.615875
Germany,1983,1650723, 38.030 ,3.252042294,7324781,1710.57338
Germany,1984,1666048, 38.226 ,3.276924372,7266572,1699.537423
Germany,1985,1668139, 38.573 ,3.301996708,7341513,1676.46224
Germany,1986,1800300, 39.016 ,3.327261209,7528734,1657.400132
Germany,1987,1879878, 39.356 ,3.35271883,7776826,1634.324948
Germany,1988,1979925, 39.598 ,3.378371477,8115495,1629.308604
Germany,1989,2064584, 39.832 ,3.404220104,8541500,1606.233421
Germany,1990,2221450, 39.548 ,3.430266619,9037278,1583.158237
Germany,1991,2344616, 38.643 ,3.443635225,9599782,1554.063441
Germany,1992,2428830, 38.071 ,3.457055569,10178882,1565.093848
Germany,1993,2454800, 37.548 ,3.470528126,10686260,1540.184349
Germany,1994,2551067, 37.622 ,3.484053373,11144825,1536.576995
Germany,1995,2642740, 37.816 ,3.49763155,11489487,1530.571474
Germany,1996,2678940, 37.807 ,3.511262178,11756135,1516.751189
Germany,1997,2767330, 37.770 ,3.524946213,11598417,1507.67613
Germany,1998,2862586, 38.218 ,3.538683653,11466787,1504.559034
Germany,1999,2978213, 38.807 ,3.552474499,11298718,1491.513292
Germany,2000,3035472, 39.603 ,3.566318989,11159206,1465.937805
Germany,2001,3076616, 39.451 ,3.574926376,10977366,1458.165032
Germany,2002,3065723, 39.234 ,3.583554506,10721438,1448.923511
Germany,2003,3140564, 38.825 ,3.592203379,10983600,1443.408008
Germany,2004,3231047, 38.973 ,3.600873232,11230304,1442.584218
Germany,2005,3391867, 38.924 ,3.609564066,11485836,1432.423495
Germany,2006,3470312, 39.186 ,3.618275642,12392154,1453.188534
Germany,2007,3665399, 39.814 ,3.627008438,13264774,1454.087207
Germany,2008,3750631, 40.345 ,3.635762215,14136853,1447.328469
Germany,2009,3498118, 40.429 ,3.64453721,14736058,1405.055864
Germany,2010,3672402, 40.632 ,3.653333187,15333157,1425.745469
Germany,2011,3861188, 41.225 ,3.655776262,15976713,1426.896784
Germany,2012,3830993, 41.678 ,3.65822053,16828486,1407.982103
Germany,2013,3839728, 41.996 ,3.660666704,17598588,1396.458087
Germany,2014,3973958, 42.331 ,3.663114548,18351772,1400.411975
Germany,2015,3931077, 42.536 ,3.66556406,18590536,1400.793099
Germany,2016,4048523, 42.927 ,3.668015003,18847752,1394.754324
Germany,2017,4236519, 43.593 ,3.670467615,19098608,1391.339722
Germany,2018,4263031, 44.306 ,3.672922134,19315682,1389.931779
Germany,2019,4275312, 44.795 ,3.675377846,19606062,1386.196834
Djibouti,1950,,,,,
Djibouti,1951,,,,,
Djibouti,1952,,,,,
Djibouti,1953,,,,,
Djibouti,1954,,,,,
Djibouti,1955,,,,,
Djibouti,1956,,,,,
Djibouti,1957,,,,,
Djibouti,1958,,,,,
Djibouti,1959,,,,,
Djibouti,1960,,,,,
Djibouti,1961,,,,,
Djibouti,1962,,,,,
Djibouti,1963,,,,,
Djibouti,1964,,,,,
Djibouti,1965,,,,,
Djibouti,1966,,,,,
Djibouti,1967,,,,,
Djibouti,1968,,,,,
Djibouti,1969,,,,,
Djibouti,1970,1460,,,517,
Djibouti,1971,1548,,,535,
Djibouti,1972,1611,,,553,
Djibouti,1973,1679,,,574,
Djibouti,1974,1613,,,592,
Djibouti,1975,1841,,,612,
Djibouti,1976,1923,,,646,
Djibouti,1977,1698,,,660,
Djibouti,1978,1764,,,671,
Djibouti,1979,1755,,,701,
Djibouti,1980,1833, 0.106 ,,737,
Djibouti,1981,1856, 0.111 ,,775,
Djibouti,1982,1985, 0.115 ,,878,
Djibouti,1983,1993, 0.118 ,,978,
Djibouti,1984,1975, 0.122 ,,1077,
Djibouti,1985,1826, 0.128 ,,1158,
Djibouti,1986,1766, 0.138 ,,1194,
Djibouti,1987,1793, 0.150 ,,1244,
Djibouti,1988,1823, 0.163 ,,1307,
Djibouti,1989,1727, 0.175 ,,1355,
Djibouti,1990,1666, 0.184 ,,1404,
Djibouti,1991,1577, 0.188 ,,1491,
Djibouti,1992,1944, 0.192 ,,1595,
Djibouti,1993,2490, 0.194 ,,1716,
Djibouti,1994,1726, 0.196 ,,1815,
Djibouti,1995,2106, 0.200 ,,1890,
Djibouti,1996,1825, 0.206 ,,1953,
Djibouti,1997,1974, 0.213 ,,2047,
Djibouti,1998,1944, 0.220 ,,2164,
Djibouti,1999,2060, 0.228 ,,2158,
Djibouti,2000,2084, 0.235 ,,2172,
Djibouti,2001,2078, 0.241 ,,2218,
Djibouti,2002,2016, 0.246 ,,2344,
Djibouti,2003,2192, 0.252 ,,2615,
Djibouti,2004,2267, 0.258 ,,2842,
Djibouti,2005,2421, 0.264 ,,3217,
Djibouti,2006,2922, 0.272 ,,4041,
Djibouti,2007,3086, 0.281 ,,5114,
Djibouti,2008,3479, 0.291 ,,6407,
Djibouti,2009,2892, 0.299 ,,7908,
Djibouti,2010,2566, 0.308 ,,9182,
Djibouti,2011,3405, 0.315 ,,10430,
Djibouti,2012,3686, 0.322 ,,11550,
Djibouti,2013,3718, 0.328 ,,7996,
Djibouti,2014,3983, 0.336 ,,8380,
Djibouti,2015,4343, 0.343 ,,9101,
Djibouti,2016,4321, 0.350 ,,9033,
Djibouti,2017,4092, 0.357 ,,9334,
Djibouti,2018,5741, 0.365 ,,10161,
Djibouti,2019,5970, 0.372 ,,10992,
Dominica,1950,,,,,
Dominica,1951,,,,,
Dominica,1952,,,,,
Dominica,1953,,,,,
Dominica,1954,,,,,
Dominica,1955,,,,,
Dominica,1956,,,,,
Dominica,1957,,,,,
Dominica,1958,,,,,
Dominica,1959,,,,,
Dominica,1960,,,,,
Dominica,1961,,,,,
Dominica,1962,,,,,
Dominica,1963,,,,,
Dominica,1964,,,,,
Dominica,1965,,,,,
Dominica,1966,,,,,
Dominica,1967,,,,,
Dominica,1968,,,,,
Dominica,1969,,,,,
Dominica,1970,343,,,137,
Dominica,1971,371,,,163,
Dominica,1972,396,,,178,
Dominica,1973,426,,,183,
Dominica,1974,396,,,179,
Dominica,1975,418,,,185,
Dominica,1976,438,,,188,
Dominica,1977,436,,,193,
Dominica,1978,491,,,200,
Dominica,1979,421,,,205,
Dominica,1980,458,,,231,
Dominica,1981,521,,,247,
Dominica,1982,546,,,260,
Dominica,1983,561,,,269,
Dominica,1984,578,,,288,
Dominica,1985,540,,,298,
Dominica,1986,580,,,302,
Dominica,1987,619,,,307,
Dominica,1988,647,,,327,
Dominica,1989,639, 0.024 ,,361,
Dominica,1990,678, 0.024 ,,401,
Dominica,1991,657, 0.024 ,,425,
Dominica,1992,693, 0.024 ,,429,
Dominica,1993,707, 0.024 ,,430,
Dominica,1994,684, 0.024 ,,433,
Dominica,1995,724, 0.025 ,,451,
Dominica,1996,776, 0.025 ,,463,
Dominica,1997,707, 0.025 ,,480,
Dominica,1998,620, 0.025 ,,488,
Dominica,1999,613, 0.025 ,,507,
Dominica,2000,652, 0.025 ,,536,
Dominica,2001,536, 0.025 ,,562,
Dominica,2002,518,,,587,
Dominica,2003,530,,,635,
Dominica,2004,523,,,710,
Dominica,2005,568,,,822,
Dominica,2006,582,,,971,
Dominica,2007,628,,,1173,
Dominica,2008,718,,,1461,
Dominica,2009,630,,,1800,
Dominica,2010,711,,,2135,
Dominica,2011,682,,,2306,
Dominica,2012,736,,,2273,
Dominica,2013,714,,,2218,
Dominica,2014,747,,,2226,
Dominica,2015,721,,,2250,
Dominica,2016,773,,,2250,
Dominica,2017,723,,,2314,
Dominica,2018,706,,,2503,
Dominica,2019,742,,,2592,
Denmark,1950,45010, 1.974 ,2.842176199,164647,2049.513862
Denmark,1951,44231, 1.997 ,2.76105547,166545,2035.059061
Denmark,1952,45167, 1.978 ,2.682250023,168575,2020.706208
Denmark,1953,48025, 2.022 ,2.605693817,172765,2006.454582
Denmark,1954,49626, 2.039 ,2.517530441,177509,1992.30347
Denmark,1955,49441, 2.033 ,2.411547661,180361,1978.252163
Denmark,1956,50474, 2.022 ,2.443898201,184960,1964.299956
Denmark,1957,53023, 2.026 ,2.476682901,190465,1950.446152
Denmark,1958,54032, 2.033 ,2.509907246,194510,1936.690056
Denmark,1959,58539, 2.073 ,2.543577433,203576,1923.030979
Denmark,1960,62190, 2.112 ,2.571896791,214827,1909.468236
Denmark,1961,66130, 2.142 ,2.589850664,226366,1921.411191
Denmark,1962,69307, 2.175 ,2.607929945,239678,1933.428843
Denmark,1963,70440, 2.202 ,2.626135349,249805,1945.521661
Denmark,1964,76187, 2.247 ,2.644467831,265290,1957.690115
Denmark,1965,79516, 2.288 ,2.662928343,281997,1969.934678
Denmark,1966,81621, 2.328 ,2.681517601,297087,1982.255825
Denmark,1967,86031, 2.328 ,2.700236797,312811,1953.661828
Denmark,1968,90940, 2.345 ,2.719086409,329569,1909.191831
Denmark,1969,96765, 2.391 ,2.738067865,350238,1869.701835
Denmark,1970,98012, 2.423 ,2.757181644,372146,1845.349837
Denmark,1971,100734, 2.417 ,2.775222301,392399,1809.73684
Denmark,1972,104951, 2.466 ,2.793380976,415167,1751.847845
Denmark,1973,108960, 2.495 ,2.811658382,439514,1709.508849
Denmark,1974,107305, 2.475 ,2.830055475,460552,1691.491851
Denmark,1975,105589, 2.446 ,2.848572731,476687,1616.507857
Denmark,1976,111504, 2.490 ,2.867211342,492330,1623.538309
Denmark,1977,114321, 2.485 ,2.885971785,502194,1598.426822
Denmark,1978,117542, 2.504 ,2.904855251,507852,1575.15552
Denmark,1979,122232, 2.531 ,2.92386198,512804,1563.842815
Denmark,1980,122871, 2.516 ,2.942993164,512183,1577.43595
Denmark,1981,118542, 2.478 ,2.958743095,503359,1546.395854
Denmark,1982,120455, 2.490 ,2.97457695,490928,1552.843276
Denmark,1983,121520, 2.491 ,2.990495682,476436,1545.957729
Denmark,1984,124053, 2.527 ,3.006499529,470373,1540.836859
Denmark,1985,125943, 2.584 ,3.022589207,477354,1527.466411
Denmark,1986,135212, 2.644 ,3.038764954,495708,1530.951121
Denmark,1987,138454, 2.661 ,3.055027246,516355,1493.026518
Denmark,1988,138434, 2.650 ,3.071376324,537783,1471.169688
Denmark,1989,139261, 2.644 ,3.087813139,562961,1454.950439
Denmark,1990,143015, 2.634 ,3.104337931,587138,1440.499755
Denmark,1991,143544, 2.609 ,3.12348175,611133,1437.311293
Denmark,1992,149179, 2.588 ,3.142743587,634059,1452.366597
Denmark,1993,148058, 2.546 ,3.162124395,653864,1448.919176
Denmark,1994,154710, 2.598 ,3.181624651,673275,1406.661864
Denmark,1995,159860, 2.612 ,3.201244831,691007,1419.143422
Denmark,1996,165846, 2.634 ,3.220986605,703727,1412.263976
Denmark,1997,174631, 2.671 ,3.240849733,699358,1428.089455
Denmark,1998,180018, 2.710 ,3.260835648,695287,1441.134979
Denmark,1999,188659, 2.735 ,3.280944347,686914,1456.497256
Denmark,2000,199782, 2.756 ,3.301177502,682733,1465.937245
Denmark,2001,199670, 2.782 ,3.314718723,695044,1468.677111
Denmark,2002,199139, 2.783 ,3.328315735,682321,1462.584584
Denmark,2003,202979, 2.757 ,3.341968536,700790,1457.829011
Denmark,2004,213717, 2.743 ,3.355677128,731272,1458.075543
Denmark,2005,233304, 2.784 ,3.369441986,748700,1451.363917
Denmark,2006,242721, 2.850 ,3.383263588,829215,1455.701807
Denmark,2007,249906, 2.917 ,3.397141695,864096,1432.769768
Denmark,2008,265509, 2.949 ,3.411076784,987240,1430.0546
Denmark,2009,254246, 2.856 ,3.425069094,1057899,1417.028395
Denmark,2010,271410, 2.791 ,3.439118624,1166865,1422.306357
Denmark,2011,277400, 2.793 ,3.45655489,1268594,1436.980152
Denmark,2012,275497, 2.776 ,3.47407937,1262973,1423.347827
Denmark,2013,270460, 2.778 ,3.49169302,1283871,1425.635121
Denmark,2014,271096, 2.801 ,3.509395599,1288003,1413.808229
Denmark,2015,270173, 2.832 ,3.527188301,1292897,1407.148109
Denmark,2016,279457, 2.868 ,3.545071125,1381088,1412.045751
Denmark,2017,296196, 2.905 ,3.56304431,1422378,1405.404018
Denmark,2018,298718, 2.942 ,3.581108809,1443952,1381.929451
Denmark,2019,311838, 2.972 ,3.59926486,1473616,1380.607643
Dominican Republic,1950,,,,,
Dominican Republic,1951,6035, 0.592 ,1.37953043,10388,
Dominican Republic,1952,6322, 0.606 ,1.379714489,13680,
Dominican Republic,1953,6363, 0.620 ,1.379898429,14180,
Dominican Republic,1954,6987, 0.636 ,1.380082369,14265,
Dominican Republic,1955,7043, 0.652 ,1.380266428,14615,
Dominican Republic,1956,7578, 0.670 ,1.380366325,15304,
Dominican Republic,1957,8118, 0.688 ,1.380466104,15845,
Dominican Republic,1958,7976, 0.706 ,1.380565882,16809,
Dominican Republic,1959,8934, 0.725 ,1.38066566,18147,
Dominican Republic,1960,10633, 0.745 ,1.380765557,17726,
Dominican Republic,1961,10433, 0.777 ,1.388776302,15386,
Dominican Republic,1962,11496, 0.811 ,1.396833539,18265,
Dominican Republic,1963,11145, 0.846 ,1.404937506,19392,
Dominican Republic,1964,11518, 0.883 ,1.41308856,20732,
Dominican Republic,1965,10782, 0.919 ,1.421286821,18546,
Dominican Republic,1966,11099, 0.957 ,1.437371254,21243,
Dominican Republic,1967,11465, 0.996 ,1.453637719,21332,
Dominican Republic,1968,11237, 1.036 ,1.470088243,21820,
Dominican Republic,1969,12159, 1.076 ,1.486724973,23604,
Dominican Republic,1970,13963, 1.117 ,1.503550053,25748,
Dominican Republic,1971,15099, 1.159 ,1.519996524,26649,
Dominican Republic,1972,18191, 1.202 ,1.53662312,31000,
Dominican Republic,1973,19987, 1.245 ,1.553431392,33912,
Dominican Republic,1974,19877, 1.289 ,1.570423603,37908,
Dominican Republic,1975,20800, 1.334 ,1.587601662,42198,
Dominican Republic,1976,23704, 1.380 ,1.609865546,44369,
Dominican Republic,1977,23467, 1.426 ,1.632441759,48189,
Dominican Republic,1978,23637, 1.473 ,1.655334473,50828,
Dominican Republic,1979,24534, 1.521 ,1.678548217,57028,
Dominican Republic,1980,23783, 1.569 ,1.702087522,61884,
Dominican Republic,1981,27108, 1.620 ,1.722701073,62773,
Dominican Republic,1982,27569, 1.671 ,1.741785526,60843,
Dominican Republic,1983,28998, 1.722 ,1.761081457,59595,
Dominican Republic,1984,32451, 1.775 ,1.78059113,57434,
Dominican Republic,1985,33168, 1.828 ,1.80031693,71142,
Dominican Republic,1986,35244, 1.882 ,1.823145747,80788,
Dominican Republic,1987,39391, 1.937 ,1.846263885,83872,
Dominican Republic,1988,41856, 1.992 ,1.869675159,80379,
Dominican Republic,1989,39299, 2.049 ,1.893383384,85904,
Dominican Republic,1990,36453, 2.106 ,1.917392254,89952,2171.702459
Dominican Republic,1991,37118, 2.232 ,1.942229748,76200,2169.499611
Dominican Republic,1992,43369, 2.399 ,1.967388749,82510,2140.259333
Dominican Republic,1993,47490, 2.404 ,1.992873907,88556,2233.486288
Dominican Republic,1994,49964, 2.436 ,2.018688917,100229,2215.701213
Dominican Republic,1995,51053, 2.438 ,2.044838428,106591,2234.447964
Dominican Republic,1996,53063, 2.466 ,2.067142963,115226,2206.330897
Dominican Republic,1997,58752, 2.593 ,2.089690447,124323,2223.512727
Dominican Republic,1998,65983, 2.813 ,2.112484217,140899,2283.071978
Dominican Republic,1999,70426, 2.907 ,2.135526419,153109,2303.455945
Dominican Republic,2000,71091, 2.999 ,2.158819914,168848,2206.566895
Dominican Republic,2001,78671, 2.958 ,2.175164223,182889,2187.599977
Dominican Republic,2002,78947, 3.078 ,2.191632509,203953,2137.661492
Dominican Republic,2003,73254, 3.080 ,2.20822525,216012,2130.04085
Dominican Republic,2004,76324, 3.166 ,2.224943638,233295,2151.756075
Dominican Republic,2005,85804, 3.236 ,2.241788626,261779,2153.187997
Dominican Republic,2006,96746, 3.402 ,2.277109623,287173,2123.362878
Dominican Republic,2007,106526, 3.528 ,2.312987328,321651,2132.859321
Dominican Republic,2008,109337, 3.712 ,2.349430084,360405,2131.666366
Dominican Republic,2009,116354, 3.744 ,2.386446953,384340,2131.330574
Dominican Republic,2010,126977, 3.897 ,2.424047232,417298,2114.766859
Dominican Republic,2011,129846, 4.048 ,2.470310211,446473,2107.809868
Dominican Republic,2012,132363, 4.102 ,2.517455816,473901,2114.498834
Dominican Republic,2013,134532, 4.176 ,2.563696623,499812,2122.628091
Dominican Republic,2014,142296, 4.369 ,2.596536398,531488,2181.510985
Dominican Republic,2015,155887, 4.525 ,2.629796743,587712,2156.597486
Dominican Republic,2016,168131, 4.675 ,2.663483381,635833,2142.10201
Dominican Republic,2017,174066, 4.811 ,2.697601318,685853,2142.10201
Dominican Republic,2018,182312, 4.987 ,2.732156277,728106,2142.10201
Dominican Republic,2019,192515, 5.127 ,2.767153978,775810,2142.10201
Algeria,1950,,,,,
Algeria,1951,,,,,
Algeria,1952,,,,,
Algeria,1953,,,,,
Algeria,1954,,,,,
Algeria,1955,,,,,
Algeria,1956,,,,,
Algeria,1957,,,,,
Algeria,1958,,,,,
Algeria,1959,,,,,
Algeria,1960,122726, 1.958 ,1.137280583,350420,
Algeria,1961,106962, 1.963 ,1.140638232,363614,
Algeria,1962,60352, 1.910 ,1.144005775,365830,
Algeria,1963,69827, 1.924 ,1.147383332,369840,
Algeria,1964,73397, 1.948 ,1.150770783,370303,
Algeria,1965,79833, 1.971 ,1.154168248,370918,
Algeria,1966,71289, 1.997 ,1.157575846,368321,
Algeria,1967,80227, 2.027 ,1.160993338,371254,
Algeria,1968,89881, 2.050 ,1.164421082,377675,
Algeria,1969,98351, 2.070 ,1.167858839,388493,
Algeria,1970,112538, 2.090 ,1.171306729,406246,
Algeria,1971,107739, 2.152 ,1.179180861,419677,
Algeria,1972,122231, 2.161 ,1.187107921,436274,
Algeria,1973,131345, 2.159 ,1.195088148,454662,
Algeria,1974,162656, 2.222 ,1.203122139,479330,
Algeria,1975,173864, 2.360 ,1.211210132,512832,
Algeria,1976,176241, 2.488 ,1.219352484,548436,
Algeria,1977,198492, 2.478 ,1.227549553,593018,
Algeria,1978,221450, 2.943 ,1.235801816,646316,
Algeria,1979,235015, 3.192 ,1.244109511,691623,
Algeria,1980,235557, 3.325 ,1.252472997,733567,
Algeria,1981,259867, 3.453 ,1.276362181,781525,
Algeria,1982,271293, 3.669 ,1.300706983,831882,
Algeria,1983,285984, 3.834 ,1.325516224,879884,
Algeria,1984,298126, 3.964 ,1.350798607,931822,
Algeria,1985,310152, 4.095 ,1.376563311,987297,
Algeria,1986,265040, 4.233 ,1.402819276,1038457,
Algeria,1987,253657, 4.376 ,1.429576159,1072998,
Algeria,1988,229866, 4.529 ,1.456843257,1104007,
Algeria,1989,237204, 4.684 ,1.484630585,1141074,
Algeria,1990,250425, 4.820 ,1.512947917,1172779,
Algeria,1991,245636, 4.980 ,1.551546216,1190070,
Algeria,1992,244669, 5.089 ,1.591129184,1213251,
Algeria,1993,234160, 5.152 ,1.631722093,1237234,
Algeria,1994,235861, 5.260 ,1.673350573,1258538,
Algeria,1995,247243, 5.542 ,1.714343071,1278825,
Algeria,1996,260884, 5.732 ,1.747206092,1300368,
Algeria,1997,252715, 5.923 ,1.780699015,1323543,
Algeria,1998,262476, 6.103 ,1.814833999,1357583,
Algeria,1999,272029, 6.186 ,1.849623203,1385951,
Algeria,2000,301252, 6.348 ,1.885079503,1412961,
Algeria,2001,303689, 6.703 ,1.900014639,1451823,
Algeria,2002,314770, 7.001 ,1.915068269,1500260,
Algeria,2003,343127, 6.772 ,1.930240989,1553178,
Algeria,2004,360710, 7.888 ,1.94553411,1612906,
Algeria,2005,409619, 8.134 ,1.960948229,1680906,
Algeria,2006,451620, 8.963 ,1.976484537,1752150,
Algeria,2007,467829, 8.671 ,1.992143989,1832375,
Algeria,2008,501295, 9.211 ,2.007927418,1929020,
Algeria,2009,460959, 9.528 ,2.023835897,2032260,
Algeria,2010,532782, 9.782 ,2.039870501,2139252,
Algeria,2011,569128, 9.640 ,2.075508595,2235085,
Algeria,2012,559592, 10.216 ,2.111769199,2091271,
Algeria,2013,544573, 10.846 ,2.148663521,2138249,
Algeria,2014,537308, 10.310 ,2.186202288,2229106,
Algeria,2015,497077, 10.687 ,2.224396706,2254579,
Algeria,2016,480721, 10.984 ,2.263258696,2187065,
Algeria,2017,472188, 10.931 ,2.302799463,2097518,
Algeria,2018,497182, 11.094 ,2.34303093,2191623,
Algeria,2019,507488, 11.273 ,2.383965492,2290438,
Ecuador,1950,11584, 1.089 ,1.502681613,28017,
Ecuador,1951,11989, 1.110 ,1.515230775,29676,
Ecuador,1952,13107, 1.131 ,1.527884603,31249,
Ecuador,1953,13903, 1.152 ,1.540644169,33384,
Ecuador,1954,15459, 1.174 ,1.553510308,36257,
Ecuador,1955,16124, 1.196 ,1.566483855,39281,
Ecuador,1956,16605, 1.219 ,1.585570574,42176,
Ecuador,1957,17144, 1.242 ,1.60488987,44738,
Ecuador,1958,17465, 1.265 ,1.624444604,47211,
Ecuador,1959,18419, 1.289 ,1.644237518,50049,
Ecuador,1960,19695, 1.314 ,1.664271712,52998,
Ecuador,1961,20656, 1.343 ,1.677158356,55936,
Ecuador,1962,21489, 1.373 ,1.690144777,58824,
Ecuador,1963,21937, 1.404 ,1.703231812,61617,
Ecuador,1964,23705, 1.436 ,1.714628458,64467,
Ecuador,1965,24501, 1.468 ,1.724625945,67179,
Ecuador,1966,25260, 1.504 ,1.734681726,70517,
Ecuador,1967,27216, 1.541 ,1.744796157,75096,
Ecuador,1968,28550, 1.579 ,1.754969597,79491,
Ecuador,1969,29373, 1.618 ,1.765202284,82943,
Ecuador,1970,31608, 1.657 ,1.775494576,87068,
Ecuador,1971,33654, 1.725 ,1.794371843,91451,
Ecuador,1972,34004, 1.796 ,1.81344986,96688,
Ecuador,1973,37762, 1.869 ,1.832730651,102744,
Ecuador,1974,45163, 1.945 ,1.852216482,106921,
Ecuador,1975,49507, 2.023 ,1.871909618,113434,
Ecuador,1976,53077, 2.089 ,1.891811967,120354,
Ecuador,1977,55213, 2.157 ,1.911926031,128075,
Ecuador,1978,58236, 2.227 ,1.932253838,136702,
Ecuador,1979,60619, 2.299 ,1.95279789,143766,
Ecuador,1980,63236, 2.373 ,1.973560214,150187,
Ecuador,1981,65124, 2.443 ,1.996592402,159364,
Ecuador,1982,64160, 2.510 ,2.019893408,167052,
Ecuador,1983,62340, 2.580 ,2.043466091,166417,
Ecuador,1984,62828, 2.652 ,2.067314148,169211,
Ecuador,1985,64107, 2.727 ,2.091440439,174246,
Ecuador,1986,61767, 2.799 ,2.115848303,181025,
Ecuador,1987,60952, 2.884 ,2.140541077,184662,
Ecuador,1988,58496, 2.960 ,2.16552186,191781,
Ecuador,1989,59324, 3.139 ,2.19079423,197284,
Ecuador,1990,63273, 3.336 ,2.216361523,203163,
Ecuador,1991,65779, 3.479 ,2.239013672,209868,
Ecuador,1992,67551, 3.585 ,2.261897087,216865,
Ecuador,1993,62804, 3.705 ,2.285014391,224154,
Ecuador,1994,64386, 3.847 ,2.308368206,230439,
Ecuador,1995,64929, 3.949 ,2.33196044,236384,1943
Ecuador,1996,65278, 4.100 ,2.355793953,241051,1936.310327
Ecuador,1997,68653, 4.290 ,2.37987113,250059,1929.643687
Ecuador,1998,69969, 4.500 ,2.404194117,264345,1923
Ecuador,1999,66061, 4.267 ,2.428765774,275895,1788.703818
Ecuador,2000,69884, 4.593 ,2.453588724,293672,1800.226342
Ecuador,2001,74887, 4.839 ,2.484276533,319964,1811.823092
Ecuador,2002,81936, 4.980 ,2.515348196,351586,1823.494547
Ecuador,2003,86859, 5.121 ,2.546808481,386026,1835.241187
Ecuador,2004,96617, 5.569 ,2.572543621,424654,1782.715863
Ecuador,2005,110101, 5.755 ,2.594162464,462319,1808.505787
Ecuador,2006,118944, 5.968 ,2.615962982,497167,1772.748069
Ecuador,2007,126269, 6.217 ,2.637946844,528951,1729.053882
Ecuador,2008,140478, 6.361 ,2.660115242,569672,1758.100938
Ecuador,2009,136309, 6.507 ,2.682470083,608415,1734.47465
Ecuador,2010,148737, 6.733 ,2.70501256,644770,1719.462934
Ecuador,2011,164587, 6.963 ,2.71133709,684917,1699.529585
Ecuador,2012,176063, 7.163 ,2.71767664,719100,1664.730635
Ecuador,2013,191336, 7.356 ,2.724030972,768557,1661.245419
Ecuador,2014,195241, 7.504 ,2.730400085,826511,1649.266178
Ecuador,2015,184086, 7.665 ,2.736783981,875818,1620.198188
Ecuador,2016,182058, 7.754 ,2.743182898,938969,1572.312511
Ecuador,2017,191573, 7.981 ,2.749596596,1010834,1566.359581
Ecuador,2018,196041, 8.169 ,2.756025553,1043321,1568.140274
Ecuador,2019,195204, 8.247 ,2.76246953,1075764,1551.642809
Egypt,1950,15248, 5.634 ,1.078403831,4735,
Egypt,1951,16005, 5.737 ,1.080399752,4873,
Egypt,1952,15403, 5.842 ,1.082399368,5060,
Egypt,1953,15381, 5.949 ,1.084402561,5289,
Egypt,1954,15949, 6.057 ,1.086409569,5523,
Egypt,1955,16577, 6.167 ,1.088420272,5771,
Egypt,1956,17185, 6.279 ,1.09310782,5900,
Egypt,1957,17908, 6.393 ,1.097815394,6039,
Egypt,1958,18351, 6.508 ,1.102543354,6206,
Egypt,1959,20053, 6.625 ,1.107291698,6468,
Egypt,1960,21166, 6.745 ,1.112060428,6668,
Egypt,1961,22146, 6.479 ,1.118068337,6993,
Egypt,1962,23297, 6.588 ,1.124108672,7411,
Egypt,1963,25161, 6.775 ,1.13018167,7977,
Egypt,1964,28435, 6.856 ,1.136287332,8586,
Egypt,1965,29408, 6.948 ,1.142426133,9316,
Egypt,1966,30189, 7.242 ,1.148598075,9780,
Egypt,1967,31172, 7.053 ,1.154803276,10132,
Egypt,1968,34242, 7.221 ,1.161042094,10410,
Egypt,1969,36927, 7.389 ,1.167314649,10902,
Egypt,1970,42558, 7.661 ,1.173620939,11459,
Egypt,1971,43491, 7.770 ,1.183831334,11847,
Egypt,1972,46263, 7.868 ,1.194130659,12223,
Egypt,1973,46234, 8.291 ,1.20451951,12889,
Egypt,1974,48093, 8.458 ,1.214998722,13673,
Egypt,1975,53609, 8.925 ,1.225569129,14705,
Egypt,1976,55403, 9.223 ,1.236231446,16921,
Egypt,1977,58751, 9.473 ,1.246986508,18870,
Egypt,1978,62394, 9.816 ,1.257835269,20919,
Egypt,1979,62909, 10.062 ,1.268778324,24350,
Egypt,1980,65115, 10.404 ,1.279816628,28795,
Egypt,1981,75828, 10.718 ,1.315551639,33290,
Egypt,1982,77104, 10.960 ,1.352284431,39028,
Egypt,1983,88790, 11.114 ,1.390042901,43881,
Egypt,1984,98676, 11.262 ,1.428855658,48298,
Egypt,1985,101363, 11.327 ,1.468752146,52538,
Egypt,1986,104051, 11.336 ,1.509762645,57044,
Egypt,1987,105791, 11.890 ,1.551918268,65660,
Egypt,1988,104189, 12.219 ,1.595250845,75826,
Egypt,1989,115208, 12.654 ,1.639793396,89576,
Egypt,1990,132647, 12.962 ,1.685579658,106791,
Egypt,1991,155248, 13.440 ,1.716922879,126450,
Egypt,1992,170927, 13.707 ,1.742876768,149600,
Egypt,1993,199609, 14.048 ,1.769222856,180072,
Egypt,1994,228185, 14.553 ,1.795967221,218328,
Egypt,1995,271377, 15.103 ,1.823115945,258689,
Egypt,1996,327022, 15.205 ,1.850674987,292906,
Egypt,1997,337608, 15.740 ,1.878650665,319293,
Egypt,1998,343307, 16.234 ,1.907049179,350060,
Egypt,1999,360158, 16.780 ,1.935877085,379229,
Egypt,2000,372324, 17.066 ,1.9651407,410781,
Egypt,2001,391962, 17.377 ,2.001130819,443685,
Egypt,2002,403559, 17.564 ,2.037780046,482009,
Egypt,2003,418803, 17.984 ,2.075100422,519581,
Egypt,2004,438648, 18.483 ,2.113104343,562100,
Egypt,2005,464732, 19.173 ,2.151804447,615195,
Egypt,2006,502090, 19.734 ,2.191213131,687778,
Egypt,2007,579942, 20.960 ,2.231343746,793658,
Egypt,2008,696611, 21.602 ,2.272209167,932308,
Egypt,2009,752683, 22.567 ,2.313822985,1069812,
Egypt,2010,862343, 22.843 ,2.356199026,1214617,
Egypt,2011,972481, 23.160 ,2.395590305,1317533,
Egypt,2012,1133662, 23.593 ,2.435640097,1381673,
Egypt,2013,1126937, 24.255 ,2.476359606,1381457,
Egypt,2014,1118017, 24.864 ,2.5177598,1307645,
Egypt,2015,1166771, 24.648 ,2.559852123,1469065,
Egypt,2016,1142656, 25.254 ,2.588629961,1503705,
Egypt,2017,1158246, 25.348 ,2.617687941,1465420,
Egypt,2018,1208533, 25.985 ,2.647072315,1540310,
Egypt,2019,1210670, 26.795 ,2.676786423,1635932,
Spain,1950,108287, 11.644 ,1.871699572,339169,2209.257149
Spain,1951,127579, 11.683 ,1.871073842,353050,2205.078603
Spain,1952,133807, 11.729 ,1.870448351,366338,2201.016032
Spain,1953,128875, 11.804 ,1.869823098,380665,2197.055775
Spain,1954,145643, 11.891 ,1.869198084,401422,2214.114121
Spain,1955,153549, 12.044 ,1.868573189,423765,2196.024463
Spain,1956,164796, 12.228 ,1.882970691,451823,2179.888705
Spain,1957,171876, 12.409 ,1.897479177,477018,2164.812273
Spain,1958,179108, 12.644 ,1.912099361,505961,2150.180051
Spain,1959,174970, 12.493 ,1.926832318,523579,2139.628332
Spain,1960,195168, 12.354 ,1.941678643,545601,2130.374028
Spain,1961,218095, 12.562 ,1.952596903,578894,2112.117368
Spain,1962,239322, 12.641 ,1.963576436,623636,2094.913094
Spain,1963,262196, 12.725 ,1.97461772,672815,2077.98461
Spain,1964,275743, 12.792 ,1.985721231,725777,2032.25583
Spain,1965,291362, 12.889 ,1.996887088,786422,2024.530529
Spain,1966,313411, 13.012 ,2.00811553,854655,2025.919429
Spain,1967,328975, 13.099 ,2.019407511,918795,2034.76921
Spain,1968,351810, 13.193 ,2.030762672,990116,1997.012999
Spain,1969,384544, 13.316 ,2.04218173,1075882,1988.764636
Spain,1970,400204, 13.451 ,2.053665161,1155468,1996.720457
Spain,1971,419289, 13.576 ,2.068417549,1230933,1996.836457
Spain,1972,453695, 13.752 ,2.083275795,1318767,1992.692456
Spain,1973,487831, 14.121 ,2.098241091,1429933,1980.854453
Spain,1974,511477, 14.217 ,2.113313675,1540575,1987.027455
Spain,1975,514225, 13.974 ,2.128494501,1651009,1996.855457
Spain,1976,538079, 13.810 ,2.143784523,1783906,2006.966459
Spain,1977,561171, 13.678 ,2.159184217,1984042,2000.776458
Spain,1978,577867, 13.294 ,2.174694538,2235281,1973.552452
Spain,1979,585079, 13.011 ,2.190316439,2502622,1929.856442
Spain,1980,606798, 12.724 ,2.206050396,2662028,1918.122439
Spain,1981,576844, 12.422 ,2.227530479,2648897,1884.020431
Spain,1982,558109, 12.317 ,2.249219418,2520224,1862.925426
Spain,1983,546578, 12.274 ,2.271119595,2344946,1830.757419
Spain,1984,537538, 11.998 ,2.293233156,2229827,1786.692409
Spain,1985,530387, 11.867 ,2.315562248,2215102,1776.700407
Spain,1986,564509, 12.126 ,2.338108301,2306792,1768.667405
Spain,1987,605319, 12.682 ,2.360873938,2436140,1760.649403
Spain,1988,648282, 13.097 ,2.383861542,2612497,1756.578402
Spain,1989,690651, 13.543 ,2.407072783,2834208,1744.560399
Spain,1990,728396, 14.039 ,2.430510044,3082660,1746.5284
Spain,1991,762169, 14.206 ,2.453719139,3352775,1755.529402
Spain,1992,781062, 13.980 ,2.477149487,3624829,1747.5654
Spain,1993,791383, 13.555 ,2.500803947,3874717,1739.552398
Spain,1994,825073, 13.470 ,2.524683952,4109572,1738.507398
Spain,1995,868226, 13.710 ,2.548792124,4325210,1738.796398
Spain,1996,899520, 13.893 ,2.568826914,4499852,1740.339289
Spain,1997,969857, 14.397 ,2.58531642,4495347,1742.636772
Spain,1998,1035464, 15.028 ,2.601911545,4527054,1751.105871
Spain,1999,1080921, 15.747 ,2.618613243,4559097,1756.273734
Spain,2000,1151573, 16.606 ,2.635422468,4550493,1752.820758
Spain,2001,1185869, 17.228 ,2.6517241,4342541,1762.069783
Spain,2002,1226800, 17.661 ,2.668126583,4424054,1763.647418
Spain,2003,1244541, 18.189 ,2.684630632,4692765,1754.63317
Spain,2004,1289802, 18.843 ,2.701236725,5193777,1739.9012
Spain,2005,1427946, 19.625 ,2.717945814,5669476,1723.719169
Spain,2006,1557341, 20.411 ,2.734758139,7181496,1713.740634
Spain,2007,1660386, 21.006 ,2.751674175,8701185,1701.307798
Spain,2008,1687737, 20.988 ,2.768695116,9223727,1710.126202
Spain,2009,1628010, 19.702 ,2.785821199,9565092,1715.804559
Spain,2010,1622292, 19.413 ,2.803053141,10037753,1705.775535
Spain,2011,1614884, 18.914 ,2.82275176,10087425,1710.691659
Spain,2012,1603928, 18.136 ,2.842588425,10325998,1696.726618
Spain,2013,1574606, 17.701 ,2.862564802,10032682,1689.82441
Spain,2014,1578476, 17.880 ,2.88268137,10367225,1690.563997
Spain,2015,1669676, 18.353 ,2.902939558,10462132,1694.237188
Spain,2016,1738080, 18.714 ,2.923339844,10963548,1701.450062
Spain,2017,1815915, 19.172 ,2.943883657,10934969,1689.47622
Spain,2018,1849505, 19.529 ,2.964571714,11095898,1695.501017
Spain,2019,1886595, 19.872 ,2.985405207,11333968,1685.951506
Estonia,1950,,,,,
Estonia,1951,,,,,
Estonia,1952,,,,,
Estonia,1953,,,,,
Estonia,1954,,,,,
Estonia,1955,,,,,
Estonia,1956,,,,,
Estonia,1957,,,,,
Estonia,1958,,,,,
Estonia,1959,,,,,
Estonia,1960,,,,,
Estonia,1961,,,,,
Estonia,1962,,,,,
Estonia,1963,,,,,
Estonia,1964,,,,,
Estonia,1965,,,,,
Estonia,1966,,,,,
Estonia,1967,,,,,
Estonia,1968,,,,,
Estonia,1969,,,,,
Estonia,1970,,,,,
Estonia,1971,,,,,
Estonia,1972,,,,,
Estonia,1973,,,,,
Estonia,1974,,,,,
Estonia,1975,,,,,
Estonia,1976,,,,,
Estonia,1977,,,,,
Estonia,1978,,,,,
Estonia,1979,,,,,
Estonia,1980,,,,,
Estonia,1981,,,,,
Estonia,1982,,,,,
Estonia,1983,,,,,
Estonia,1984,,,,,
Estonia,1985,,,,,
Estonia,1986,,,,,
Estonia,1987,,,,,
Estonia,1988,,,,,
Estonia,1989,,,,,
Estonia,1990,19404, 0.829 ,2.798409939,66532,
Estonia,1991,19549, 0.800 ,2.843561411,67475,
Estonia,1992,15346, 0.753 ,2.88944149,67097,
Estonia,1993,14609, 0.696 ,2.936061382,66812,
Estonia,1994,14098, 0.673 ,2.983433962,66699,
Estonia,1995,15417, 0.632 ,3.031570673,66648,1983.229142
Estonia,1996,16587, 0.620 ,3.083890438,67251,1982.28226
Estonia,1997,16856, 0.623 ,3.137112856,65766,1980.551365
Estonia,1998,16650, 0.616 ,3.191254139,62970,1980.161448
Estonia,1999,16470, 0.592 ,3.246329546,60549,1977.344913
Estonia,2000,18203, 0.600 ,3.302355528,59505,1977.872886
Estonia,2001,19156, 0.604 ,3.3172369,60162,1970.496092
Estonia,2002,20390, 0.604 ,3.332185507,57993,1972.68989
Estonia,2003,21755, 0.616 ,3.347201347,66097,1978.33472
Estonia,2004,22755, 0.613 ,3.362284899,72411,1986.460665
Estonia,2005,27509, 0.627 ,3.377436399,81681,2008.373346
Estonia,2006,29744, 0.658 ,3.396261215,97973,2000.990346
Estonia,2007,33259, 0.660 ,3.415191174,111481,1998.484613
Estonia,2008,33808, 0.659 ,3.434226513,128714,1967.769818
Estonia,2009,30110, 0.591 ,3.453367949,144187,1832.140132
Estonia,2010,31773, 0.561 ,3.472615957,152235,1874.701697
Estonia,2011,35456, 0.598 ,3.492361784,168838,1918.863014
Estonia,2012,37414, 0.608 ,3.51235342,171680,1885.686605
Estonia,2013,37725, 0.615 ,3.532593727,177135,1865.842902
Estonia,2014,38475, 0.620 ,3.553087234,179884,1859.431874
Estonia,2015,37509, 0.637 ,3.573837519,175450,1851.616632
Estonia,2016,38600, 0.640 ,3.59484911,180466,1855.199296
Estonia,2017,40877, 0.657 ,3.616125584,189562,1856.682775
Estonia,2018,42705, 0.665 ,3.637671471,194453,1810.378753
Estonia,2019,44876, 0.673 ,3.659491062,201316,1797.214536
Ethiopia,1950,8277, 7.856 ,,5063,
Ethiopia,1951,9413, 7.971 ,,4968,
Ethiopia,1952,9705, 8.091 ,,4905,
Ethiopia,1953,10385, 8.215 ,,4992,
Ethiopia,1954,10463, 8.344 ,,5195,
Ethiopia,1955,10694, 8.478 ,,5436,
Ethiopia,1956,11225, 8.617 ,,5619,
Ethiopia,1957,11135, 8.761 ,,5853,
Ethiopia,1958,11215, 8.910 ,,6410,
Ethiopia,1959,11969, 9.064 ,,6645,
Ethiopia,1960,12501, 9.224 ,1.015876055,7147,
Ethiopia,1961,12998, 9.381 ,1.015908957,7685,
Ethiopia,1962,13519, 9.599 ,1.015941858,8257,
Ethiopia,1963,13875, 9.811 ,1.01597476,8849,
Ethiopia,1964,14747, 10.052 ,1.016007781,9388,
Ethiopia,1965,15817, 10.305 ,1.016040683,9989,
Ethiopia,1966,16385, 10.561 ,1.016073585,10663,
Ethiopia,1967,16634, 10.819 ,1.016106486,11526,
Ethiopia,1968,17425, 11.104 ,1.016139507,12390,
Ethiopia,1969,18527, 11.380 ,1.016172409,13148,
Ethiopia,1970,18538, 11.667 ,1.016205311,13737,
Ethiopia,1971,19376, 12.022 ,1.017558575,14360,
Ethiopia,1972,20311, 12.387 ,1.018913507,15111,
Ethiopia,1973,20820, 12.757 ,1.020270348,15689,
Ethiopia,1974,21216, 13.131 ,1.021628976,16149,
Ethiopia,1975,21929, 13.491 ,1.022989392,16669,
Ethiopia,1976,22751, 13.864 ,1.024351716,16951,
Ethiopia,1977,23052, 14.260 ,1.025715709,17233,
Ethiopia,1978,23531, 14.621 ,1.027081609,17422,
Ethiopia,1979,24151, 15.138 ,1.028449297,17824,
Ethiopia,1980,25596, 15.691 ,1.029818773,18395,
Ethiopia,1981,28560, 16.243 ,1.034170032,18811,
Ethiopia,1982,31302, 16.884 ,1.038539529,19137,
Ethiopia,1983,36464, 17.579 ,1.042927623,19418,
Ethiopia,1984,36964, 18.310 ,1.047334194,20395,
Ethiopia,1985,39068, 18.766 ,1.051759362,21190,
Ethiopia,1986,38224, 19.309 ,1.056203365,22293,
Ethiopia,1987,37901, 19.890 ,1.060665965,23863,
Ethiopia,1988,37347, 20.468 ,1.065147519,25691,
Ethiopia,1989,34564, 21.015 ,1.069648027,27664,
Ethiopia,1990,39344, 21.506 ,1.07416749,29347,
Ethiopia,1991,35628, 21.908 ,1.085184574,30910,
Ethiopia,1992,32185, 22.484 ,1.096314669,32613,
Ethiopia,1993,35477, 22.486 ,1.107558966,35096,
Ethiopia,1994,33141, 23.255 ,1.118918538,38523,
Ethiopia,1995,37185, 24.066 ,1.130394578,41995,
Ethiopia,1996,37822, 24.983 ,1.141988397,46942,
Ethiopia,1997,41456, 25.698 ,1.153701067,52197,
Ethiopia,1998,38372, 26.256 ,1.1655339,59029,
Ethiopia,1999,39771, 27.014 ,1.177488089,66752,
Ethiopia,2000,39298, 27.910 ,1.189564943,76646,
Ethiopia,2001,45865, 28.585 ,1.198455572,89282,
Ethiopia,2002,40718, 29.217 ,1.20741272,103490,
Ethiopia,2003,43444, 29.914 ,1.216436863,117794,
Ethiopia,2004,51398, 30.747 ,1.225528359,135902,
Ethiopia,2005,61545, 31.849 ,1.234687805,152424,
Ethiopia,2006,62282, 32.855 ,1.243915796,168805,
Ethiopia,2007,74172, 34.229 ,1.25321269,185151,
Ethiopia,2008,81137, 35.645 ,1.262579083,203587,
Ethiopia,2009,85821, 37.051 ,1.272015452,227712,
Ethiopia,2010,101266, 38.598 ,1.281522393,254679,
Ethiopia,2011,114232, 40.207 ,1.299747348,287235,
Ethiopia,2012,123886, 41.877 ,1.318231583,292316,
Ethiopia,2013,133625, 44.151 ,1.336978674,294005,
Ethiopia,2014,163465, 47.353 ,1.355992317,344160,
Ethiopia,2015,177326, 50.932 ,1.375276327,386713,
Ethiopia,2016,204135, 52.606 ,1.394834638,413581,
Ethiopia,2017,215542, 54.337 ,1.414671063,470385,
Ethiopia,2018,247509, 56.118 ,1.434789658,539754,
Ethiopia,2019,304937, 58.061 ,1.455194354,630307,
Finland,1950,26417, 2.189 ,2.119247437,103052,2024.550027
Finland,1951,29712, 2.190 ,2.12714982,110489,2025.146155
Finland,1952,30395, 2.194 ,2.13508153,119546,2025.742459
Finland,1953,30172, 2.200 ,2.143043041,125608,2026.338939
Finland,1954,33444, 2.205 ,2.151034117,134378,2026.935594
Finland,1955,36169, 2.210 ,2.159054756,144389,2027.532425
Finland,1956,36821, 2.214 ,2.166758776,154675,2028.129432
Finland,1957,37139, 2.215 ,2.174490213,163760,2028.726614
Finland,1958,37210, 2.212 ,2.182249308,171980,2029.323972
Finland,1959,40043, 2.209 ,2.190036058,181982,2029.921506
Finland,1960,44111, 2.205 ,2.197850704,195551,2030.519216
Finland,1961,48515, 2.247 ,2.218259096,209541,2029.486924
Finland,1962,49507, 2.238 ,2.238857031,222593,2022.260877
Finland,1963,50012, 2.246 ,2.259646416,232904,2019.164
Finland,1964,51600, 2.245 ,2.280628681,244374,2043.939018
Finland,1965,54807, 2.272 ,2.301805735,259975,2043.939018
Finland,1966,56495, 2.276 ,2.323179722,274162,2020.196292
Finland,1967,58194, 2.234 ,2.344751835,286386,2002.647321
Finland,1968,61352, 2.205 ,2.366524458,298595,1987.162934
Finland,1969,67507, 2.238 ,2.388499022,313151,1968.58167
Finland,1970,72684, 2.286 ,2.41067791,336332,1979.936887
Finland,1971,74132, 2.276 ,2.446342707,357619,1944.356889
Finland,1972,79125, 2.294 ,2.482534885,380314,1928.65889
Finland,1973,84603, 2.336 ,2.519262791,404434,1912.961891
Finland,1974,87689, 2.343 ,2.556534052,429750,1906.682891
Finland,1975,85238, 2.332 ,2.58307457,451778,1899.142892
Finland,1976,85165, 2.312 ,2.608741999,471356,1896.128892
Finland,1977,85665, 2.269 ,2.634664297,489372,1887.836892
Finland,1978,89029, 2.247 ,2.660844326,502556,1893.255892
Finland,1979,96035, 2.297 ,2.68728447,518626,1869.142893
Finland,1980,101927, 2.364 ,2.713987112,537177,1790.008898
Finland,1981,103647, 2.404 ,2.73764205,545043,1783.766883
Finland,1982,104751, 2.418 ,2.761502981,535833,1776.401375
Finland,1983,106291, 2.409 ,2.78557229,520673,1766.113951
Finland,1984,109171, 2.417 ,2.809850931,512182,1761.867285
Finland,1985,110106, 2.430 ,2.834341288,519094,1755.874351
Finland,1986,117056, 2.423 ,2.859045267,537666,1739.292365
Finland,1987,122715, 2.448 ,2.883964539,563402,1746.261318
Finland,1988,132027, 2.456 ,2.909101009,598940,1749.908115
Finland,1989,137295, 2.484 ,2.934456348,644431,1750.030282
Finland,1990,137363, 2.473 ,2.96003294,690268,1726.421974
Finland,1991,125707, 2.334 ,2.976764202,728592,1707.337994
Finland,1992,121093, 2.177 ,2.993590355,761790,1706.447314
Finland,1993,120788, 2.053 ,3.010511398,786503,1705.865146
Finland,1994,128848, 2.021 ,3.027528048,804058,1726.840149
Finland,1995,144156, 2.063 ,3.044640779,815457,1732.452519
Finland,1996,144044, 2.099 ,3.061850548,786147,1730.976833
Finland,1997,156975, 2.170 ,3.079157591,768056,1726.785549
Finland,1998,169842, 2.212 ,3.096562386,767791,1716.505118
Finland,1999,178333, 2.258 ,3.114065409,760059,1716.149647
Finland,2000,186506, 2.305 ,3.131667376,761066,1704.713453
Finland,2001,187858, 2.341 ,3.151494026,750238,1689.916506
Finland,2002,187060, 2.370 ,3.171446562,717219,1682.498731
Finland,2003,190640, 2.376 ,3.191524982,725139,1676.413502
Finland,2004,199611, 2.389 ,3.21173048,759303,1677.691501
Finland,2005,213170, 2.425 ,3.232064009,801728,1667.038737
Finland,2006,217650, 2.470 ,3.252526522,869539,1661.743224
Finland,2007,236703, 2.523 ,3.273118258,912416,1658.025329
Finland,2008,245778, 2.578 ,3.293840408,1034809,1653.799852
Finland,2009,225346, 2.511 ,3.314693928,1138785,1632.52052
Finland,2010,233242, 2.496 ,3.335679293,1161521,1637.912374
Finland,2011,237578, 2.535 ,3.354023218,1204597,1630.301835
Finland,2012,235400, 2.556 ,3.372467756,1277441,1619.733187
Finland,2013,225320, 2.537 ,3.391013861,1258443,1612.173296
Finland,2014,224687, 2.526 ,3.409662008,1221669,1609.533991
Finland,2015,228346, 2.525 ,3.428412676,1195239,1607.140027
Finland,2016,234079, 2.536 ,3.44726634,1228461,1606.30325
Finland,2017,241548, 2.563 ,3.466223955,1201276,1600.320087
Finland,2018,244092, 2.629 ,3.485285759,1223086,1597.730475
Finland,2019,248552, 2.674 ,3.50445199,1246926,1590.694538
Fiji,1950,,,,,
Fiji,1951,,,,,
Fiji,1952,,,,,
Fiji,1953,,,,,
Fiji,1954,,,,,
Fiji,1955,,,,,
Fiji,1956,,,,,
Fiji,1957,,,,,
Fiji,1958,,,,,
Fiji,1959,,,,,
Fiji,1960,1227,,1.536492467,772,
Fiji,1961,1258,,1.553309917,971,
Fiji,1962,1282,,1.570311427,1105,
Fiji,1963,1468,,1.587499022,1261,
Fiji,1964,1699,,1.604874849,1442,
Fiji,1965,1452,,1.622440696,1614,
Fiji,1966,1490,,1.640198946,1762,
Fiji,1967,1705,,1.658151507,1914,
Fiji,1968,1907,,1.676300526,2186,
Fiji,1969,1978,,1.694648266,2408,
Fiji,1970,2202,,1.71220088,2592,
Fiji,1971,2438,,1.733141184,2867,
Fiji,1972,2616,,1.754337549,3162,
Fiji,1973,2920,,1.775793195,3472,
Fiji,1974,3011,,1.79751122,3697,
Fiji,1975,3062,,1.819494843,3979,
Fiji,1976,3089,,1.841747284,4220,
Fiji,1977,3308,,1.864271998,4427,
Fiji,1978,3450,,1.887072086,4657,
Fiji,1979,4074,,1.910151005,4992,
Fiji,1980,4079, 0.207 ,1.933512211,5405,
Fiji,1981,3983, 0.212 ,1.95838356,5850,
Fiji,1982,3853, 0.220 ,1.983574867,6172,
Fiji,1983,3606, 0.228 ,2.009089947,6349,
Fiji,1984,3867, 0.233 ,2.034933567,6410,
Fiji,1985,3827, 0.239 ,2.061109304,6502,
Fiji,1986,3855, 0.241 ,2.087622166,6496,
Fiji,1987,3849, 0.244 ,2.114475727,6387,
Fiji,1988,4050, 0.247 ,2.141674757,6262,
Fiji,1989,4453, 0.251 ,2.169223785,6279,
Fiji,1990,5058, 0.255 ,2.197127104,6681,
Fiji,1991,4702, 0.259 ,2.218671322,6815,
Fiji,1992,4836, 0.263 ,2.240427017,6807,
Fiji,1993,4854, 0.268 ,2.262395859,6991,
Fiji,1994,5094, 0.272 ,2.284580231,7044,
Fiji,1995,4989, 0.278 ,2.30698204,7149,
Fiji,1996,5209, 0.280 ,2.329603672,7128,
Fiji,1997,5061, 0.283 ,2.352447033,7061,
Fiji,1998,4952, 0.286 ,2.375514269,7177,
Fiji,1999,5313, 0.288 ,2.398807764,7188,
Fiji,2000,5429, 0.290 ,2.422329664,7290,
Fiji,2001,5395, 0.291 ,2.442860126,7406,
Fiji,2002,5335, 0.292 ,2.463564634,7535,
Fiji,2003,4994, 0.292 ,2.484444618,7591,
Fiji,2004,4979, 0.292 ,2.50550127,7652,
Fiji,2005,4882, 0.291 ,2.526736736,8003,
Fiji,2006,5495, 0.286 ,2.54815197,8551,
Fiji,2007,5643, 0.282 ,2.566553354,9296,
Fiji,2008,6198, 0.278 ,2.581178665,11093,
Fiji,2009,6731, 0.280 ,2.595887184,12993,
Fiji,2010,7455, 0.282 ,2.610679388,15131,
Fiji,2011,7937, 0.284 ,2.620628595,16854,
Fiji,2012,8455, 0.284 ,2.630615473,17239,
Fiji,2013,9316, 0.285 ,2.640640259,19212,
Fiji,2014,10701, 0.318 ,2.65070343,21506,
Fiji,2015,11270, 0.310 ,2.660804987,23807,
Fiji,2016,11109, 0.302 ,2.670945168,24632,
Fiji,2017,11404, 0.303 ,2.681123972,24811,
Fiji,2018,12427, 0.305 ,2.6913414,25719,
Fiji,2019,12240, 0.308 ,2.701597691,26759,
France,1950,324869, 19.554 ,2.183597565,1665636,2350.959619
France,1951,342548, 19.688 ,2.191972017,1691041,2360.515783
France,1952,352087, 19.768 ,2.200378656,1747304,2338.82752
France,1953,366107, 19.694 ,2.208817482,1785370,2313.312211
France,1954,386716, 19.734 ,2.217288733,1841774,2316.427557
France,1955,407778, 19.888 ,2.225792408,1904574,2292.047703
France,1956,428429, 20.138 ,2.203723192,1977476,2236.061323
France,1957,452272, 20.292 ,2.181872845,2057909,2199.605168
France,1958,466216, 20.243 ,2.16023922,2148920,2179.393316
France,1959,479287, 20.134 ,2.138820171,2228635,2179.248372
France,1960,519088, 20.168 ,2.117613316,2337711,2188.47715
France,1961,544624, 20.160 ,2.136182785,2448993,2165.189576
France,1962,581668, 20.144 ,2.154915094,2582985,2177.768891
France,1963,618581, 20.294 ,2.173811674,2729029,2159.342325
France,1964,659606, 20.511 ,2.192873955,2895058,2166.152525
France,1965,690575, 20.574 ,2.212103605,3053636,2153.15843
France,1966,728003, 20.732 ,2.231501579,3226894,2144.572022
France,1967,764381, 20.790 ,2.251069784,3405476,2110.471647
France,1968,797234, 20.737 ,2.27080965,3601870,2086.602239
France,1969,853973, 21.049 ,2.290722609,3818031,2011.949698
France,1970,905887, 21.332 ,2.310810089,4048165,1992.507975
France,1971,959781, 21.391 ,2.338173866,4263204,1989.731696
France,1972,1010714, 21.506 ,2.365861654,4458198,1936.627698
France,1973,1083913, 21.795 ,2.393877268,4666003,1920.426943
France,1974,1135803, 22.007 ,2.422224522,4885877,1888.467773
France,1975,1131990, 21.866 ,2.450907707,5079784,1862.60459
France,1976,1187702, 22.083 ,2.479930401,5295688,1888.886164
France,1977,1237459, 22.291 ,2.509296656,5566905,1850.328211
France,1978,1295256, 22.424 ,2.539011002,5836406,1819.027159
France,1979,1350102, 22.571 ,2.566101551,6109782,1815.541441
France,1980,1377956, 22.662 ,2.586520672,6268923,1806.133784
France,1981,1350792, 22.631 ,2.607220411,6251870,1785.587187
France,1982,1348469, 22.686 ,2.628085852,6091588,1714.378401
France,1983,1329260, 22.690 ,2.649118185,5871084,1696.302622
France,1984,1315407, 22.573 ,2.67031908,5723049,1689.65016
France,1985,1294101, 22.553 ,2.691689253,5708965,1654.322053
France,1986,1365870, 22.697 ,2.713230848,5781998,1648.351684
France,1987,1406154, 22.922 ,2.73494482,5884943,1659.385665
France,1988,1477762, 23.170 ,2.756832361,6041235,1667.407559
France,1989,1532214, 23.468 ,2.77889514,6233176,1651.266781
France,1990,1581095, 23.660 ,2.801134348,6432617,1644.850669
France,1991,1586835, 23.685 ,2.810061455,6642136,1637.781728
France,1992,1615930, 23.526 ,2.819016933,6828188,1635.152483
France,1993,1612599, 23.283 ,2.828001022,6987829,1626.685885
France,1994,1645412, 23.411 ,2.837013483,7139610,1623.233565
France,1995,1682645, 23.659 ,2.846054792,7275161,1601.211588
France,1996,1720382, 23.806 ,2.855125189,7368295,1597.281509
France,1997,1819024, 24.004 ,2.864224195,7246787,1595.645328
France,1998,1921073, 24.439 ,2.873352289,7124163,1585.289681
France,1999,2011288, 25.020 ,2.88250947,7006718,1578.30451
France,2000,2128715, 25.625 ,2.891695738,6962127,1558.338802
France,2001,2185648, 25.974 ,2.907761812,6877292,1537.956604
France,2002,2197272, 26.102 ,2.923917294,6834511,1503.886735
France,2003,2144134, 26.124 ,2.94016242,6823246,1507.256771
France,2004,2188098, 26.165 ,2.956497908,7761343,1530.856012
France,2005,2372597, 26.335 ,2.972923994,8548550,1532.075909
France,2006,2432616, 26.610 ,2.989441156,9794697,1515.0112
France,2007,2546278, 26.991 ,3.006050348,10812035,1536.815501
France,2008,2568574, 27.132 ,3.022751808,11633671,1542.796085
France,2009,2487518, 26.833 ,3.039546251,12120916,1531.451173
France,2010,2591609, 26.876 ,3.056433678,13083475,1539.803062
France,2011,2665867, 27.098 ,3.075263262,13734435,1546.331189
France,2012,2701083, 27.209 ,3.094208956,13871869,1540.880619
France,2013,2675257, 27.216 ,3.113271475,14650625,1526.242001
France,2014,2680613, 27.312 ,3.132451296,15092760,1518.111034
France,2015,2730344, 27.385 ,3.151749134,15219803,1519.484356
France,2016,2765765, 27.584 ,3.171165943,15654266,1522.069358
France,2017,2869817, 27.882 ,3.190702438,16207717,1505.367862
France,2018,2902141, 28.182 ,3.210359335,16414001,1495.457921
France,2019,2946958, 28.533 ,3.230137348,16697563,1504.912353
Gabon,1950,,,,,
Gabon,1951,,,,,
Gabon,1952,,,,,
Gabon,1953,,,,,
Gabon,1954,,,,,
Gabon,1955,,,,,
Gabon,1956,,,,,
Gabon,1957,,,,,
Gabon,1958,,,,,
Gabon,1959,,,,,
Gabon,1960,1972, 0.181 ,1.072033048,3423,
Gabon,1961,2131, 0.182 ,1.076209426,3852,
Gabon,1962,2387, 0.184 ,1.080402255,4280,
Gabon,1963,2882, 0.186 ,1.084611297,4594,
Gabon,1964,3220, 0.188 ,1.088836789,4849,
Gabon,1965,3608, 0.190 ,1.093078732,5082,
Gabon,1966,3353, 0.192 ,1.103046775,5479,
Gabon,1967,3679, 0.195 ,1.113105774,5693,
Gabon,1968,3773, 0.198 ,1.123256564,5909,
Gabon,1969,4045, 0.200 ,1.133499861,6160,
Gabon,1970,4774, 0.204 ,1.143836617,6526,
Gabon,1971,4965, 0.206 ,1.155475736,6909,
Gabon,1972,4916, 0.209 ,1.167233348,7413,
Gabon,1973,5693, 0.212 ,1.179110527,7955,
Gabon,1974,7452, 0.214 ,1.191108584,9970,
Gabon,1975,8235, 0.217 ,1.203228712,12563,
Gabon,1976,9931, 0.221 ,1.235135198,16279,
Gabon,1977,9537, 0.224 ,1.267887831,18811,
Gabon,1978,10218, 0.228 ,1.301509023,19330,
Gabon,1979,10319, 0.232 ,1.336021662,19884,
Gabon,1980,10617, 0.237 ,1.37144959,20413,
Gabon,1981,10042, 0.240 ,1.404826403,21535,
Gabon,1982,9546, 0.244 ,1.439015627,22479,
Gabon,1983,10487, 0.248 ,1.474036932,23396,
Gabon,1984,11597, 0.252 ,1.509910583,24173,
Gabon,1985,10594, 0.257 ,1.546657205,25254,
Gabon,1986,8201, 0.263 ,1.591485858,26139,
Gabon,1987,8000, 0.270 ,1.637613893,25916,
Gabon,1988,7223, 0.276 ,1.685078859,26363,
Gabon,1989,9413, 0.281 ,1.727788091,26408,
Gabon,1990,11321, 0.287 ,1.765400767,26349,
Gabon,1991,11818, 0.294 ,1.797724485,26434,
Gabon,1992,11241, 0.301 ,1.830639958,26423,
Gabon,1993,11376, 0.308 ,1.864158154,26569,
Gabon,1994,10362, 0.317 ,1.898289919,26588,
Gabon,1995,11603, 0.325 ,1.933046699,26706,
Gabon,1996,13083, 0.333 ,1.969570994,26791,
Gabon,1997,11445, 0.342 ,2.006785393,28218,
Gabon,1998,9898, 0.350 ,2.044702768,31468,
Gabon,1999,11704, 0.359 ,2.083336592,35387,
Gabon,2000,14044, 0.368 ,2.122700691,41114,
Gabon,2001,12785, 0.377 ,2.15596962,50185,
Gabon,2002,13463, 0.386 ,2.189760208,63917,
Gabon,2003,15223, 0.395 ,2.224080324,82307,
Gabon,2004,18395, 0.405 ,2.258938313,102813,
Gabon,2005,25009, 0.416 ,2.294342518,114516,
Gabon,2006,24117, 0.423 ,2.324808359,115920,
Gabon,2007,25337, 0.430 ,2.355678558,116400,
Gabon,2008,30094, 0.438 ,2.386958838,116328,
Gabon,2009,19096, 0.446 ,2.418654203,115118,
Gabon,2010,22436, 0.456 ,2.450770617,114988,
Gabon,2011,31496, 0.476 ,2.510474682,114816,
Gabon,2012,28639, 0.500 ,2.567820549,104423,
Gabon,2013,30099, 0.525 ,2.609771252,109116,
Gabon,2014,30333, 0.552 ,2.652407408,126609,
Gabon,2015,29649, 0.578 ,2.695739985,128678,
Gabon,2016,29613, 0.600 ,2.739780664,115025,
Gabon,2017,30508, 0.622 ,2.784540892,116469,
Gabon,2018,32420, 0.642 ,2.83003211,118657,
Gabon,2019,33658, 0.658 ,2.876266956,121402,
United Kingdom,1950,523645, 23.208 ,2.434504271,1330191,2183.943622
United Kingdom,1951,540520, 23.553 ,2.444693804,1419656,2192.663847
United Kingdom,1952,538869, 23.540 ,2.454926014,1476983,2160.85856
United Kingdom,1953,566293, 23.653 ,2.465200901,1545315,2164.779889
United Kingdom,1954,587977, 23.987 ,2.475518942,1615829,2168.931003
United Kingdom,1955,611782, 24.247 ,2.485880136,1702176,2167.362952
United Kingdom,1956,624797, 24.462 ,2.49860096,1784444,2153.779598
United Kingdom,1957,637094, 24.491 ,2.511386871,1867226,2132.252318
United Kingdom,1958,639945, 24.227 ,2.524238586,1936081,2102.453274
United Kingdom,1959,662078, 23.710 ,2.537155628,2017196,2112.238031
United Kingdom,1960,694652, 24.132 ,2.55013895,2116586,2103.583658
United Kingdom,1961,712288, 24.405 ,2.571570158,2220715,2066.811106
United Kingdom,1962,721435, 24.580 ,2.589919567,2309218,2029.04476
United Kingdom,1963,749406, 24.609 ,2.608399868,2402670,2020.596682
United Kingdom,1964,794483, 24.897 ,2.627012014,2548647,2020.83365
United Kingdom,1965,815405, 25.151 ,2.64575696,2686644,1997.567956
United Kingdom,1966,832910, 25.301 ,2.664635658,2811044,1941.609751
United Kingdom,1967,852446, 24.939 ,2.683649302,2952181,1929.527472
United Kingdom,1968,887279, 24.789 ,2.702798367,3109283,1922.201534
United Kingdom,1969,904691, 24.805 ,2.722084284,3255464,1912.604783
United Kingdom,1970,928295, 24.701 ,2.74150753,3401047,1870.894407
United Kingdom,1971,942994, 24.438 ,2.763754129,3409443,1830.142408
United Kingdom,1972,973482, 24.497 ,2.78618145,3248369,1851.366498
United Kingdom,1973,1040706, 24.875 ,2.808790445,3073526,1860.252353
United Kingdom,1974,1007689, 24.971 ,2.831583261,2947561,1845.297003
United Kingdom,1975,989253, 24.905 ,2.854560852,2908284,1814.079593
United Kingdom,1976,1039064, 24.778 ,2.877724648,2939362,1807.024127
United Kingdom,1977,1088998, 24.820 ,2.901076794,2997737,1816.92934
United Kingdom,1978,1163162, 24.957 ,2.924618244,3079085,1818.03747
United Kingdom,1979,1229293, 25.185 ,2.948350906,3174296,1815.493
United Kingdom,1980,1246677, 25.040 ,2.972275972,3223615,1785.396382
United Kingdom,1981,1220937, 24.360 ,2.994034052,3240605,1749.119935
United Kingdom,1982,1222761, 23.909 ,3.015951633,3287652,1745.419246
United Kingdom,1983,1250671, 23.731 ,3.038029432,3315999,1739.54848
United Kingdom,1984,1266117, 24.229 ,3.060268641,3370075,1745.752522
United Kingdom,1985,1287016, 24.503 ,3.082670927,3441630,1748.081732
United Kingdom,1986,1301848, 24.627 ,3.105237246,3514269,1742.736778
United Kingdom,1987,1359725, 25.096 ,3.12796855,3625410,1747.566738
United Kingdom,1988,1408895, 25.912 ,3.15086627,3771961,1754.725738
United Kingdom,1989,1430370, 26.585 ,3.173931837,3949547,1758.556942
United Kingdom,1990,1445537, 26.704 ,3.197166204,4052510,1745.944085
United Kingdom,1991,1401683, 25.990 ,3.227114201,4235583,1720.546584
United Kingdom,1992,1399795, 25.372 ,3.257342815,4437698,1714.330462
United Kingdom,1993,1438640, 25.144 ,3.287854671,4638598,1710.316072
United Kingdom,1994,1479402, 25.351 ,3.318652153,4939056,1720.590484
United Kingdom,1995,1626361, 25.670 ,3.349738359,5152431,1722.625249
United Kingdom,1996,1724950, 25.925 ,3.381115437,5453878,1722.092499
United Kingdom,1997,1829166, 26.408 ,3.412786484,6110674,1721.195442
United Kingdom,1998,1879455, 26.691 ,3.444754601,6148161,1716.99944
United Kingdom,1999,1958918, 27.067 ,3.477021933,6006644,1708.610393
United Kingdom,2000,2075159, 27.380 ,3.509591341,5987333,1692.953954
United Kingdom,2001,2121908, 27.596 ,3.528481245,5899284,1695.976472
United Kingdom,2002,2123617, 27.804 ,3.547472715,5825549,1678.561396
United Kingdom,2003,2166739, 28.060 ,3.566566467,5956338,1669.380343
United Kingdom,2004,2220801, 28.354 ,3.585762978,6250318,1666.715738
United Kingdom,2005,2377112, 28.673 ,3.605062723,6797018,1669.737173
United Kingdom,2006,2415816, 29.001 ,3.624466658,7366976,1663.985723
United Kingdom,2007,2412174, 29.316 ,3.643974781,7667142,1665.821363
United Kingdom,2008,2496843, 29.663 ,3.663587809,8823651,1660.468805
United Kingdom,2009,2321852, 29.289 ,3.683306456,9774453,1638.331733
United Kingdom,2010,2481865, 29.425 ,3.703131437,10976813,1643.207828
United Kingdom,2011,2517184, 29.605 ,3.7108953,10501493,1639.815847
United Kingdom,2012,2585394, 29.953 ,3.718675613,11539438,1655.019025
United Kingdom,2013,2685292, 30.314 ,3.726472139,12954237,1665.974886
United Kingdom,2014,2700871, 31.011 ,3.734284878,12899374,1672.434032
United Kingdom,2015,2807568, 31.507 ,3.742114305,13923109,1669.465155
United Kingdom,2016,2827234, 31.938 ,3.749960184,13473861,1667.698899
United Kingdom,2017,2942276, 32.243 ,3.757822275,13706323,1668.949059
United Kingdom,2018,2974125, 32.632 ,3.765700817,13915238,1663.188884
United Kingdom,2019,2989896, 32.982 ,3.773596048,14146595,1667.947711
Georgia,1950,,,,,
Georgia,1951,,,,,
Georgia,1952,,,,,
Georgia,1953,,,,,
Georgia,1954,,,,,
Georgia,1955,,,,,
Georgia,1956,,,,,
Georgia,1957,,,,,
Georgia,1958,,,,,
Georgia,1959,,,,,
Georgia,1960,,,,,
Georgia,1961,,,,,
Georgia,1962,,,,,
Georgia,1963,,,,,
Georgia,1964,,,,,
Georgia,1965,,,,,
Georgia,1966,,,,,
Georgia,1967,,,,,
Georgia,1968,,,,,
Georgia,1969,,,,,
Georgia,1970,,,,,
Georgia,1971,,,,,
Georgia,1972,,,,,
Georgia,1973,,,,,
Georgia,1974,,,,,
Georgia,1975,,,,,
Georgia,1976,,,,,
Georgia,1977,,,,,
Georgia,1978,,,,,
Georgia,1979,,,,,
Georgia,1980,,,,,
Georgia,1981,,,,,
Georgia,1982,,,,,
Georgia,1983,,,,,
Georgia,1984,,,,,
Georgia,1985,,,,,
Georgia,1986,,,,,
Georgia,1987,,,,,
Georgia,1988,,,,,
Georgia,1989,,,,,
Georgia,1990,63676, 2.862 ,,88837,
Georgia,1991,54811, 2.591 ,,89246,
Georgia,1992,23999, 2.038 ,,87623,
Georgia,1993,14676, 1.845 ,,84072,
Georgia,1994,12791, 1.802 ,,81622,
Georgia,1995,13534, 1.775 ,,80125,
Georgia,1996,15723, 1.801 ,,79042,
Georgia,1997,17200, 1.772 ,,78576,
Georgia,1998,16726, 1.624 ,,79834,
Georgia,1999,16717, 1.593 ,,81330,
Georgia,2000,16713, 1.664 ,,82959,
Georgia,2001,17758, 1.685 ,,85450,
Georgia,2002,18998, 1.564 ,,88072,
Georgia,2003,21115, 1.599 ,,91477,
Georgia,2004,22980, 1.544 ,,94990,
Georgia,2005,25653, 1.481 ,,98352,
Georgia,2006,29469, 1.405 ,,98459,
Georgia,2007,32953, 1.363 ,,95830,
Georgia,2008,34404, 1.373 ,,91610,
Georgia,2009,34940, 1.368 ,,86523,
Georgia,2010,36534, 1.362 ,,84135,
Georgia,2011,39661, 1.359 ,,84555,
Georgia,2012,42720, 1.363 ,,108846,
Georgia,2013,44352, 1.347 ,,125618,
Georgia,2014,47384, 1.386 ,,142201,
Georgia,2015,51087, 1.416 ,,169610,
Georgia,2016,53355, 1.400 ,,210339,
Georgia,2017,57610, 1.390 ,,248033,
Georgia,2018,60611, 1.378 ,,254090,
Georgia,2019,68167, 1.372 ,,263192,
Ghana,1950,,,,,
Ghana,1951,,,,,
Ghana,1952,,,,,
Ghana,1953,,,,,
Ghana,1954,,,,,
Ghana,1955,23262, 2.165 ,1.092463851,82718,
Ghana,1956,23919, 2.222 ,1.093910933,88541,
Ghana,1957,23368, 2.281 ,1.095359921,91510,
Ghana,1958,24724, 2.342 ,1.096810818,94790,
Ghana,1959,28709, 2.406 ,1.098263741,101183,
Ghana,1960,31375, 2.472 ,1.099718571,108352,
Ghana,1961,30501, 2.521 ,1.113522172,112650,
Ghana,1962,30810, 2.549 ,1.127498984,115791,
Ghana,1963,33642, 2.646 ,1.141651273,120923,
Ghana,1964,36032, 2.606 ,1.155981183,127235,
Ghana,1965,35589, 2.638 ,1.17049098,132818,
Ghana,1966,35267, 2.653 ,1.190120578,136118,
Ghana,1967,32995, 2.756 ,1.210079551,136396,
Ghana,1968,33303, 2.795 ,1.230373144,135252,
Ghana,1969,36060, 2.934 ,1.251007199,135750,
Ghana,1970,39521, 3.023 ,1.2719872,138446,
Ghana,1971,41283, 3.211 ,1.292719722,142870,
Ghana,1972,35028, 3.277 ,1.313790321,141586,
Ghana,1973,39411, 3.582 ,1.335204244,139837,
Ghana,1974,44631, 3.792 ,1.356967211,145338,
Ghana,1975,39588, 3.949 ,1.379084826,147785,
Ghana,1976,35930, 3.992 ,1.404536724,147553,
Ghana,1977,41254, 4.295 ,1.430458426,148775,
Ghana,1978,41278, 4.453 ,1.456858516,148943,
Ghana,1979,38790, 4.399 ,1.483745813,149755,
Ghana,1980,38966, 4.523 ,1.51112926,148564,
Ghana,1981,36553, 4.629 ,1.54982698,146170,
Ghana,1982,31328, 4.638 ,1.589515805,143050,
Ghana,1983,31057, 4.808 ,1.63022089,140894,
Ghana,1984,33951, 5.232 ,1.67196846,144864,
Ghana,1985,36335, 5.512 ,1.713397145,147126,
Ghana,1986,37167, 5.674 ,1.744399071,148179,
Ghana,1987,38002, 5.910 ,1.775961757,149707,
Ghana,1988,41749, 6.081 ,1.808095694,151680,
Ghana,1989,41719, 6.233 ,1.840810895,156175,
Ghana,1990,43271, 6.312 ,1.87411809,160290,
Ghana,1991,47550, 6.153 ,1.902661681,165117,
Ghana,1992,46311, 6.239 ,1.93163991,168664,
Ghana,1993,43716, 6.316 ,1.96105969,173346,
Ghana,1994,45874, 6.407 ,1.990927458,177713,
Ghana,1995,47962, 6.509 ,2.02125001,181576,
Ghana,1996,48727, 6.631 ,2.040380001,187754,
Ghana,1997,53672, 6.825 ,2.059690952,194927,
Ghana,1998,53487, 6.959 ,2.079184771,201228,
Ghana,1999,56213, 7.104 ,2.098862886,202627,
Ghana,2000,66851, 7.167 ,2.118727446,216613,
Ghana,2001,62026, 7.369 ,2.130792618,231960,
Ghana,2002,62292, 7.590 ,2.142926216,236010,
Ghana,2003,66174, 7.811 ,2.155129194,246328,
Ghana,2004,70972, 8.054 ,2.167401552,263065,
Ghana,2005,73013, 8.403 ,2.179743528,280575,
Ghana,2006,75034, 8.734 ,2.195398808,308143,
Ghana,2007,90118, 9.051 ,2.21116662,353259,
Ghana,2008,101419, 9.564 ,2.227047443,425558,
Ghana,2009,96676, 9.808 ,2.243042469,511800,
Ghana,2010,108135, 10.340 ,2.259152174,599239,
Ghana,2011,122926, 10.835 ,2.287447214,663513,
Ghana,2012,138776, 11.067 ,2.316096544,698791,
Ghana,2013,149969, 11.721 ,2.345104694,730454,
Ghana,2014,158772, 11.566 ,2.374476433,717745,
Ghana,2015,149123, 11.673 ,2.404215574,670275,
Ghana,2016,143054, 12.145 ,2.434327602,489194,
Ghana,2017,147959, 12.608 ,2.46481657,377763,
Ghana,2018,152167, 12.931 ,2.495687485,392538,
Ghana,2019,163139, 13.221 ,2.526944876,404696,
Guinea,1950,,,,,
Guinea,1951,,,,,
Guinea,1952,,,,,
Guinea,1953,,,,,
Guinea,1954,,,,,
Guinea,1955,,,,,
Guinea,1956,,,,,
Guinea,1957,,,,,
Guinea,1958,,,,,
Guinea,1959,10678,,,4594,
Guinea,1960,11787,,,4849,
Guinea,1961,12596,,,5215,
Guinea,1962,12981,,,5741,
Guinea,1963,13467,,,5999,
Guinea,1964,12554,,,6307,
Guinea,1965,13022,,,6685,
Guinea,1966,13274,,,7147,
Guinea,1967,12869,,,7484,
Guinea,1968,12915,,,7798,
Guinea,1969,12811,,,8073,
Guinea,1970,12480,,,8380,
Guinea,1971,13153,,,8711,
Guinea,1972,13461,,,9050,
Guinea,1973,13674,,,9374,
Guinea,1974,14393,,,9743,
Guinea,1975,14839,,,10107,
Guinea,1976,15994,,,10500,
Guinea,1977,15455,,,10875,
Guinea,1978,16476,,,11274,
Guinea,1979,16262,,,11671,
Guinea,1980,16913, 1.845 ,,12055,
Guinea,1981,16727, 1.881 ,,12509,
Guinea,1982,17134, 1.917 ,,12947,
Guinea,1983,17154, 1.957 ,,13296,
Guinea,1984,17453, 2.002 ,,13610,
Guinea,1985,18225, 2.049 ,,13999,
Guinea,1986,18533, 2.105 ,,14552,
Guinea,1987,19363, 2.165 ,,15201,
Guinea,1988,20765, 2.226 ,,15981,
Guinea,1989,21274, 2.292 ,,16781,
Guinea,1990,21955, 2.359 ,,18065,
Guinea,1991,22440, 2.418 ,,18942,
Guinea,1992,22663, 2.476 ,,19787,
Guinea,1993,23885, 2.532 ,,20714,
Guinea,1994,25090, 2.593 ,,21578,
Guinea,1995,26146, 2.655 ,,22404,
Guinea,1996,28451, 2.715 ,,23268,
Guinea,1997,26023, 2.778 ,,23770,
Guinea,1998,26322, 2.843 ,,23605,
Guinea,1999,24555, 2.905 ,,22948,
Guinea,2000,22994, 2.969 ,,22250,
Guinea,2001,21582, 3.021 ,,21385,
Guinea,2002,20680, 3.068 ,,21160,
Guinea,2003,18283, 3.120 ,,21211,
Guinea,2004,17593, 3.176 ,,21782,
Guinea,2005,17967, 3.237 ,,23092,
Guinea,2006,18618, 3.313 ,,24462,
Guinea,2007,18718, 3.391 ,,26335,
Guinea,2008,19299, 3.472 ,,27942,
Guinea,2009,18334, 3.551 ,,29096,
Guinea,2010,20600, 3.633 ,,30450,
Guinea,2011,21890, 3.719 ,,33070,
Guinea,2012,22976, 3.807 ,,36036,
Guinea,2013,23624, 3.902 ,,34732,
Guinea,2014,23070, 4.006 ,,34100,
Guinea,2015,23850, 4.117 ,,36055,
Guinea,2016,26310, 4.240 ,,45729,
Guinea,2017,29232, 4.371 ,,51071,
Guinea,2018,27592, 4.516 ,,53527,
Guinea,2019,29205, 4.680 ,,55245,
Gambia,1950,,,,,
Gambia,1951,,,,,
Gambia,1952,,,,,
Gambia,1953,,,,,
Gambia,1954,,,,,
Gambia,1955,,,,,
Gambia,1956,,,,,
Gambia,1957,,,,,
Gambia,1958,,,,,
Gambia,1959,,,,,
Gambia,1960,950,,1.051955938,916,
Gambia,1961,888,,1.052300096,930,
Gambia,1962,897,,1.052644372,962,
Gambia,1963,948,,1.052988768,982,
Gambia,1964,1059,,1.053333282,1016,
Gambia,1965,1183,,1.053677917,1071,
Gambia,1966,1204,,1.054758549,1135,
Gambia,1967,1196,,1.055840373,1198,
Gambia,1968,1277,,1.056923151,1278,
Gambia,1969,1255,,1.058007121,1373,
Gambia,1970,1440,,1.059092283,1459,
Gambia,1971,1444,,1.060117006,1568,
Gambia,1972,1465,,1.061142802,1587,
Gambia,1973,1598,,1.062169552,1620,
Gambia,1974,1691,,1.063197255,1636,
Gambia,1975,1792,,1.064226031,1678,
Gambia,1976,1764,,1.07026279,1797,
Gambia,1977,1785,,1.076333761,1943,
Gambia,1978,1893,,1.082439303,2055,
Gambia,1979,1835,,1.088579297,2175,
Gambia,1980,1841, 0.244 ,1.094754219,2300,
Gambia,1981,2181, 0.250 ,1.102729797,2383,
Gambia,1982,2334, 0.257 ,1.110763431,2440,
Gambia,1983,2237, 0.263 ,1.118855596,2509,
Gambia,1984,2302, 0.272 ,1.12700665,2563,
Gambia,1985,2376, 0.283 ,1.13521719,2611,
Gambia,1986,2461, 0.296 ,1.144090295,2664,
Gambia,1987,2479, 0.311 ,1.153032899,2826,
Gambia,1988,2560, 0.327 ,1.16204536,3113,
Gambia,1989,2651, 0.343 ,1.171128154,3397,
Gambia,1990,2751, 0.358 ,1.180282116,3660,
Gambia,1991,2826, 0.370 ,1.19813168,3960,
Gambia,1992,2899, 0.381 ,1.216251135,4372,
Gambia,1993,3005, 0.391 ,1.234644771,4710,
Gambia,1994,3009, 0.399 ,1.253316402,4967,
Gambia,1995,3081, 0.406 ,1.27227056,5254,
Gambia,1996,3153, 0.414 ,1.278727055,5583,
Gambia,1997,3227, 0.422 ,1.285216212,5803,
Gambia,1998,3248, 0.429 ,1.291738391,6079,
Gambia,1999,3532, 0.437 ,1.298293591,6342,
Gambia,2000,3840, 0.446 ,1.304882169,6609,
Gambia,2001,3978, 0.454 ,1.318159223,7153,
Gambia,2002,3775, 0.463 ,1.331571341,8333,
Gambia,2003,4165, 0.471 ,1.345119953,9353,
Gambia,2004,5158, 0.480 ,1.358806372,9664,
Gambia,2005,5513, 0.488 ,1.372632146,9904,
Gambia,2006,5106, 0.496 ,1.389354229,10309,
Gambia,2007,5235, 0.504 ,1.406280041,10985,
Gambia,2008,4954, 0.512 ,1.423412085,11938,
Gambia,2009,5087, 0.520 ,1.440752864,13084,
Gambia,2010,5302, 0.528 ,1.458304763,14041,
Gambia,2011,4753, 0.536 ,1.478025556,14454,
Gambia,2012,4925, 0.544 ,1.498729587,13249,
Gambia,2013,4805, 0.562 ,1.52047646,12068,
Gambia,2014,4639, 0.582 ,1.543330312,12117,
Gambia,2015,4736, 0.602 ,1.567360044,11803,
Gambia,2016,4636, 0.623 ,1.592639685,11073,
Gambia,2017,4853, 0.644 ,1.619249225,10417,
Gambia,2018,5431, 0.665 ,1.647274852,10742,
Gambia,2019,5655, 0.689 ,1.676809788,11225,
Guinea-Bissau,1950,,,,,
Guinea-Bissau,1951,,,,,
Guinea-Bissau,1952,,,,,
Guinea-Bissau,1953,,,,,
Guinea-Bissau,1954,,,,,
Guinea-Bissau,1955,,,,,
Guinea-Bissau,1956,,,,,
Guinea-Bissau,1957,,,,,
Guinea-Bissau,1958,,,,,
Guinea-Bissau,1959,,,,,
Guinea-Bissau,1960,600,,,452,
Guinea-Bissau,1961,629,,,578,
Guinea-Bissau,1962,619,,,709,
Guinea-Bissau,1963,669,,,826,
Guinea-Bissau,1964,684,,,946,
Guinea-Bissau,1965,711,,,1043,
Guinea-Bissau,1966,642,,,1139,
Guinea-Bissau,1967,729,,,1247,
Guinea-Bissau,1968,760,,,1352,
Guinea-Bissau,1969,829,,,1478,
Guinea-Bissau,1970,899,,,1705,
Guinea-Bissau,1971,861,,,1910,
Guinea-Bissau,1972,908,,,2082,
Guinea-Bissau,1973,915,,,2236,
Guinea-Bissau,1974,964,,,2361,
Guinea-Bissau,1975,1139,,,2477,
Guinea-Bissau,1976,1228,,,2608,
Guinea-Bissau,1977,977,,,2769,
Guinea-Bissau,1978,1135,,,2974,
Guinea-Bissau,1979,1115,,,3176,
Guinea-Bissau,1980,1131, 0.302 ,,3390,
Guinea-Bissau,1981,1262, 0.303 ,,3532,
Guinea-Bissau,1982,1280, 0.306 ,,3664,
Guinea-Bissau,1983,1267, 0.311 ,,3729,
Guinea-Bissau,1984,1270, 0.316 ,,3880,
Guinea-Bissau,1985,1027, 0.323 ,,4006,
Guinea-Bissau,1986,1349, 0.332 ,,4082,
Guinea-Bissau,1987,1390, 0.342 ,,4200,
Guinea-Bissau,1988,1589, 0.352 ,,4394,
Guinea-Bissau,1989,1585, 0.362 ,,4546,
Guinea-Bissau,1990,1656, 0.373 ,,4689,
Guinea-Bissau,1991,1669, 0.380 ,,4799,
Guinea-Bissau,1992,1372, 0.389 ,,5096,
Guinea-Bissau,1993,1632, 0.397 ,,5272,
Guinea-Bissau,1994,1819, 0.406 ,,5397,
Guinea-Bissau,1995,1844, 0.415 ,,5497,
Guinea-Bissau,1996,1943, 0.423 ,,5578,
Guinea-Bissau,1997,2256, 0.431 ,,5673,
Guinea-Bissau,1998,1894, 0.441 ,,5677,
Guinea-Bissau,1999,2171, 0.451 ,,5669,
Guinea-Bissau,2000,2129, 0.460 ,,5724,
Guinea-Bissau,2001,2167, 0.472 ,,5785,
Guinea-Bissau,2002,2107, 0.484 ,,5891,
Guinea-Bissau,2003,2128, 0.497 ,,6008,
Guinea-Bissau,2004,2209, 0.510 ,,6074,
Guinea-Bissau,2005,2213, 0.525 ,,6127,
Guinea-Bissau,2006,2169, 0.540 ,,6159,
Guinea-Bissau,2007,2167, 0.555 ,,6162,
Guinea-Bissau,2008,2175, 0.571 ,,6124,
Guinea-Bissau,2009,2125, 0.586 ,,6069,
Guinea-Bissau,2010,2264, 0.603 ,,5995,
Guinea-Bissau,2011,2450, 0.620 ,,5949,
Guinea-Bissau,2012,2423, 0.638 ,,5855,
Guinea-Bissau,2013,2439, 0.657 ,,5652,
Guinea-Bissau,2014,2500, 0.677 ,,5681,
Guinea-Bissau,2015,2893, 0.697 ,,5672,
Guinea-Bissau,2016,3161, 0.717 ,,5672,
Guinea-Bissau,2017,3487, 0.737 ,,5695,
Guinea-Bissau,2018,3421, 0.758 ,,5797,
Guinea-Bissau,2019,3554, 0.780 ,,5861,
Equatorial Guinea,1950,,,,,
Equatorial Guinea,1951,,,,,
Equatorial Guinea,1952,,,,,
Equatorial Guinea,1953,,,,,
Equatorial Guinea,1954,,,,,
Equatorial Guinea,1955,,,,,
Equatorial Guinea,1956,,,,,
Equatorial Guinea,1957,,,,,
Equatorial Guinea,1958,,,,,
Equatorial Guinea,1959,,,,,
Equatorial Guinea,1960,322,,,,
Equatorial Guinea,1961,326,,,,
Equatorial Guinea,1962,334,,,,
Equatorial Guinea,1963,380,,,,
Equatorial Guinea,1964,383,,,,
Equatorial Guinea,1965,415,,,127,
Equatorial Guinea,1966,457,,,139,
Equatorial Guinea,1967,510,,,152,
Equatorial Guinea,1968,541,,,171,
Equatorial Guinea,1969,567,,,186,
Equatorial Guinea,1970,582,,,198,
Equatorial Guinea,1971,607,,,210,
Equatorial Guinea,1972,620,,,223,
Equatorial Guinea,1973,665,,,236,
Equatorial Guinea,1974,686,,,250,
Equatorial Guinea,1975,731,,,263,
Equatorial Guinea,1976,733,,,274,
Equatorial Guinea,1977,786,,,283,
Equatorial Guinea,1978,743,,,296,
Equatorial Guinea,1979,707,,,310,
Equatorial Guinea,1980,744, 0.071 ,,323,
Equatorial Guinea,1981,765, 0.078 ,,339,
Equatorial Guinea,1982,809, 0.089 ,,362,
Equatorial Guinea,1983,845, 0.100 ,,388,
Equatorial Guinea,1984,852, 0.112 ,,398,
Equatorial Guinea,1985,961, 0.121 ,,407,
Equatorial Guinea,1986,895, 0.127 ,,412,
Equatorial Guinea,1987,947, 0.130 ,,423,
Equatorial Guinea,1988,996, 0.132 ,,437,
Equatorial Guinea,1989,983, 0.133 ,,451,
Equatorial Guinea,1990,1043, 0.134 ,,468,
Equatorial Guinea,1991,1096, 0.138 ,,480,
Equatorial Guinea,1992,1143, 0.143 ,,487,
Equatorial Guinea,1993,1139, 0.148 ,,494,
Equatorial Guinea,1994,711, 0.153 ,,535,
Equatorial Guinea,1995,1066, 0.159 ,,703,
Equatorial Guinea,1996,1893, 0.165 ,,1132,
Equatorial Guinea,1997,3574, 0.172 ,,1683,
Equatorial Guinea,1998,3483, 0.180 ,,2323,
Equatorial Guinea,1999,4569, 0.189 ,,3069,
Equatorial Guinea,2000,6115, 0.198 ,,4007,
Equatorial Guinea,2001,9010, 0.207 ,,5609,
Equatorial Guinea,2002,8339, 0.217 ,,6185,
Equatorial Guinea,2003,9697, 0.228 ,,7772,
Equatorial Guinea,2004,13173, 0.241 ,,9259,
Equatorial Guinea,2005,20409, 0.255 ,,10967,
Equatorial Guinea,2006,21441, 0.269 ,,13543,
Equatorial Guinea,2007,25938, 0.283 ,,18681,
Equatorial Guinea,2008,35393, 0.300 ,,28886,
Equatorial Guinea,2009,24930, 0.316 ,,49851,
Equatorial Guinea,2010,36071, 0.334 ,,83619,
Equatorial Guinea,2011,44941, 0.350 ,,118810,
Equatorial Guinea,2012,48220, 0.367 ,,137484,
Equatorial Guinea,2013,46031, 0.385 ,,138072,
Equatorial Guinea,2014,44483, 0.405 ,,140572,
Equatorial Guinea,2015,31835, 0.425 ,,136710,
Equatorial Guinea,2016,28977, 0.441 ,,122371,
Equatorial Guinea,2017,32179, 0.457 ,,118439,
Equatorial Guinea,2018,34979, 0.476 ,,115232,
Equatorial Guinea,2019,33510, 0.496 ,,111423,
Greece,1950,,,,,
Greece,1951,28382, 3.375 ,1.530985475,244154,2312.551345
Greece,1952,27776, 3.412 ,1.571549773,239985,2302.988143
Greece,1953,31562, 3.447 ,1.613188744,237192,2293.464489
Greece,1954,32225, 3.480 ,1.655930996,233657,2283.980218
Greece,1955,34448, 3.510 ,1.699805737,231173,2274.535168
Greece,1956,37509, 3.537 ,1.751953483,230853,2265.129177
Greece,1957,40426, 3.556 ,1.803263187,230587,2255.762083
Greece,1958,42421, 3.583 ,1.856075406,232656,2246.433724
Greece,1959,44114, 3.592 ,1.910434484,236336,2237.143942
Greece,1960,44977, 3.608 ,1.966385484,241694,2227.892576
Greece,1961,51181, 3.623 ,1.978132963,251047,2217.99072
Greece,1962,50332, 3.587 ,1.989950657,259281,2208.132871
Greece,1963,56826, 3.536 ,2.001838923,272214,2198.318837
Greece,1964,60928, 3.490 ,2.013798237,288595,2188.54842
Greece,1965,67528, 3.466 ,2.025828838,309325,2178.821428
Greece,1966,72821, 3.435 ,2.037931442,330972,2169.137668
Greece,1967,76522, 3.394 ,2.050106525,349485,2159.496947
Greece,1968,81597, 3.353 ,2.062354088,370618,2149.899074
Greece,1969,90866, 3.343 ,2.074674845,401665,2140.343859
Greece,1970,99292, 3.339 ,2.087069273,435402,2098.642728
Greece,1971,107108, 3.356 ,2.106049776,468270,2099.604748
Greece,1972,117833, 3.373 ,2.125202894,515637,2101.093557
Greece,1973,126495, 3.416 ,2.144530296,569843,2102.545796
Greece,1974,118751, 3.438 ,2.164033413,602474,2103.959626
Greece,1975,125681, 3.445 ,2.183713913,628204,2105.333346
Greece,1976,133813, 3.484 ,2.203573227,661303,2106.665396
Greece,1977,136359, 3.507 ,2.223613262,706319,2107.954367
Greece,1978,146023, 3.526 ,2.243835449,759542,2109.609747
Greece,1979,149153, 3.568 ,2.264241695,820557,2111.049325
Greece,1980,151923, 3.624 ,2.284833431,863519,2111.699221
Greece,1981,152191, 3.815 ,2.308234215,871800,2111.783929
Greece,1982,147361, 3.782 ,2.331874847,846627,2111.394487
Greece,1983,145494, 3.804 ,2.355757236,813047,2108.866254
Greece,1984,148956, 3.799 ,2.379884481,787803,2108.495484
Greece,1985,154543, 3.901 ,2.404258728,792492,2107.469213
Greece,1986,160981, 3.921 ,2.428882599,819884,2107.81256
Greece,1987,159644, 3.925 ,2.453758717,861776,2110.071251
Greece,1988,171205, 4.005 ,2.478889465,920602,2107.254823
Greece,1989,179567, 4.022 ,2.504277706,998578,2109.303996
Greece,1990,181550, 4.063 ,2.529926062,1092081,2111.622917
Greece,1991,192951, 3.978 ,2.557112932,1204329,2112.890866
Greece,1992,196230, 4.045 ,2.576524973,1315896,2112.868964
Greece,1993,200895, 4.099 ,2.595133305,1435006,2112.143821
Greece,1994,211750, 4.199 ,2.613876104,1532467,2110.198818
Greece,1995,219417, 4.257 ,2.632754564,1587347,2110.706294
Greece,1996,226501, 4.248 ,2.651769161,1609724,2109.400483
Greece,1997,247353, 4.239 ,2.670921087,1580985,2107.944768
Greece,1998,261941, 4.426 ,2.690211296,1567156,2108.434425
Greece,1999,267495, 4.434 ,2.70964098,1554665,2104.852409
Greece,2000,281012, 4.452 ,2.729210854,1532618,2107.638443
Greece,2001,291715, 4.466 ,2.749764442,1427796,2101.130446
Greece,2002,303663, 4.578 ,2.770472527,1438109,2093.215148
Greece,2003,305442, 4.646 ,2.791336775,1499148,2091.478708
Greece,2004,319654, 4.753 ,2.812358141,1578222,2082.551818
Greece,2005,326492, 4.779 ,2.833537817,1558742,2136.239017
Greece,2006,351993, 4.834 ,2.854876995,1820472,2125.336374
Greece,2007,352220, 4.858 ,2.876376629,1965786,2110.988578
Greece,2008,362664, 4.872 ,2.898038626,2070362,2106.260038
Greece,2009,350893, 4.796 ,2.919863701,2135407,2081.211638
Greece,2010,324407, 4.637 ,2.941852808,1916700,2019.570798
Greece,2011,294015, 4.301 ,2.962745428,1839909,2037.700316
Greece,2012,281534, 4.034 ,2.983786583,2203488,2055.374133
Greece,2013,281881, 3.942 ,3.004976749,2419922,2059.219903
Greece,2014,278412, 3.990 ,3.026317596,2478459,2020.881621
Greece,2015,280679, 4.030 ,3.047810316,2418983,2031.140442
Greece,2016,274069, 4.049 ,3.069455385,2305880,2030.090399
Greece,2017,279853, 4.102 ,3.091254234,2336322,2045.241374
Greece,2018,279921, 4.161 ,3.113207817,2316142,2044.431006
Greece,2019,284894, 4.235 ,3.135317564,2300538,2036.463521
Grenada,1950,,,,,
Grenada,1951,,,,,
Grenada,1952,,,,,
Grenada,1953,,,,,
Grenada,1954,,,,,
Grenada,1955,,,,,
Grenada,1956,,,,,
Grenada,1957,,,,,
Grenada,1958,,,,,
Grenada,1959,,,,,
Grenada,1960,,,,,
Grenada,1961,,,,,
Grenada,1962,,,,,
Grenada,1963,,,,,
Grenada,1964,,,,,
Grenada,1965,,,,,
Grenada,1966,,,,,
Grenada,1967,,,,,
Grenada,1968,,,,,
Grenada,1969,,,,,
Grenada,1970,211,,,201,
Grenada,1971,223,,,206,
Grenada,1972,245,,,212,
Grenada,1973,267,,,221,
Grenada,1974,250,,,230,
Grenada,1975,293,,,236,
Grenada,1976,314,,,249,
Grenada,1977,288,,,259,
Grenada,1978,326,,,265,
Grenada,1979,325,,,298,
Grenada,1980,354,,,327,
Grenada,1981,329,,,383,
Grenada,1982,346,,,444,
Grenada,1983,365,,,497,
Grenada,1984,403,,,527,
Grenada,1985,394,,,565,
Grenada,1986,387,,,602,
Grenada,1987,457,,,632,
Grenada,1988,458, 0.028 ,,655,
Grenada,1989,512, 0.028 ,,676,
Grenada,1990,531, 0.028 ,,714,
Grenada,1991,550, 0.029 ,,750,
Grenada,1992,655, 0.029 ,,772,
Grenada,1993,602, 0.030 ,,804,
Grenada,1994,650, 0.030 ,,860,
Grenada,1995,680, 0.033 ,,909,
Grenada,1996,792, 0.035 ,,985,
Grenada,1997,755, 0.035 ,,1075,
Grenada,1998,807, 0.035 ,,1198,
Grenada,1999,819, 0.036 ,,1361,
Grenada,2000,814, 0.038 ,,1503,
Grenada,2001,698, 0.040 ,,1643,
Grenada,2002,763, 0.041 ,,1801,
Grenada,2003,645, 0.043 ,,2045,
Grenada,2004,826, 0.045 ,,2336,
Grenada,2005,970, 0.046 ,,2825,
Grenada,2006,955, 0.048 ,,3342,
Grenada,2007,1018, 0.050 ,,4025,
Grenada,2008,1089, 0.051 ,,4822,
Grenada,2009,1033, 0.053 ,,5620,
Grenada,2010,1120, 0.055 ,,6332,
Grenada,2011,1207, 0.056 ,,6622,
Grenada,2012,1247, 0.058 ,,6358,
Grenada,2013,1287, 0.060 ,,6191,
Grenada,2014,1397, 0.061 ,,6009,
Grenada,2015,1437, 0.062 ,,5873,
Grenada,2016,1515, 0.063 ,,5769,
Grenada,2017,1571, 0.063 ,,5775,
Grenada,2018,1666, 0.063 ,,5991,
Grenada,2019,1722, 0.064 ,,6141,
Guatemala,1950,7246, 1.159 ,1.178068995,8755,
Guatemala,1951,7379, 1.181 ,1.179066181,9195,
Guatemala,1952,7588, 1.203 ,1.180064201,9413,
Guatemala,1953,7850, 1.226 ,1.181063056,9708,
Guatemala,1954,7998, 1.250 ,1.182062745,9981,
Guatemala,1955,8054, 1.273 ,1.183063388,10663,
Guatemala,1956,8615, 1.297 ,1.182812333,11833,
Guatemala,1957,9073, 1.322 ,1.182561517,12976,
Guatemala,1958,9565, 1.346 ,1.182310581,13840,
Guatemala,1959,10164, 1.372 ,1.182059765,14541,
Guatemala,1960,10407, 1.398 ,1.181809068,15195,
Guatemala,1961,10946, 1.429 ,1.182670951,15638,
Guatemala,1962,11309, 1.462 ,1.183533549,16105,
Guatemala,1963,12041, 1.495 ,1.184396744,16955,
Guatemala,1964,12495, 1.528 ,1.185260534,18070,
Guatemala,1965,12931, 1.562 ,1.186124921,19141,
Guatemala,1966,13662, 1.601 ,1.188632369,19897,
Guatemala,1967,14182, 1.640 ,1.191145062,20999,
Guatemala,1968,15264, 1.680 ,1.19366312,22606,
Guatemala,1969,16168, 1.722 ,1.196186423,23504,
Guatemala,1970,17158, 1.764 ,1.198715091,24965,
Guatemala,1971,17983, 1.847 ,1.204928756,26427,
Guatemala,1972,19361, 1.932 ,1.211174488,27799,
Guatemala,1973,20572, 2.020 ,1.217452765,29297,
Guatemala,1974,21570, 2.110 ,1.223763466,30769,
Guatemala,1975,22245, 2.203 ,1.23010695,32443,
Guatemala,1976,23363, 2.283 ,1.257236004,35075,
Guatemala,1977,25301, 2.364 ,1.284963369,37900,
Guatemala,1978,26490, 2.447 ,1.313302279,40897,
Guatemala,1979,28094, 2.534 ,1.342266083,43546,
Guatemala,1980,29462, 2.624 ,1.37186873,45589,
Guatemala,1981,30486, 2.720 ,1.385056734,48239,
Guatemala,1982,30023, 2.666 ,1.398371577,50465,
Guatemala,1983,30019, 2.614 ,1.411814451,51390,
Guatemala,1984,30560, 2.706 ,1.425386548,52385,
Guatemala,1985,29751, 2.695 ,1.439088941,53316,
Guatemala,1986,31248, 2.684 ,1.452094078,54570,
Guatemala,1987,32333, 2.785 ,1.465216756,56528,
Guatemala,1988,32523, 2.899 ,1.478458047,59293,
Guatemala,1989,35210, 3.055 ,1.491818905,62528,
Guatemala,1990,37128, 3.119 ,1.505300522,65306,
Guatemala,1991,39627, 3.193 ,1.519857049,68302,
Guatemala,1992,41199, 3.264 ,1.534554243,73243,
Guatemala,1993,43817, 3.331 ,1.549393535,78980,
Guatemala,1994,45848, 3.403 ,1.564376473,84684,
Guatemala,1995,49029, 3.482 ,1.579504251,91141,
Guatemala,1996,50378, 3.554 ,1.59361434,97884,
Guatemala,1997,53252, 3.640 ,1.607850432,106414,
Guatemala,1998,56470, 3.734 ,1.62221384,117830,
Guatemala,1999,59620, 3.829 ,1.636705518,130136,
Guatemala,2000,62941, 3.947 ,1.651326537,141813,
Guatemala,2001,66772, 4.079 ,1.644117355,155080,
Guatemala,2002,69380, 4.199 ,1.636939645,170715,
Guatemala,2003,72009, 4.320 ,1.629793286,186422,
Guatemala,2004,75076, 4.438 ,1.622678041,203181,
Guatemala,2005,78829, 4.547 ,1.61559391,221855,
Guatemala,2006,83519, 4.671 ,1.647152305,243751,
Guatemala,2007,89425, 4.806 ,1.67932713,266656,
Guatemala,2008,93811, 4.945 ,1.711397648,288731,
Guatemala,2009,96341, 5.075 ,1.736534595,306802,
Guatemala,2010,101553, 5.213 ,1.762040734,322550,
Guatemala,2011,109298, 5.392 ,1.782439232,337740,
Guatemala,2012,117406, 6.023 ,1.803074002,345838,
Guatemala,2013,117738, 5.748 ,1.823947549,339389,
Guatemala,2014,119963, 6.001 ,1.845062852,347922,
Guatemala,2015,125761, 6.173 ,1.866422534,385181,
Guatemala,2016,126030, 6.416 ,1.888029575,404293,
Guatemala,2017,126997, 6.657 ,1.909886599,401532,
Guatemala,2018,131288, 6.886 ,1.931996822,410437,
Guatemala,2019,136605, 7.093 ,1.954362869,422017,
Guyana,1950,,,,,
Guyana,1951,,,,,
Guyana,1952,,,,,
Guyana,1953,,,,,
Guyana,1954,,,,,
Guyana,1955,,,,,
Guyana,1956,,,,,
Guyana,1957,,,,,
Guyana,1958,,,,,
Guyana,1959,,,,,
Guyana,1960,,,,,
Guyana,1961,,,,,
Guyana,1962,,,,,
Guyana,1963,,,,,
Guyana,1964,,,,,
Guyana,1965,,,,,
Guyana,1966,,,,,
Guyana,1967,,,,,
Guyana,1968,,,,,
Guyana,1969,,,,,
Guyana,1970,2697,,1.92476964,,
Guyana,1971,2755,,1.935994744,,
Guyana,1972,2723,,1.947285295,,
Guyana,1973,2835,,1.958641648,,
Guyana,1974,3022,,1.970064402,,
Guyana,1975,3409,,1.981553555,,
Guyana,1976,3561,,1.993109822,,
Guyana,1977,3394,,2.004733562,,
Guyana,1978,3263,,2.016424894,,
Guyana,1979,3281,,2.028184652,,
Guyana,1980,3358, 0.231 ,2.040012598,,
Guyana,1981,3417, 0.234 ,2.05984354,,
Guyana,1982,2927, 0.236 ,2.079867125,,
Guyana,1983,2738, 0.237 ,2.100085258,,
Guyana,1984,2602, 0.237 ,2.120500088,,
Guyana,1985,2511, 0.238 ,2.141113281,,
Guyana,1986,2495, 0.238 ,2.161926985,,
Guyana,1987,2560, 0.237 ,2.182942867,,
Guyana,1988,2410, 0.238 ,2.204163074,,
Guyana,1989,2293, 0.239 ,2.225589514,,
Guyana,1990,2321, 0.241 ,2.247224331,,
Guyana,1991,2350, 0.244 ,2.265327692,,
Guyana,1992,2560, 0.248 ,2.283576727,,
Guyana,1993,2779, 0.248 ,2.301972866,,
Guyana,1994,2884, 0.248 ,2.320517063,,
Guyana,1995,3001, 0.247 ,2.339210749,,
Guyana,1996,3199, 0.245 ,2.358054876,,
Guyana,1997,3405, 0.243 ,2.377050877,,
Guyana,1998,3299, 0.242 ,2.39620018,,
Guyana,1999,3372, 0.240 ,2.415503502,,
Guyana,2000,3500, 0.240 ,2.434962273,,
Guyana,2001,3829, 0.239 ,2.451915979,,
Guyana,2002,4007, 0.240 ,2.468987703,,
Guyana,2003,4415, 0.240 ,2.486178398,,
Guyana,2004,5014, 0.240 ,2.503488779,,
Guyana,2005,5557, 0.241 ,2.520919561,,
Guyana,2006,5928, 0.241 ,2.538471937,,
Guyana,2007,6354, 0.241 ,2.556146383,,
Guyana,2008,6848, 0.242 ,2.569373369,,
Guyana,2009,6536, 0.242 ,2.581404209,,
Guyana,2010,6785, 0.243 ,2.593491316,,
Guyana,2011,7339, 0.244 ,2.605488539,,
Guyana,2012,7772, 0.245 ,2.617541075,,
Guyana,2013,7874, 0.247 ,2.629649401,,
Guyana,2014,7915, 0.248 ,2.641813755,,
Guyana,2015,8552, 0.250 ,2.654034138,,
Guyana,2016,8604, 0.252 ,2.666311264,,
Guyana,2017,9448, 0.253 ,2.678645134,,
Guyana,2018,9676, 0.255 ,2.691035986,,
Guyana,2019,10184, 0.257 ,2.703484297,,
"China, Hong Kong SAR",1950,,,,,
"China, Hong Kong SAR",1951,,,,,
"China, Hong Kong SAR",1952,,,,,
"China, Hong Kong SAR",1953,,,,,
"China, Hong Kong SAR",1954,,,,,
"China, Hong Kong SAR",1955,,,,,
"China, Hong Kong SAR",1956,,,,,
"China, Hong Kong SAR",1957,,,,,
"China, Hong Kong SAR",1958,,,,,
"China, Hong Kong SAR",1959,,,,,
"China, Hong Kong SAR",1960,17953, 1.108 ,1.78496623,29104,2723.59092
"China, Hong Kong SAR",1961,18798, 1.150 ,1.796324015,31394,2703.403096
"China, Hong Kong SAR",1962,20752, 1.210 ,1.807753921,34756,2683.364908
"China, Hong Kong SAR",1963,23415, 1.262 ,1.819256663,39565,2663.475247
"China, Hong Kong SAR",1964,25520, 1.303 ,1.830832601,44816,2643.733013
"China, Hong Kong SAR",1965,29041, 1.348 ,1.84248209,50651,2624.137112
"China, Hong Kong SAR",1966,30369, 1.371 ,1.857611656,55092,2604.686461
"China, Hong Kong SAR",1967,31355, 1.417 ,1.872865438,58493,2585.379981
"China, Hong Kong SAR",1968,33060, 1.458 ,1.88824451,61407,2566.216605
"China, Hong Kong SAR",1969,36717, 1.493 ,1.903749824,64428,2547.195272
"China, Hong Kong SAR",1970,40330, 1.541 ,1.919382334,67764,2528.314929
"China, Hong Kong SAR",1971,43313, 1.571 ,1.939988971,72431,2527.05056
"China, Hong Kong SAR",1972,47687, 1.621 ,1.96081686,77297,2525.406785
"China, Hong Kong SAR",1973,53286, 1.657 ,1.981868386,82636,2523.827246
"China, Hong Kong SAR",1974,54015, 1.702 ,2.003145933,87519,2522.549194
"China, Hong Kong SAR",1975,55079, 1.790 ,2.024651766,92804,2521.677236
"China, Hong Kong SAR",1976,62948, 1.861 ,2.068368673,98586,2518.052231
"China, Hong Kong SAR",1977,70586, 1.965 ,2.11302948,106777,2507.499225
"China, Hong Kong SAR",1978,77769, 2.072 ,2.158654451,115831,2497.362159
"China, Hong Kong SAR",1979,86162, 2.103 ,2.205264807,126787,2488.410905
"China, Hong Kong SAR",1980,94854, 2.254 ,2.252881527,140239,2477.289019
"China, Hong Kong SAR",1981,101650, 2.421 ,2.294554472,156207,2466.156309
"China, Hong Kong SAR",1982,103784, 2.421 ,2.336998224,171948,2441.659912
"China, Hong Kong SAR",1983,109119, 2.439 ,2.380227327,185962,2410.825048
"China, Hong Kong SAR",1984,118442, 2.517 ,2.424255848,201360,2381.846284
"China, Hong Kong SAR",1985,115225, 2.558 ,2.469098806,217516,2356.082785
"China, Hong Kong SAR",1986,131320, 2.633 ,2.514928102,236982,2360.248654
"China, Hong Kong SAR",1987,153051, 2.695 ,2.561076403,261949,2324.306286
"China, Hong Kong SAR",1988,159192, 2.742 ,2.592984915,293139,2372.438737
"China, Hong Kong SAR",1989,170707, 2.743 ,2.625290871,330650,2314.031277
"China, Hong Kong SAR",1990,187216, 2.731 ,2.657999516,376904,2278.521849
"China, Hong Kong SAR",1991,198857, 2.773 ,2.664968014,432822,2309.90456
"China, Hong Kong SAR",1992,216399, 2.760 ,2.671955109,501003,2224.171365
"China, Hong Kong SAR",1993,231834, 2.789 ,2.678960323,576963,2287.959306
"China, Hong Kong SAR",1994,240785, 2.845 ,2.685983896,665096,2291.928358
"China, Hong Kong SAR",1995,247398, 2.850 ,2.693025827,762856,2254.849753
"China, Hong Kong SAR",1996,261864, 2.969 ,2.694955826,850623,2304.267736
"China, Hong Kong SAR",1997,271273, 3.107 ,2.696887255,930409,2257.813181
"China, Hong Kong SAR",1998,255261, 3.108 ,2.698820114,986139,2259.15271
"China, Hong Kong SAR",1999,261230, 3.114 ,2.700754166,1014012,2301.925696
"China, Hong Kong SAR",2000,291982, 3.203 ,2.702689648,1045653,2330.667076
"China, Hong Kong SAR",2001,312555, 3.283 ,2.773824692,1079449,2326.357789
"China, Hong Kong SAR",2002,329354, 3.269 ,2.84683156,1108845,2343.430793
"China, Hong Kong SAR",2003,339239, 3.237 ,2.921760321,1142736,2330.89876
"China, Hong Kong SAR",2004,388952, 3.304 ,2.998661041,1190817,2354.375078
"China, Hong Kong SAR",2005,412058, 3.363 ,3.077585936,1252094,2346.386085
"China, Hong Kong SAR",2006,380626, 3.415 ,3.090467453,1333904,2315.494959
"China, Hong Kong SAR",2007,402496, 3.488 ,3.103402853,1426972,2327.780056
"China, Hong Kong SAR",2008,394250, 3.534 ,3.116392374,1532767,2277.022799
"China, Hong Kong SAR",2009,353796, 3.501 ,3.129436255,1640367,2251.998781
"China, Hong Kong SAR",2010,385726, 3.494 ,3.142534733,1744682,2302.080019
"China, Hong Kong SAR",2011,416925, 3.583 ,3.155913353,1831419,2256.894477
"China, Hong Kong SAR",2012,436557, 3.651 ,3.169425249,1874670,2233.459146
"China, Hong Kong SAR",2013,486063, 3.719 ,3.18307209,2110987,2225.535761
"China, Hong Kong SAR",2014,425168, 3.744 ,3.196855545,2135729,2175.43043
"China, Hong Kong SAR",2015,370713, 3.777 ,3.210777521,2172517,2185.513768
"China, Hong Kong SAR",2016,366736, 3.782 ,3.224839449,2190647,2176.568136
"China, Hong Kong SAR",2017,364783, 3.828 ,3.239043474,2235143,2147.574362
"China, Hong Kong SAR",2018,409711, 3.874 ,3.253390789,2267211,2147.574362
"China, Hong Kong SAR",2019,407576, 3.864 ,3.267883778,2284303,2147.574362
Honduras,1950,3295,,1.240260601,3822,
Honduras,1951,3398,,1.242161989,4119,
Honduras,1952,3414,,1.244066238,4507,
Honduras,1953,3664,,1.245973349,4863,
Honduras,1954,3409,,1.247883558,5064,
Honduras,1955,3471,,1.24979651,5314,
Honduras,1956,3928,,1.251035929,5583,
Honduras,1957,4014,,1.25227654,5882,
Honduras,1958,4186,,1.253518343,6078,
Honduras,1959,4329,,1.254761457,6264,
Honduras,1960,4307,,1.256005764,6494,
Honduras,1961,4491,,1.275664806,6664,
Honduras,1962,4720,,1.295631409,6985,
Honduras,1963,4830,,1.315910578,7379,
Honduras,1964,5142,,1.336507201,7742,
Honduras,1965,5554,,1.357426167,8147,
Honduras,1966,5760,,1.378672481,8622,
Honduras,1967,5996,,1.400251389,9331,
Honduras,1968,6428,,1.422168136,9977,
Honduras,1969,6454,,1.444427848,10595,
Honduras,1970,6634, 0.763 ,1.467036009,11301,
Honduras,1971,6774, 0.786 ,1.481350183,11818,
Honduras,1972,7197, 0.810 ,1.495803952,12219,
Honduras,1973,7756, 0.834 ,1.510398865,12823,
Honduras,1974,7562, 0.860 ,1.525136113,13592,
Honduras,1975,7803, 0.886 ,1.540017128,14436,
Honduras,1976,8894, 0.914 ,1.555043459,15231,
Honduras,1977,9938, 0.942 ,1.570216298,16238,
Honduras,1978,10695, 0.972 ,1.585537195,17552,
Honduras,1979,11007, 1.002 ,1.601007581,18708,
Honduras,1980,11270, 1.034 ,1.616629004,19862,
Honduras,1981,11560, 1.069 ,1.632923245,20588,
Honduras,1982,11684, 1.105 ,1.649381757,21110,
Honduras,1983,11541, 1.143 ,1.666006088,21574,
Honduras,1984,12125, 1.181 ,1.682797909,22365,
Honduras,1985,12208, 1.222 ,1.699759126,23128,
Honduras,1986,13068, 1.264 ,1.714983225,23548,
Honduras,1987,13771, 1.307 ,1.727995753,24108,
Honduras,1988,14808, 1.354 ,1.741107106,25102,
Honduras,1989,15246, 1.394 ,1.75431788,26509,
Honduras,1990,16123, 1.444 ,1.767628908,27813,
Honduras,1991,16915, 1.494 ,1.778764367,28956,
Honduras,1992,17455, 1.675 ,1.789969802,30866,
Honduras,1993,18877, 1.717 ,1.801246047,33921,
Honduras,1994,19335, 1.761 ,1.812593222,36851,
Honduras,1995,21492, 1.807 ,1.824011922,39087,
Honduras,1996,20531, 1.985 ,1.835502505,41550,
Honduras,1997,21341, 2.089 ,1.847065568,44631,
Honduras,1998,22015, 2.135 ,1.858701468,48294,
Honduras,1999,21669, 2.299 ,1.870410562,52159,
Honduras,2000,23284, 2.296 ,1.882193446,55605,
Honduras,2001,23661, 2.289 ,1.899813294,59220,
Honduras,2002,24752, 2.351 ,1.91759789,62750,
Honduras,2003,25962, 2.426 ,1.93554914,66750,
Honduras,2004,27523, 2.439 ,1.953668475,72451,
Honduras,2005,30257, 2.536 ,1.971957326,78357,
Honduras,2006,31283, 2.587 ,1.990417361,85628,
Honduras,2007,33322, 2.645 ,2.009050369,95164,
Honduras,2008,32073, 2.835 ,2.027857542,106395,
Honduras,2009,32261, 2.975 ,2.046840906,113332,
Honduras,2010,34201, 3.107 ,2.066002131,120599,
Honduras,2011,36933, 3.096 ,2.104307413,129939,
Honduras,2012,39520, 3.116 ,2.143322706,141755,
Honduras,2013,38220, 3.341 ,2.1830616,149486,
Honduras,2014,40919, 3.314 ,2.223537445,161791,
Honduras,2015,45350, 3.476 ,2.264763355,178097,
Honduras,2016,48418, 3.514 ,2.306754112,193508,
Honduras,2017,50417, 3.667 ,2.349523067,203948,
Honduras,2018,51388, 3.919 ,2.393085003,211844,
Honduras,2019,52903, 3.833 ,2.4374547,219022,
Croatia,1950,,,,,
Croatia,1951,,,,,
Croatia,1952,,,,,
Croatia,1953,,,,,
Croatia,1954,,,,,
Croatia,1955,,,,,
Croatia,1956,,,,,
Croatia,1957,,,,,
Croatia,1958,,,,,
Croatia,1959,,,,,
Croatia,1960,,,,,
Croatia,1961,,,,,
Croatia,1962,,,,,
Croatia,1963,,,,,
Croatia,1964,,,,,
Croatia,1965,,,,,
Croatia,1966,,,,,
Croatia,1967,,,,,
Croatia,1968,,,,,
Croatia,1969,,,,,
Croatia,1970,,,,,
Croatia,1971,,,,,
Croatia,1972,,,,,
Croatia,1973,,,,,
Croatia,1974,,,,,
Croatia,1975,,,,,
Croatia,1976,,,,,
Croatia,1977,,,,,
Croatia,1978,,,,,
Croatia,1979,,,,,
Croatia,1980,,,,,
Croatia,1981,,,,,
Croatia,1982,,,,,
Croatia,1983,,,,,
Croatia,1984,,,,,
Croatia,1985,,,,,
Croatia,1986,,,,,
Croatia,1987,,,,,
Croatia,1988,,,,,
Croatia,1989,,,,,
Croatia,1990,65532, 2.178 ,2.680584192,180160,
Croatia,1991,51881, 2.020 ,2.703680754,178030,
Croatia,1992,45309, 1.812 ,2.726976156,176470,
Croatia,1993,42015, 1.756 ,2.750472546,175508,
Croatia,1994,45113, 1.684 ,2.774171352,174536,
Croatia,1995,47558, 1.660 ,2.798074245,174699,1923.686795
Croatia,1996,49120, 1.668 ,2.820119858,177143,1923.684311
Croatia,1997,53163, 1.663 ,2.842339516,183234,1923.74613
Croatia,1998,54499, 1.645 ,2.864733934,192576,1923.679573
Croatia,1999,55548, 1.640 ,2.887305021,203128,1923.651659
Croatia,2000,59458, 1.670 ,2.91005373,214385,1922.088536
Croatia,2001,62203, 1.689 ,2.937701941,227473,1923.379639
Croatia,2002,66872, 1.697 ,2.965612888,241906,1923.653254
Croatia,2003,71193, 1.736 ,2.993788958,257195,1924.734507
Croatia,2004,73213, 1.748 ,3.022232771,269587,1926.561131
Croatia,2005,79473, 1.762 ,3.050946951,280594,1926.50484
Croatia,2006,86991, 1.814 ,3.085830212,342571,1928.644495
Croatia,2007,94002, 1.868 ,3.121112585,392391,1930.661395
Croatia,2008,99730, 1.904 ,3.156798363,408801,1932.205361
Croatia,2009,94670, 1.887 ,3.192892075,428116,1928.894738
Croatia,2010,93659, 1.815 ,3.229398489,429728,1942.988153
Croatia,2011,96751, 1.744 ,3.268047333,480624,1940.26442
Croatia,2012,96832, 1.680 ,3.307761908,517767,1923.784679
Croatia,2013,92100, 1.634 ,3.348578691,507459,1909.472621
Croatia,2014,91398, 1.677 ,3.390536547,502629,1891.615185
Croatia,2015,95441, 1.700 ,3.433675289,518960,1827.650995
Croatia,2016,98177, 1.709 ,3.478036404,516332,1834.909737
Croatia,2017,106076, 1.754 ,3.523664236,516122,1823.767598
Croatia,2018,104345, 1.792 ,3.570603371,522401,1810.869578
Croatia,2019,107392, 1.818 ,3.618901968,531401,1831.32341
Haiti,1950,,,,,
Haiti,1951,,,,,
Haiti,1952,,,,,
Haiti,1953,,,,,
Haiti,1954,,,,,
Haiti,1955,,,,,
Haiti,1956,,,,,
Haiti,1957,,,,,
Haiti,1958,,,,,
Haiti,1959,,,,,
Haiti,1960,5632,,1.14414537,19197,
Haiti,1961,5471,,1.145784378,19104,
Haiti,1962,5793,,1.147425771,19163,
Haiti,1963,5755,,1.149069548,19237,
Haiti,1964,5729,,1.15071559,19297,
Haiti,1965,5785,,1.152364135,19342,
Haiti,1966,5811,,1.154014945,19385,
Haiti,1967,5688,,1.15566802,19427,
Haiti,1968,5845,,1.157323599,19530,
Haiti,1969,6075, 1.917 ,1.158981562,19774,
Haiti,1970,6349, 1.929 ,1.160641789,20388,
Haiti,1971,6569, 1.940 ,1.165189743,21035,
Haiti,1972,6726, 1.952 ,1.169755459,21870,
Haiti,1973,7141, 1.964 ,1.174339175,22978,
Haiti,1974,7802, 1.975 ,1.178940654,24479,
Haiti,1975,7927, 1.987 ,1.183560252,26029,
Haiti,1976,8986, 1.883 ,1.18819797,27804,
Haiti,1977,9266, 1.894 ,1.192853928,29833,
Haiti,1978,9645, 1.904 ,1.197528005,31993,
Haiti,1979,10323, 1.914 ,1.20222044,34646,
Haiti,1980,11030, 1.954 ,1.206931353,37326,
Haiti,1981,10636, 1.985 ,1.220424891,40035,
Haiti,1982,10047, 1.870 ,1.234069228,42366,
Haiti,1983,10262, 1.878 ,1.247866154,44478,
Haiti,1984,10430, 1.942 ,1.261817336,46705,
Haiti,1985,10260, 2.007 ,1.275924444,49556,
Haiti,1986,10433, 2.072 ,1.290189266,52017,
Haiti,1987,10732, 2.137 ,1.30461359,54616,
Haiti,1988,10910, 2.204 ,1.319199204,57069,
Haiti,1989,10249, 2.271 ,1.333947897,59274,
Haiti,1990,10494, 2.339 ,1.348861456,61615,
Haiti,1991,10386, 2.401 ,1.363873959,63891,
Haiti,1992,10239, 2.463 ,1.379053473,66281,
Haiti,1993,10052, 2.526 ,1.394402027,67771,
Haiti,1994,8725, 2.589 ,1.409921288,68532,
Haiti,1995,11378, 2.653 ,1.425613403,71379,
Haiti,1996,13136, 2.718 ,1.44148016,74493,
Haiti,1997,13722, 2.784 ,1.457523465,77804,
Haiti,1998,13699, 2.850 ,1.473745227,81570,
Haiti,1999,15409, 2.918 ,1.49014771,85798,
Haiti,2000,18415, 2.986 ,1.506732702,90868,
Haiti,2001,17883, 3.054 ,1.517064571,96262,
Haiti,2002,17794, 3.124 ,1.527467251,102020,
Haiti,2003,18163, 3.194 ,1.537941337,108023,
Haiti,2004,17270, 3.265 ,1.548487186,113387,
Haiti,2005,17456, 3.337 ,1.559105396,119150,
Haiti,2006,17259, 3.410 ,1.569796324,124551,
Haiti,2007,18934, 3.485 ,1.580560684,129412,
Haiti,2008,17805, 3.560 ,1.591398835,134279,
Haiti,2009,18412, 3.636 ,1.602311254,138635,
Haiti,2010,18176, 3.712 ,1.613298416,141110,
Haiti,2011,18518, 3.789 ,1.625331879,145434,
Haiti,2012,18733, 3.866 ,1.637644172,145743,
Haiti,2013,18900, 3.960 ,1.650243282,144486,
Haiti,2014,19568, 4.059 ,1.663137197,144550,
Haiti,2015,20462, 4.155 ,1.676334739,161410,
Haiti,2016,19795, 4.251 ,1.68984437,154292,
Haiti,2017,18162, 4.350 ,1.703675389,144071,
Haiti,2018,17577, 4.450 ,1.715695381,149179,
Haiti,2019,17503, 4.535 ,1.726601243,154609,
Hungary,1950,,,,,
Hungary,1951,,,,,
Hungary,1952,,,,,
Hungary,1953,,,,,
Hungary,1954,,,,,
Hungary,1955,,,,,
Hungary,1956,,,,,
Hungary,1957,,,,,
Hungary,1958,,,,,
Hungary,1959,,,,,
Hungary,1960,,,,,
Hungary,1961,,,,,
Hungary,1962,,,,,
Hungary,1963,,,,,
Hungary,1964,,,,,
Hungary,1965,,,,,
Hungary,1966,,,,,
Hungary,1967,,,,,
Hungary,1968,,,,,
Hungary,1969,,,,,
Hungary,1970,61978, 5.299 ,2.436416149,193806,
Hungary,1971,66306, 5.314 ,2.460979223,208684,
Hungary,1972,68024, 5.326 ,2.485789776,215267,
Hungary,1973,71019, 5.338 ,2.51085043,218882,
Hungary,1974,74645, 5.344 ,2.536163807,226461,
Hungary,1975,78006, 5.348 ,2.561160326,240912,
Hungary,1976,85518, 5.358 ,2.578515768,259286,
Hungary,1977,95981, 5.377 ,2.595989227,284578,
Hungary,1978,107871, 5.400 ,2.613580704,313195,
Hungary,1979,116337, 5.423 ,2.631291628,342481,
Hungary,1980,126325, 5.438 ,2.649122477,363585,2130.576313
Hungary,1981,128033, 5.406 ,2.664178371,378590,2129.60522
Hungary,1982,128910, 5.366 ,2.679319859,389691,2039.293645
Hungary,1983,127265, 5.323 ,2.694547415,396068,2019.8718
Hungary,1984,128017, 5.287 ,2.709861517,401953,1949.953161
Hungary,1985,127371, 5.261 ,2.725262403,408204,1923.733671
Hungary,1986,133639, 5.251 ,2.740751028,415949,1914.993842
Hungary,1987,142497, 5.202 ,2.756327629,425306,1957.721899
Hungary,1988,143649, 5.225 ,2.771992922,430690,1951.895346
Hungary,1989,147706, 5.200 ,2.787747145,438267,1927.61804
Hungary,1990,147426, 5.126 ,2.803590775,443218,1888.774352
Hungary,1991,133742, 4.844 ,2.819054842,444387,1857.699401
Hungary,1992,134089, 4.438 ,2.834604263,446241,1815.942436
Hungary,1993,142808, 4.159 ,2.850239515,449984,1815.942436
Hungary,1994,149609, 4.023 ,2.865960836,457438,1943.155516
Hungary,1995,151671, 3.951 ,2.881768942,463510,1948.010977
Hungary,1996,155743, 3.944 ,2.897664309,471642,1945.978548
Hungary,1997,154757, 3.983 ,2.913647413,455417,1954.304617
Hungary,1998,155203, 4.017 ,2.929718494,446455,1945.061342
Hungary,1999,158094, 4.096 ,2.945878029,438654,1952.403257
Hungary,2000,169189, 4.121 ,2.962127209,459546,1932.402049
Hungary,2001,178936, 4.127 ,2.991988659,517432,1897.764963
Hungary,2002,188579, 4.122 ,3.02215147,504475,1883.632297
Hungary,2003,195194, 4.203 ,3.052618265,549124,1856.287438
Hungary,2004,192939, 4.156 ,3.083392143,564009,1858.611122
Hungary,2005,213749, 4.123 ,3.114476204,573763,1834.053181
Hungary,2006,213627, 4.150 ,3.145873785,651423,1813.879671
Hungary,2007,214850, 4.113 ,3.177587986,729630,1787.781026
Hungary,2008,232411, 4.035 ,3.209621668,854051,1791.238
Hungary,2009,223814, 3.951 ,3.241978407,965683,1758.222505
Hungary,2010,236413, 3.921 ,3.274661064,1004132,1766.35687
Hungary,2011,241608, 3.924 ,3.290193796,1054190,1753.670649
Hungary,2012,238506, 3.963 ,3.305800438,1127180,1738.251805
Hungary,2013,238944, 4.012 ,3.321480989,1192516,1733.625204
Hungary,2014,244114, 4.194 ,3.337235928,1185640,1748.551444
Hungary,2015,247173, 4.285 ,3.353065491,1231289,1745.947983
Hungary,2016,247402, 4.446 ,3.368970156,1308307,1760.155066
Hungary,2017,261819, 4.533 ,3.384950399,1284190,1747.354152
Hungary,2018,270982, 4.635 ,3.401006222,1317190,1728.87777
Hungary,2019,283145, 4.712 ,3.417138577,1359223,1725.227965
Indonesia,1950,,,,,
Indonesia,1951,,,,,
Indonesia,1952,,,,,
Indonesia,1953,,,,,
Indonesia,1954,,,,,
Indonesia,1955,,,,,
Indonesia,1956,,,,,
Indonesia,1957,,,,,
Indonesia,1958,,,,,
Indonesia,1959,,,,,
Indonesia,1960,131119, 28.499 ,1.158581376,309845,
Indonesia,1961,144811, 29.061 ,1.176857114,309651,
Indonesia,1962,141616, 29.569 ,1.19542098,309228,
Indonesia,1963,129023, 30.089 ,1.214277864,306983,
Indonesia,1964,123729, 30.619 ,1.233432055,305696,
Indonesia,1965,146922, 31.159 ,1.252888441,302963,
Indonesia,1966,122784, 31.710 ,1.272651792,301563,
Indonesia,1967,131544, 32.272 ,1.292726755,300384,
Indonesia,1968,137126, 32.845 ,1.313118458,300899,
Indonesia,1969,141323, 33.428 ,1.333831906,303626,
Indonesia,1970,151525, 34.022 ,1.354871988,309822,1893.49521
Indonesia,1971,162945, 34.858 ,1.370381713,319487,1892.732689
Indonesia,1972,183049, 35.618 ,1.386069059,332969,1918.57464
Indonesia,1973,206372, 37.662 ,1.401935935,348566,1925.898201
Indonesia,1974,224812, 38.759 ,1.417984366,369020,1920.832988
Indonesia,1975,236827, 39.133 ,1.434216619,393491,1900.501876
Indonesia,1976,256837, 39.885 ,1.450634718,417710,1862.275075
Indonesia,1977,280462, 40.703 ,1.467240691,446779,1877.682044
Indonesia,1978,302597, 42.266 ,1.484036684,480952,1981.188658
Indonesia,1979,323893, 43.169 ,1.501025081,517724,1992.020289
Indonesia,1980,356560, 45.511 ,1.518207908,561577,2005.733023
Indonesia,1981,387240, 48.628 ,1.557517529,614420,2035.18644
Indonesia,1982,394089, 49.917 ,1.597845078,665567,2013.323524
Indonesia,1983,423226, 52.097 ,1.639216781,706300,2050.59575
Indonesia,1984,446603, 54.818 ,1.681659579,733208,2056.116198
Indonesia,1985,452171, 57.440 ,1.72123611,760700,2029.462182
Indonesia,1986,462806, 60.110 ,1.754721403,788170,1887.710426
Indonesia,1987,480166, 62.673 ,1.788858056,813994,1889.942773
Indonesia,1988,497477, 66.657 ,1.823658824,847075,1886.146779
Indonesia,1989,550874, 71.244 ,1.859136701,891090,1891.335575
Indonesia,1990,625934, 73.691 ,1.895304561,949567,1909.302147
Indonesia,1991,681795, 74.381 ,1.922513962,1016624,1928.362462
Indonesia,1992,727030, 76.357 ,1.950114012,1079590,1895.620262
Indonesia,1993,774671, 77.017 ,1.978110194,1144836,1897.33487
Indonesia,1994,832719, 80.185 ,2.00650835,1235212,1929.509711
Indonesia,1995,910664, 82.129 ,2.035314083,1349345,1927.963877
Indonesia,1996,990453, 84.074 ,2.06453371,1491746,1917.221617
Indonesia,1997,1006608, 85.398 ,2.094172478,1631225,1923.395925
Indonesia,1998,814768, 87.768 ,2.124236822,1694966,1956.473013
Indonesia,1999,821753, 89.487 ,2.154732943,1738963,1971.892896
Indonesia,2000,793974, 91.549 ,2.185666561,1806245,1979.11569
Indonesia,2001,815029, 91.961 ,2.20774579,1923253,2021.000555
Indonesia,2002,829739, 93.168 ,2.230047941,2082479,1993.86929
Indonesia,2003,842518, 94.513 ,2.252575397,2293762,2020.799809
Indonesia,2004,921806, 95.384 ,2.275330544,2587819,2046.923596
Indonesia,2005,1007610, 96.169 ,2.298315287,2959394,2024.379086
Indonesia,2006,1118666, 96.866 ,2.321532726,3466065,2039.524805
Indonesia,2007,1252988, 100.312 ,2.344984293,4305349,2078.155327
Indonesia,2008,1502775, 103.508 ,2.368672848,5689963,2055.93803
Indonesia,2009,1666514, 105.686 ,2.392600536,7691427,2075.39602
Indonesia,2010,1977505, 108.155 ,2.41677022,10173204,2066.00066
Indonesia,2011,2396155, 109.731 ,2.402131081,11888735,2034.819796
Indonesia,2012,2561310, 113.283 ,2.387580633,12373889,2037.895569
Indonesia,2013,2620225, 114.345 ,2.373118162,12850959,2034.999571
Indonesia,2014,2668206, 116.399 ,2.358743429,13460486,2017.972121
Indonesia,2015,2647759, 117.833 ,2.344455719,14083079,2024.286945
Indonesia,2016,2698172, 119.530 ,2.330254555,14656208,2014.538886
Indonesia,2017,2816072, 122.781 ,2.31613946,15404530,2019.923395
Indonesia,2018,3010716, 127.068 ,2.302109718,16328359,2019.923395
Indonesia,2019,3137931, 131.171 ,2.288165092,17715404,2019.923395
India,1950,352477, 155.782 ,1.130546331,674702,
India,1951,367211, 157.743 ,1.132678747,705966,
India,1952,378445, 159.808 ,1.134815216,726406,
India,1953,398749, 161.970 ,1.136955738,750688,
India,1954,415729, 164.215 ,1.139100313,794599,
India,1955,425289, 166.538 ,1.141248941,841807,
India,1956,444267, 168.942 ,1.139782548,901033,
India,1957,446522, 171.430 ,1.138318181,947206,
India,1958,477516, 174.000 ,1.136855602,1001103,
India,1959,485250, 176.649 ,1.135394931,1048032,
India,1960,521473, 179.375 ,1.133936167,1118031,
India,1961,538341, 180.714 ,1.140293479,1201441,
India,1962,560107, 182.173 ,1.146686435,1283523,
India,1963,597548, 183.721 ,1.153115273,1369868,
India,1964,640806, 185.332 ,1.159580112,1483921,
India,1965,630663, 186.985 ,1.16608119,1593368,
India,1966,629917, 188.661 ,1.168996572,1713730,
India,1967,678132, 190.347 ,1.171919346,1826945,
India,1968,708158, 192.029 ,1.174849272,1920733,
India,1969,783092, 193.702 ,1.177786708,2025418,
India,1970,796237, 195.360 ,1.180731297,2131173,2077.330824
India,1971,829829, 201.425 ,1.189743876,2208508,2077.085141
India,1972,858100, 207.630 ,1.19882524,2232148,2076.560395
India,1973,909386, 214.002 ,1.207975864,2225420,2074.829158
India,1974,904748, 220.582 ,1.217196345,2219247,2072.365691
India,1975,992982, 227.396 ,1.226487279,2220413,2069.956442
India,1976,982881, 234.436 ,1.237961531,2237882,2067.159992
India,1977,977802, 241.693 ,1.24954319,2263010,2065.379532
India,1978,958906, 249.164 ,1.261233211,2267835,2064.417786
India,1979,893034, 256.839 ,1.273032665,2259201,2064.224594
India,1980,915998, 264.707 ,1.284942389,2228539,2064.027914
India,1981,908022, 272.151 ,1.302978396,2162242,2063.622974
India,1982,887006, 279.712 ,1.321267605,2062466,2064.153049
India,1983,912422, 287.362 ,1.339813471,1969460,2065.120474
India,1984,914404, 295.069 ,1.358619809,1928896,2066.708305
India,1985,929311, 302.795 ,1.377689958,1966784,2068.607637
India,1986,968671, 311.103 ,1.39887464,2060004,2070.577818
India,1987,1019728, 319.505 ,1.420385122,2173086,2072.270545
India,1988,1099896, 328.038 ,1.442226291,2297784,2075.07744
India,1989,1177021, 336.665 ,1.464403391,2443464,2078.132042
India,1990,1248877, 345.387 ,1.48692143,2624343,2078.479486
India,1991,1288913, 354.106 ,1.509102702,2782678,2079.304186
India,1992,1359506, 363.084 ,1.5316149,2973217,2076.91052
India,1993,1431691, 372.437 ,1.55446291,3174301,2075.86928
India,1994,1516148, 377.711 ,1.577651739,3396754,2075.687323
India,1995,1641350, 381.690 ,1.601186395,3664915,2077.097148
India,1996,1774658, 385.872 ,1.640303254,3962103,2079.83032
India,1997,1855923, 390.425 ,1.680375576,4311112,2079.382465
India,1998,2014961, 395.185 ,1.718397021,4738111,2080.741175
India,1999,2157766, 400.287 ,1.749944568,5277173,2082.693782
India,2000,2258594, 409.249 ,1.782071352,5799616,2086.628391
India,2001,2380421, 419.762 ,1.796781659,6503467,2086.772787
India,2002,2510064, 430.733 ,1.811613441,7245019,2088.893563
India,2003,2737702, 442.381 ,1.82656765,8097120,2091.995866
India,2004,2993554, 454.545 ,1.841645241,9147686,2095.778212
India,2005,3412602, 457.638 ,1.856847286,10322284,2096.916087
India,2006,3824683, 457.974 ,1.878200769,11712631,2097.096537
India,2007,4285933, 459.029 ,1.899799585,13433789,2098.121331
India,2008,4544137, 460.813 ,1.921646833,15470290,2099.633091
India,2009,4860654, 463.633 ,1.943745375,17740868,2103.536185
India,2010,5621832, 467.413 ,1.96609807,20219374,2110.392676
India,2011,6118499, 472.214 ,1.987891555,22608038,2113.624592
India,2012,6620451, 469.831 ,2.009926558,24331510,2115.713864
India,2013,6707769, 483.854 ,2.03220582,25655264,2117.113316
India,2014,6992452, 483.085 ,2.054732084,26698186,2118.544711
India,2015,7381976, 482.700 ,2.077507973,27473748,2118.821495
India,2016,7796715, 482.989 ,2.100536346,28649930,2121.243071
India,2017,8284343, 487.191 ,2.123820066,30257410,2122.940682
India,2018,8899718, 491.077 ,2.147361755,32223104,2122.940682
India,2019,9170555, 497.616 ,2.171164513,34101256,2122.940682
Ireland,1950,15888, 1.255 ,2.15882659,26187,2419.41115
Ireland,1951,16083, 1.242 ,2.16804409,28684,2407.575037
Ireland,1952,16701, 1.228 ,2.177300692,30277,2395.796828
Ireland,1953,17078, 1.215 ,2.186597109,32106,2384.07624
Ireland,1954,17293, 1.200 ,2.195933104,33570,2372.41299
Ireland,1955,17703, 1.181 ,2.205308914,35661,2360.806799
Ireland,1956,17495, 1.162 ,2.217155457,36731,2349.257387
Ireland,1957,17413, 1.119 ,2.229065418,37207,2337.764476
Ireland,1958,17109, 1.103 ,2.241039515,37506,2326.327791
Ireland,1959,17810, 1.095 ,2.253077984,38980,2314.947055
Ireland,1960,18698, 1.089 ,2.265181065,39996,2303.621996
Ireland,1961,19558, 1.084 ,2.278236628,41621,2306.615742
Ireland,1962,20048, 1.095 ,2.291367531,43634,2309.613378
Ireland,1963,20977, 1.101 ,2.304574251,46011,2312.61491
Ireland,1964,21612, 1.106 ,2.317857027,48702,2315.620343
Ireland,1965,21926, 1.104 ,2.331216335,51782,2318.629682
Ireland,1966,22282, 1.100 ,2.344652653,54095,2321.642932
Ireland,1967,23619, 1.095 ,2.358166456,56564,2324.660098
Ireland,1968,25440, 1.098 ,2.371757984,59886,2327.681184
Ireland,1969,26681, 1.101 ,2.385427952,64482,2330.706197
Ireland,1970,27087, 1.087 ,2.399176836,68659,2333.735141
Ireland,1971,28018, 1.103 ,2.418650389,73315,2316.73113
Ireland,1972,30187, 1.088 ,2.438282013,78333,2296.587917
Ireland,1973,31938, 1.103 ,2.458073139,84306,2284.031108
Ireland,1974,32747, 1.119 ,2.47802496,88800,2247.668684
Ireland,1975,34331, 1.110 ,2.498138666,92728,2237.727878
Ireland,1976,35866, 1.101 ,2.518415451,99468,2232.234274
Ireland,1977,39447, 1.140 ,2.538856983,109699,2202.673455
Ireland,1978,43228, 1.156 ,2.559464455,124104,2183.053442
Ireland,1979,45534, 1.212 ,2.573602676,140487,2161.340627
Ireland,1980,47607, 1.205 ,2.587648153,151536,2122.100601
Ireland,1981,48377, 1.200 ,2.601450682,159174,2090.708581
Ireland,1982,48913, 1.193 ,2.615326643,162493,2083.383776
Ireland,1983,47986, 1.183 ,2.629276752,162218,2073.181369
Ireland,1984,49035, 1.160 ,2.643301249,162321,2055.130957
Ireland,1985,49129, 1.155 ,2.65740037,164081,2062.194162
Ireland,1986,52159, 1.150 ,2.671574831,168035,2096.725385
Ireland,1987,55766, 1.157 ,2.685824871,175066,2076.058971
Ireland,1988,58078, 1.159 ,2.700150967,185448,2084.430177
Ireland,1989,61899, 1.162 ,2.714553356,200832,2091.754981
Ireland,1990,66850, 1.215 ,2.729032755,220680,2080.244574
Ireland,1991,67969, 1.207 ,2.741504431,241863,2045.190151
Ireland,1992,72635, 1.207 ,2.754033327,265253,1996.794119
Ireland,1993,77009, 1.225 ,2.766619682,287712,1970.110901
Ireland,1994,80825, 1.266 ,2.779263258,309642,1970.372501
Ireland,1995,92207, 1.323 ,2.791964769,327446,1962.001296
Ireland,1996,99519, 1.372 ,2.804724216,343550,1953.599192
Ireland,1997,111503, 1.424 ,2.817542076,347978,1954.194139
Ireland,1998,122571, 1.517 ,2.830418587,361434,1953.194044
Ireland,1999,134600, 1.616 ,2.843353748,374101,1941.882875
Ireland,2000,150365, 1.689 ,2.856348038,383262,1932.723788
Ireland,2001,161673, 1.741 ,2.873432398,401311,1923.529378
Ireland,2002,181303, 1.768 ,2.890618801,429169,1904.276271
Ireland,2003,198060, 1.805 ,2.907907963,451079,1886.786435
Ireland,2004,209841, 1.868 ,2.925300598,495199,1875.255957
Ireland,2005,231393, 1.957 ,2.942797184,525759,1883.193701
Ireland,2006,238354, 2.035 ,2.960398436,695719,1878.812957
Ireland,2007,260283, 2.110 ,2.978105068,862037,1864.932283
Ireland,2008,248413, 2.098 ,2.995917559,887347,1843.896208
Ireland,2009,237668, 1.948 ,3.013836384,873540,1811.802986
Ireland,2010,241320, 1.883 ,3.031862736,1015874,1720.973817
Ireland,2011,246610, 1.849 ,3.048562765,1071746,1736.531498
Ireland,2012,250749, 1.838 ,3.065354586,1130007,1737.861253
Ireland,2013,250350, 1.886 ,3.082239151,1181196,1743.472635
Ireland,2014,270238, 1.927 ,3.099216461,1223319,1757.030592
Ireland,2015,353539, 1.989 ,3.11628747,1263070,1770.584308
Ireland,2016,381243, 2.059 ,3.133452415,1443716,1762.923211
Ireland,2017,412626, 2.123 ,3.150712013,1516154,1774.749783
Ireland,2018,441620, 2.194 ,3.16806674,1588531,1785.402163
Ireland,2019,501054, 2.260 ,3.185516834,1805561,1771.977942
Iran (Islamic Republic of),1950,,,,,
Iran (Islamic Republic of),1951,,,,,
Iran (Islamic Republic of),1952,,,,,
Iran (Islamic Republic of),1953,,,,,
Iran (Islamic Republic of),1954,,,,,
Iran (Islamic Republic of),1955,49580, 5.293 ,1.052387834,145735,
Iran (Islamic Republic of),1956,54676, 5.384 ,1.05563879,154072,
Iran (Islamic Republic of),1957,64517, 5.478 ,1.058899879,164663,
Iran (Islamic Republic of),1958,74355, 5.577 ,1.062170982,179449,
Iran (Islamic Republic of),1959,83337, 5.679 ,1.065452218,194690,
Iran (Islamic Republic of),1960,86282, 5.784 ,1.068743587,209446,
Iran (Islamic Republic of),1961,92763, 5.917 ,1.072606683,224343,
Iran (Islamic Republic of),1962,101408, 6.055 ,1.076483727,243371,
Iran (Islamic Republic of),1963,103985, 6.195 ,1.080374718,264397,
Iran (Islamic Republic of),1964,112770, 6.341 ,1.084279895,295148,
Iran (Islamic Republic of),1965,127613, 6.491 ,1.088199139,331149,
Iran (Islamic Republic of),1966,135166, 6.646 ,1.092132568,373776,
Iran (Islamic Republic of),1967,162151, 6.800 ,1.096080184,419178,
Iran (Islamic Republic of),1968,173714, 6.955 ,1.100042105,479706,
Iran (Islamic Republic of),1969,188715, 7.111 ,1.104018331,537558,
Iran (Islamic Republic of),1970,216258, 7.268 ,1.108008981,579425,
Iran (Islamic Republic of),1971,221168, 7.210 ,1.117898703,619806,
Iran (Islamic Republic of),1972,259753, 7.363 ,1.127876759,655220,
Iran (Islamic Republic of),1973,262797, 7.540 ,1.137943864,686563,
Iran (Islamic Republic of),1974,305937, 7.735 ,1.148100734,732361,
Iran (Islamic Republic of),1975,297506, 7.956 ,1.158348441,821348,
Iran (Islamic Republic of),1976,320531, 8.334 ,1.168687463,923700,
Iran (Islamic Republic of),1977,392283, 8.775 ,1.179118752,942025,
Iran (Islamic Republic of),1978,258783, 9.133 ,1.189643264,915860,
Iran (Islamic Republic of),1979,234610, 9.295 ,1.200261712,858373,
Iran (Islamic Republic of),1980,158626, 9.447 ,1.210974813,820415,
Iran (Islamic Republic of),1981,143046, 9.898 ,1.229807854,790465,
Iran (Islamic Republic of),1982,175696, 10.252 ,1.248933792,772665,
Iran (Islamic Republic of),1983,181625, 10.487 ,1.268357038,786330,
Iran (Islamic Republic of),1984,171239, 10.628 ,1.28808248,802358,
Iran (Islamic Republic of),1985,160910, 11.014 ,1.308114648,817359,
Iran (Islamic Republic of),1986,145884, 10.373 ,1.328458428,834281,
Iran (Islamic Republic of),1987,154529, 10.808 ,1.349118471,867819,
Iran (Islamic Republic of),1988,141928, 11.288 ,1.370099902,927468,
Iran (Islamic Republic of),1989,155450, 11.791 ,1.391407609,1002627,
Iran (Islamic Republic of),1990,185592, 12.303 ,1.413046718,1088283,
Iran (Islamic Republic of),1991,216814, 12.803 ,1.43984735,1218167,
Iran (Islamic Republic of),1992,236557, 13.122 ,1.467156291,1364319,
Iran (Islamic Republic of),1993,305259, 13.431 ,1.494983196,1514154,
Iran (Islamic Republic of),1994,323572, 13.762 ,1.523337841,1656936,
Iran (Islamic Republic of),1995,335203, 14.112 ,1.552230358,1793167,
Iran (Islamic Republic of),1996,408937, 14.543 ,1.58167088,1942317,
Iran (Islamic Republic of),1997,430940, 15.078 ,1.61166966,2069543,
Iran (Islamic Republic of),1998,439209, 15.636 ,1.642237544,2203444,
Iran (Islamic Republic of),1999,493579, 16.225 ,1.673385143,2331370,
Iran (Islamic Republic of),2000,540915, 16.875 ,1.705123544,2473220,
Iran (Islamic Republic of),2001,613676, 17.576 ,1.743741035,2683380,
Iran (Islamic Republic of),2002,706235, 18.293 ,1.782196045,2915050,
Iran (Islamic Republic of),2003,783343, 19.464 ,1.82149899,3157895,
Iran (Islamic Republic of),2004,891729, 20.673 ,1.861668825,3420384,
Iran (Islamic Republic of),2005,1040927, 21.165 ,1.902724385,3686570,
Iran (Islamic Republic of),2006,1122136, 21.377 ,1.94468534,3954276,
Iran (Islamic Republic of),2007,1278051, 21.487 ,1.987571836,4276211,
Iran (Islamic Republic of),2008,1277559, 20.843 ,2.031404018,4636939,
Iran (Islamic Republic of),2009,1315927, 21.071 ,2.076202869,4973684,
Iran (Islamic Republic of),2010,1410083, 20.674 ,2.121989489,5287025,
Iran (Islamic Republic of),2011,1492169, 21.037 ,2.162694931,5615804,
Iran (Islamic Republic of),2012,1285078, 21.089 ,2.204181433,5811320,
Iran (Islamic Republic of),2013,1237557, 21.698 ,2.246463537,5766075,
Iran (Islamic Republic of),2014,1206880, 21.720 ,2.289556742,5854895,
Iran (Islamic Republic of),2015,1059475, 22.434 ,2.333476543,5977918,
Iran (Islamic Republic of),2016,1106819, 23.134 ,2.378238916,6103152,
Iran (Islamic Republic of),2017,1132717, 23.973 ,2.423860073,6365145,
Iran (Islamic Republic of),2018,1078852, 24.297 ,2.470356226,6426267,
Iran (Islamic Republic of),2019,1097857, 24.595 ,2.517744303,6499501,
Iraq,1950,,,,,
Iraq,1951,,,,,
Iraq,1952,,,,,
Iraq,1953,,,,,
Iraq,1954,,,,,
Iraq,1955,,,,,
Iraq,1956,,,,,
Iraq,1957,,,,,
Iraq,1958,,,,,
Iraq,1959,,,,,
Iraq,1960,,,,,
Iraq,1961,,,,,
Iraq,1962,,,,,
Iraq,1963,,,,,
Iraq,1964,,,,,
Iraq,1965,,,,,
Iraq,1966,,,,,
Iraq,1967,,,,,
Iraq,1968,,,,,
Iraq,1969,,,,,
Iraq,1970,46770, 2.213 ,1.091543198,44619,
Iraq,1971,49330, 2.277 ,1.102233171,47759,
Iraq,1972,54611, 2.342 ,1.11302793,50836,
Iraq,1973,66791, 2.407 ,1.123928428,55800,
Iraq,1974,78893, 2.474 ,1.134935617,61505,
Iraq,1975,90330, 2.542 ,1.146050692,71938,
Iraq,1976,104752, 2.612 ,1.164471865,82971,
Iraq,1977,86642, 2.683 ,1.183189154,92381,
Iraq,1978,102764, 2.755 ,1.202207327,106224,
Iraq,1979,128352, 2.825 ,1.221531153,120500,
Iraq,1980,131374, 2.894 ,1.241165638,133014,
Iraq,1981,124153, 2.959 ,1.263196111,165192,
Iraq,1982,119516, 3.023 ,1.285617471,195183,
Iraq,1983,104508, 3.085 ,1.308436871,204509,
Iraq,1984,102965, 3.144 ,1.331661463,207878,
Iraq,1985,104612, 3.200 ,1.355298042,210181,
Iraq,1986,112992, 3.253 ,1.389054656,212801,
Iraq,1987,133821, 3.304 ,1.423652172,215432,
Iraq,1988,139156, 3.355 ,1.459111214,220773,
Iraq,1989,124856, 3.411 ,1.495453596,231048,
Iraq,1990,125450, 3.475 ,1.532701135,238157,
Iraq,1991,42665, 3.601 ,1.573645353,230186,
Iraq,1992,53383, 3.713 ,1.615683436,226274,
Iraq,1993,79486, 3.853 ,1.658844471,226299,
Iraq,1994,74969, 4.005 ,1.703158617,220502,
Iraq,1995,61130, 4.156 ,1.738844872,213965,
Iraq,1996,91483, 4.320 ,1.769734621,207244,
Iraq,1997,111470, 4.482 ,1.801173091,203136,
Iraq,1998,150088, 4.640 ,1.833169937,201949,
Iraq,1999,174767, 4.798 ,1.865735292,200228,
Iraq,2000,178331, 4.966 ,1.89887917,200057,
Iraq,2001,182570, 5.127 ,1.929774761,207227,
Iraq,2002,170755, 5.291 ,1.961173058,211410,
Iraq,2003,109393, 5.458 ,1.993082285,222785,
Iraq,2004,167137, 5.621 ,2.02551055,229769,
Iraq,2005,178181, 5.775 ,2.058466434,257603,
Iraq,2006,202061, 5.894 ,2.081059456,298270,
Iraq,2007,232701, 5.999 ,2.103900433,329116,
Iraq,2008,282842, 6.119 ,2.126991987,406970,
Iraq,2009,327236, 6.239 ,2.150337219,489044,
Iraq,2010,389783, 6.411 ,2.173938513,606313,
Iraq,2011,470902, 6.704 ,2.18642211,697888,
Iraq,2012,549652, 7.039 ,2.198977232,723586,
Iraq,2013,576602, 7.417 ,2.211604595,805450,
Iraq,2014,516205, 7.801 ,2.224304438,996537,
Iraq,2015,373311, 8.140 ,2.237076998,821630,
Iraq,2016,367464, 8.407 ,2.249923229,740959,
Iraq,2017,432711, 8.189 ,2.262843132,1053409,
Iraq,2018,446474, 8.493 ,2.275836945,1080583,
Iraq,2019,468583, 8.772 ,2.288905859,1126580,
Iceland,1950,1361, 0.065 ,1.969313622,6237,
Iceland,1951,1342, 0.066 ,1.978893518,6449,
Iceland,1952,1327, 0.066 ,1.988520026,6670,
Iceland,1953,1531, 0.067 ,1.998193502,6946,
Iceland,1954,1692, 0.068 ,2.007913828,7295,
Iceland,1955,1915, 0.069 ,2.017681599,7885,
Iceland,1956,1914, 0.069 ,2.024759531,8356,
Iceland,1957,1922, 0.069 ,2.031862259,8837,
Iceland,1958,2123, 0.070 ,2.038989782,9397,
Iceland,1959,2178, 0.070 ,2.04614234,10050,
Iceland,1960,2241, 0.071 ,2.053320169,10534,
Iceland,1961,2346, 0.072 ,2.066788673,11051,
Iceland,1962,2439, 0.073 ,2.080345154,11473,
Iceland,1963,2730, 0.074 ,2.093991041,12190,
Iceland,1964,3071, 0.080 ,2.107726097,13180,2115.840064
Iceland,1965,3360, 0.084 ,2.121551275,14252,2092.802896
Iceland,1966,3596, 0.086 ,2.137511253,15410,2080.627783
Iceland,1967,3474, 0.085 ,2.153591156,16712,2045.21123
Iceland,1968,3200, 0.086 ,2.169791937,17669,1998.60081
Iceland,1969,3361, 0.087 ,2.18611455,18144,1970.40033
Iceland,1970,3600, 0.090 ,2.202560186,18771,1953.152831
Iceland,1971,4320, 0.095 ,2.222362041,20066,1915.182082
Iceland,1972,4259, 0.097 ,2.242342234,21166,1882.527513
Iceland,1973,4755, 0.100 ,2.262501955,22591,1865.346082
Iceland,1974,5106, 0.103 ,2.282843113,24388,1840.930434
Iceland,1975,5118, 0.105 ,2.303366899,25795,1816.484816
Iceland,1976,5133, 0.109 ,2.32758832,27027,1789.32519
Iceland,1977,5789, 0.109 ,2.352064371,28224,1747.757033
Iceland,1978,6068, 0.112 ,2.376797915,29355,1709.696236
Iceland,1979,6363, 0.113 ,2.401791334,30660,1696.980967
Iceland,1980,6762, 0.117 ,2.427047729,32335,1687.022797
Iceland,1981,7080, 0.122 ,2.45095706,33903,1680.675381
Iceland,1982,7350, 0.126 ,2.475102186,35330,1683.37991
Iceland,1983,6624, 0.126 ,2.499485016,36131,1683.393392
Iceland,1984,7289, 0.128 ,2.524107933,37189,1681.578065
Iceland,1985,7215, 0.133 ,2.54897356,38353,1680.68148
Iceland,1986,7868, 0.138 ,2.570004225,39430,1673.451638
Iceland,1987,8845, 0.147 ,2.587562561,40908,1671.610265
Iceland,1988,9091, 0.141 ,2.605240822,42414,1678.857687
Iceland,1989,8682, 0.139 ,2.623039722,43604,1674.361727
Iceland,1990,8658, 0.138 ,2.640960455,44732,1664.401637
Iceland,1991,8818, 0.138 ,2.65797019,45839,1667.959622
Iceland,1992,8454, 0.137 ,2.675089598,46724,1667.959622
Iceland,1993,8570, 0.137 ,2.692319155,47345,1682.918902
Iceland,1994,8841, 0.138 ,2.709659815,47977,1654.662485
Iceland,1995,8842, 0.143 ,2.727112055,48633,1641.365348
Iceland,1996,9061, 0.144 ,2.746340275,47566,1658.817841
Iceland,1997,9971, 0.144 ,2.765704155,56347,1683.749973
Iceland,1998,10435, 0.150 ,2.785204649,56529,1664.635338
Iceland,1999,11171, 0.155 ,2.804842472,56123,1644.689633
Iceland,2000,11070, 0.157 ,2.824618816,56147,1695.384968
Iceland,2001,11638, 0.159 ,2.847474337,57708,1706.188891
Iceland,2002,11610, 0.157 ,2.87051487,58278,1672.114978
Iceland,2003,11666, 0.157 ,2.893741846,60066,1638.872135
Iceland,2004,12296, 0.157 ,2.917156458,62402,1645.520704
Iceland,2005,13454, 0.161 ,2.940760851,65392,1637.209993
Iceland,2006,13096, 0.169 ,2.96282053,63833,1627.23714
Iceland,2007,13819, 0.175 ,2.985045433,58658,1605.629293
Iceland,2008,17617, 0.176 ,3.007437229,74521,1607.291435
Iceland,2009,15098, 0.164 ,3.029996872,80210,1512.256503
Iceland,2010,13884, 0.164 ,3.052725792,64046,1503.051471
Iceland,2011,14249, 0.167 ,3.076369286,62367,1511.830303
Iceland,2012,14827, 0.171 ,3.100452423,66536,1497.888162
Iceland,2013,14738, 0.174 ,3.124985218,71496,1499.773388
Iceland,2014,14973, 0.177 ,3.149977922,74403,1488.491208
Iceland,2015,15658, 0.181 ,3.175441742,76060,1486.405733
Iceland,2016,16146, 0.188 ,3.201387644,82126,1473.992616
Iceland,2017,16668, 0.192 ,3.227826834,84250,1464.453441
Iceland,2018,16952, 0.194 ,3.254771233,85884,1449.39528
Iceland,2019,17973, 0.192 ,3.282233,87042,1454.494825
Israel,1950,7213, 0.523 ,2.376390934,41302,
Israel,1951,9679, 0.601 ,2.381784201,44682,
Israel,1952,9385, 0.648 ,2.387189627,47407,
Israel,1953,9338, 0.661 ,2.39260745,49204,
Israel,1954,11148, 0.673 ,2.398037434,51431,
Israel,1955,12652, 0.691 ,2.403479815,54543,
Israel,1956,14021, 0.715 ,2.406593561,57341,
Israel,1957,15087, 0.745 ,2.409711361,60739,
Israel,1958,16172, 0.768 ,2.412833214,64448,
Israel,1959,18174, 0.783 ,2.41595912,68562,
Israel,1960,19297, 0.798 ,2.41908884,72722,
Israel,1961,21501, 0.828 ,2.434493542,77997,
Israel,1962,23265, 0.865 ,2.449996233,84022,
Israel,1963,25897, 0.904 ,2.465597868,89968,
Israel,1964,28233, 0.940 ,2.481298685,97843,
Israel,1965,28229, 0.973 ,2.4970994,105028,
Israel,1966,31143, 0.999 ,2.523218632,111839,
Israel,1967,31319, 1.021 ,2.54961133,116243,
Israel,1968,32762, 1.044 ,2.570943117,118800,
Israel,1969,37617, 1.073 ,2.589017868,124927,
Israel,1970,42234, 1.093 ,2.607219219,133211,
Israel,1971,46986, 1.129 ,2.635802746,144815,
Israel,1972,51960, 1.186 ,2.664699793,158074,
Israel,1973,56391, 1.241 ,2.69391346,171614,
Israel,1974,59302, 1.251 ,2.723447561,183793,
Israel,1975,61723, 1.281 ,2.753305435,195253,
Israel,1976,61867, 1.305 ,2.785604239,203463,
Israel,1977,61854, 1.348 ,2.818281651,210441,
Israel,1978,64739, 1.413 ,2.851342916,217957,
Israel,1979,67741, 1.443 ,2.884791613,229814,
Israel,1980,69562, 1.454 ,2.918632984,237974,
Israel,1981,73641, 1.486 ,2.937754869,247259,1966.033035
Israel,1982,75663, 1.512 ,2.957001925,256590,1941.761022
Israel,1983,78694, 1.558 ,2.976375341,267485,1928.613682
Israel,1984,79929, 1.580 ,2.995875359,278590,1931.647683
Israel,1985,81336, 1.566 ,3.015503407,287515,1931.647683
Israel,1986,86716, 1.586 ,3.041048527,299197,1926.591014
Israel,1987,93806, 1.627 ,3.066810131,313773,1920.523011
Israel,1988,97297, 1.685 ,3.09278965,327764,1878.046988
Israel,1989,95928, 1.702 ,3.118989706,342314,1909.398338
Israel,1990,105209, 1.735 ,3.145411491,365109,1904.341669
Israel,1991,114561, 1.829 ,3.161450863,397480,1897.262332
Israel,1992,124224, 1.903 ,3.17757225,432049,1950.863027
Israel,1993,131179, 2.021 ,3.193775654,470118,1952.885694
Israel,1994,140028, 2.160 ,3.210061789,511269,1993.339049
Israel,1995,150969, 2.264 ,3.226430893,555018,2017.611062
Israel,1996,162328, 2.353 ,3.243877888,603272,2035.539073
Israel,1997,171885, 2.412 ,3.261418819,638471,2040.497686
Israel,1998,180630, 2.469 ,3.27905488,670655,2015.459248
Israel,1999,191089, 2.539 ,3.29678607,701143,2023.338482
Israel,2000,210053, 2.628 ,3.314613342,720360,2034.742089
Israel,2001,212887, 2.646 ,3.325874805,733099,1998.014734
Israel,2002,213561, 2.664 ,3.337174177,740003,2015.554308
Israel,2003,205449, 2.691 ,3.348512173,723735,1996.878088
Israel,2004,204807, 2.730 ,3.359888792,715027,1973.289487
Israel,2005,207742, 2.827 ,3.371303797,711690,1965.095726
Israel,2006,210288, 2.917 ,3.404242754,723955,1951.719246
Israel,2007,214179, 3.061 ,3.437503338,741351,1964.794856
Israel,2008,215498, 3.192 ,3.471088886,759893,1960.650368
Israel,2009,227777, 3.273 ,3.505002737,780430,1962.02769
Israel,2010,240089, 3.381 ,3.53924799,801229,1956.267186
Israel,2011,252041, 3.481 ,3.575046062,829235,1946.813034
Israel,2012,265843, 3.614 ,3.611627579,909346,1918.91044
Israel,2013,279063, 3.702 ,3.649014235,987402,1908.597418
Israel,2014,284562, 3.799 ,3.687227964,1069554,1894.175421
Israel,2015,297449, 3.883 ,3.726292372,1047821,1895.909424
Israel,2016,316569, 3.977 ,3.766230583,1093064,1921.190981
Israel,2017,321337, 4.079 ,3.807067633,1073635,1920.532508
Israel,2018,320539, 4.156 ,3.848828554,1115188,1912.892321
Israel,2019,328530, 4.229 ,3.891540051,1157853,1900.874779
Italy,1950,213111, 19.913 ,1.793517709,958956,2099.530484
Italy,1951,232222, 19.940 ,1.805324912,994042,2105.95949
Italy,1952,239643, 20.106 ,1.817209721,1031161,2112.408182
Italy,1953,256835, 20.320 ,1.82917285,1074962,2118.876621
Italy,1954,267962, 20.597 ,1.841214776,1124939,2125.364867
Italy,1955,286192, 20.589 ,1.853335977,1188462,2131.872981
Italy,1956,297115, 20.658 ,1.865009069,1255059,2138.401024
Italy,1957,309660, 20.749 ,1.876755714,1323152,2144.949056
Italy,1958,323375, 20.822 ,1.888576388,1394227,2151.517139
Italy,1959,346656, 20.851 ,1.900471449,1475865,2158.105334
Italy,1960,379633, 20.936 ,1.912441492,1571940,2164.713704
Italy,1961,411400, 21.069 ,1.92709136,1682258,2148.0322
Italy,1962,434536, 21.007 ,1.941853642,1804014,2098.947968
Italy,1963,454517, 20.659 ,1.956728816,1930479,2084.208613
Italy,1964,467302, 20.587 ,1.971718192,2036674,2078.077296
Italy,1965,480474, 20.085 ,1.986822128,2121898,2020.486775
Italy,1966,507443, 19.757 ,2.002041817,2214419,2039.121906
Italy,1967,544073, 20.003 ,2.01737833,2328301,2063.561779
Italy,1968,579406, 19.993 ,2.032832146,2449090,2057.121867
Italy,1969,614753, 19.849 ,2.048404217,2594298,2056.003532
Italy,1970,697684, 19.942 ,2.064095736,2829848,2034.742333
Italy,1971,715245, 19.958 ,2.085773468,3002599,1982.45674
Italy,1972,751209, 19.910 ,2.10767889,3117081,1963.663172
Italy,1973,816293, 20.166 ,2.129814386,3232638,1947.480476
Italy,1974,873769, 20.446 ,2.152182341,3374315,1917.017535
Italy,1975,863433, 20.448 ,2.174785137,3523226,1901.552579
Italy,1976,950277, 20.658 ,2.197625637,3717191,1899.464673
Italy,1977,999902, 20.729 ,2.220705748,3952558,1864.746377
Italy,1978,1059180, 20.809 ,2.244028091,4192533,1854.740073
Italy,1979,1156425, 21.064 ,2.26759553,4449240,1848.228348
Italy,1980,1236364, 21.402 ,2.291410685,4653230,1849.261058
Italy,1981,1216659, 21.425 ,2.316392183,4754626,1852.643336
Italy,1982,1197944, 21.509 ,2.341646194,4746610,1862.873952
Italy,1983,1184148, 21.588 ,2.367175341,4680705,1867.663349
Italy,1984,1199591, 21.598 ,2.39298296,4672511,1856.670385
Italy,1985,1210967, 21.818 ,2.419071913,4754176,1850.526219
Italy,1986,1292944, 21.985 ,2.445445299,4934132,1863.014406
Italy,1987,1358465, 22.046 ,2.47210598,5198444,1877.640619
Italy,1988,1418727, 22.285 ,2.49905777,5565510,1885.323128
Italy,1989,1477759, 22.440 ,2.526303053,6019736,1873.100766
Italy,1990,1541242, 22.803 ,2.553845406,6538838,1856.401359
Italy,1991,1588200, 23.230 ,2.576648712,7108373,1847.468313
Italy,1992,1617795, 23.069 ,2.597617865,7698284,1850.497411
Italy,1993,1614803, 22.456 ,2.618757963,8210658,1850.64018
Italy,1994,1667777, 22.088 ,2.640069723,8649731,1850.326771
Italy,1995,1748618, 22.028 ,2.66155529,8978528,1856.212894
Italy,1996,1782923, 22.115 ,2.68321538,9113243,1866.151756
Italy,1997,1856405, 22.112 ,2.705052137,8979890,1859.863898
Italy,1998,1942746, 22.268 ,2.727066278,8879973,1873.132928
Italy,1999,1997615, 22.472 ,2.74925971,8673146,1869.878018
Italy,2000,2046562, 22.918 ,2.771633625,8578751,1850.197971
Italy,2001,2047271, 23.430 ,2.793356895,8380667,1837.636217
Italy,2002,2019463, 23.917 ,2.815250397,8180746,1826.190095
Italy,2003,2028395, 24.322 ,2.837315559,8239838,1815.103813
Italy,2004,2040373, 24.474 ,2.859553576,8591895,1814.615542
Italy,2005,2123677, 24.632 ,2.881965876,8948838,1811.101718
Italy,2006,2202943, 25.155 ,2.90455389,10040813,1811.851615
Italy,2007,2307501, 25.427 ,2.92731905,10917823,1817.707441
Italy,2008,2359305, 25.390 ,2.950262547,11995148,1806.539391
Italy,2009,2266004, 24.936 ,2.973385811,13297134,1775.169635
Italy,2010,2293011, 24.792 ,2.996690273,12506324,1776.773246
Italy,2011,2351127, 24.927 ,3.01423955,13950974,1772.557375
Italy,2012,2301511, 24.914 ,3.031891584,15835035,1733.642273
Italy,2013,2246689, 24.302 ,3.049647331,15661379,1719.0903
Italy,2014,2232718, 24.195 ,3.06750679,15766324,1716.341179
Italy,2015,2241117, 24.445 ,3.085470676,16248664,1717.46898
Italy,2016,2351041, 24.853 ,3.103539944,17489860,1721.697513
Italy,2017,2436383, 25.185 ,3.12171483,16992382,1719.159291
Italy,2018,2458236, 25.418 ,3.139996529,17058084,1722.318456
Italy,2019,2466328, 25.596 ,3.158385038,17168478,1717.833818
Jamaica,1950,,,,,
Jamaica,1951,,,,,
Jamaica,1952,,,,,
Jamaica,1953,5080, 0.529 ,1.772690296,31065,
Jamaica,1954,5655, 0.531 ,1.777715206,31202,
Jamaica,1955,6217, 0.533 ,1.782754302,31459,
Jamaica,1956,6909, 0.536 ,1.78817904,31996,
Jamaica,1957,7813, 0.539 ,1.793620229,32884,
Jamaica,1958,7985, 0.544 ,1.799077988,33721,
Jamaica,1959,8231, 0.550 ,1.804552436,34416,
Jamaica,1960,8697, 0.555 ,1.810043454,35294,
Jamaica,1961,9113, 0.557 ,1.827604532,35920,
Jamaica,1962,9256, 0.560 ,1.84533608,36471,
Jamaica,1963,9980, 0.567 ,1.863239646,36965,
Jamaica,1964,10536, 0.577 ,1.8813169,37805,
Jamaica,1965,10882, 0.586 ,1.899569511,38750,
Jamaica,1966,11093, 0.597 ,1.917999268,39880,
Jamaica,1967,11202, 0.606 ,1.936607838,41161,
Jamaica,1968,11325, 0.613 ,1.955396891,43007,
Jamaica,1969,11826, 0.617 ,1.974368334,45067,
Jamaica,1970,13439, 0.614 ,1.993523717,47334,
Jamaica,1971,13927, 0.613 ,2.007482052,49097,
Jamaica,1972,15324, 0.611 ,2.021537781,50798,
Jamaica,1973,15552, 0.622 ,2.035692215,52437,
Jamaica,1974,15074, 0.651 ,2.049945831,53486,
Jamaica,1975,14826, 0.668 ,2.064299107,54720,
Jamaica,1976,13969, 0.669 ,2.078752756,54718,
Jamaica,1977,13209, 0.675 ,2.093307734,53932,
Jamaica,1978,12541, 0.692 ,2.107964754,53091,
Jamaica,1979,11501, 0.681 ,2.122724056,52316,
Jamaica,1980,10284, 0.698 ,2.13758707,50855,
Jamaica,1981,10178, 0.730 ,2.158854008,49807,
Jamaica,1982,10177, 0.731 ,2.180332184,48765,
Jamaica,1983,10606, 0.742 ,2.20202446,47447,
Jamaica,1984,10198, 0.779 ,2.223932266,46126,
Jamaica,1985,9073, 0.782 ,2.246057987,44945,
Jamaica,1986,10052, 0.821 ,2.268404245,43055,1864.824632
Jamaica,1987,11149, 0.845 ,2.290972471,41060,1893.674852
Jamaica,1988,11705, 0.872 ,2.313765287,39158,1914.996896
Jamaica,1989,11902, 0.881 ,2.33678484,37553,1972.910781
Jamaica,1990,12786, 0.896 ,2.360033512,36012,1938.222786
Jamaica,1991,12470, 0.903 ,2.380606174,34581,1947.974915
Jamaica,1992,13237, 0.906 ,2.401358128,34185,1963.452504
Jamaica,1993,14183, 0.906 ,2.42229104,34070,1951.132648
Jamaica,1994,14210, 0.923 ,2.443406343,34214,1958.878217
Jamaica,1995,14410, 0.963 ,2.464705706,34761,1948.524991
Jamaica,1996,14736, 0.960 ,2.486191034,35753,1969.264712
Jamaica,1997,14651, 0.956 ,2.507863283,36952,1963.947353
Jamaica,1998,14917, 0.954 ,2.529724598,38345,1999.210746
Jamaica,1999,15272, 0.937 ,2.551776409,40022,1983.450275
Jamaica,2000,15567, 0.933 ,2.569425106,42719,1963.449268
Jamaica,2001,15637, 0.942 ,2.567778349,46647,1970.63688
Jamaica,2002,15710, 1.037 ,2.566132545,51841,1965.566374
Jamaica,2003,17195, 1.048 ,2.564487934,57881,
Jamaica,2004,17529, 1.049 ,2.562844515,65790,
Jamaica,2005,18850, 1.057 ,2.561201811,75931,
Jamaica,2006,19535, 1.124 ,2.559356213,89118,
Jamaica,2007,20698, 1.153 ,2.55692029,104819,
Jamaica,2008,20581, 1.159 ,2.554486752,123345,
Jamaica,2009,20664, 1.125 ,2.552055359,142308,
Jamaica,2010,21173, 1.095 ,2.54962635,157858,
Jamaica,2011,21617, 1.093 ,2.557239294,165089,
Jamaica,2012,22559, 1.103 ,2.56327486,156367,
Jamaica,2013,23061, 1.109 ,2.568425417,155014,
Jamaica,2014,23114, 1.128 ,2.573586226,150643,
Jamaica,2015,23385, 1.139 ,2.578757286,147410,
Jamaica,2016,23519, 1.174 ,2.583938837,143962,
Jamaica,2017,23969, 1.201 ,2.58913064,141665,
Jamaica,2018,24710, 1.215 ,2.594333172,142924,
Jamaica,2019,24867, 1.245 ,2.599545956,144696,
Jordan,1950,,,,,
Jordan,1951,,,,,
Jordan,1952,,,,,
Jordan,1953,,,,,
Jordan,1954,1735, 0.157 ,1.166878939,2068,
Jordan,1955,1447, 0.163 ,1.175657153,2136,
Jordan,1956,2016, 0.170 ,1.182326913,2244,
Jordan,1957,2126, 0.178 ,1.189034581,2347,
Jordan,1958,2418, 0.186 ,1.195780158,2437,
Jordan,1959,2782, 0.194 ,1.20256412,2594,
Jordan,1960,2943, 0.202 ,1.209386587,2845,
Jordan,1961,3486, 0.211 ,1.221193075,3108,
Jordan,1962,3569, 0.222 ,1.233114958,3407,
Jordan,1963,3803, 0.231 ,1.245153069,3676,
Jordan,1964,4359, 0.240 ,1.257308841,4051,
Jordan,1965,4882, 0.250 ,1.269583225,4451,
Jordan,1966,5095, 0.260 ,1.285577536,4820,
Jordan,1967,5724, 0.294 ,1.301773429,5146,
Jordan,1968,5741, 0.323 ,1.318173409,5688,
Jordan,1969,5879, 0.339 ,1.334779859,6658,
Jordan,1970,5342, 0.349 ,1.351595521,7169,
Jordan,1971,5294, 0.362 ,1.370661616,7734,
Jordan,1972,5645, 0.372 ,1.389996767,8373,
Jordan,1973,5416, 0.379 ,1.409604549,9117,
Jordan,1974,5550, 0.385 ,1.429489017,10061,
Jordan,1975,5132, 0.391 ,1.449653864,11031,
Jordan,1976,5900, 0.396 ,1.460893631,12358,
Jordan,1977,5912, 0.401 ,1.472220421,14317,
Jordan,1978,7507, 0.405 ,1.483635187,16178,
Jordan,1979,8578, 0.411 ,1.495138407,18400,
Jordan,1980,10115, 0.418 ,1.506730795,21224,
Jordan,1981,10164, 0.438 ,1.548108101,25087,
Jordan,1982,10551, 0.461 ,1.590621591,28187,
Jordan,1983,10842, 0.486 ,1.634302735,30169,
Jordan,1984,12617, 0.512 ,1.679183364,32251,
Jordan,1985,12222, 0.539 ,1.721307635,33394,
Jordan,1986,12402, 0.567 ,1.762898803,34598,
Jordan,1987,14461, 0.595 ,1.805495143,36208,
Jordan,1988,15199, 0.626 ,1.849120617,38279,
Jordan,1989,16285, 0.660 ,1.893800259,40298,
Jordan,1990,13678, 0.699 ,1.93955946,42027,
Jordan,1991,13765, 0.748 ,1.997486353,43249,
Jordan,1992,14614, 0.806 ,2.05714345,45875,
Jordan,1993,15235, 0.875 ,2.118582249,49301,
Jordan,1994,15498, 0.976 ,2.181855917,52486,
Jordan,1995,16854, 1.074 ,2.247019291,55440,
Jordan,1996,17160, 1.122 ,2.293416739,58372,
Jordan,1997,17653, 1.152 ,2.340771914,61641,
Jordan,1998,18490, 1.178 ,2.389105082,65944,
Jordan,1999,18141, 1.201 ,2.438436031,72187,
Jordan,2000,19773, 1.226 ,2.488785744,79697,
Jordan,2001,21211, 1.238 ,2.528000116,89110,
Jordan,2002,23191, 1.247 ,2.565264702,100884,
Jordan,2003,24650, 1.273 ,2.592407942,115579,
Jordan,2004,30530, 1.311 ,2.619838715,133776,
Jordan,2005,36869, 1.356 ,2.647559643,154824,
Jordan,2006,43423, 1.417 ,2.673552752,176860,
Jordan,2007,49785, 1.549 ,2.699801207,202392,
Jordan,2008,61109, 1.624 ,2.726307392,230186,
Jordan,2009,72754, 1.741 ,2.753073692,261403,
Jordan,2010,77075, 1.815 ,2.78010273,288038,
Jordan,2011,89456, 1.881 ,2.793409824,308487,
Jordan,2012,95519, 1.967 ,2.806780577,294715,
Jordan,2013,94818, 2.018 ,2.820215464,296600,
Jordan,2014,95106, 2.142 ,2.833714724,296195,
Jordan,2015,96907, 2.213 ,2.847278357,326973,
Jordan,2016,96385, 2.245 ,2.860907078,307695,
Jordan,2017,103540, 2.327 ,2.874601126,322052,
Jordan,2018,108073, 2.400 ,2.8883605,337863,
Jordan,2019,108987, 2.459 ,2.902185917,353823,
Japan,1950,236383, 39.408 ,2.290000677,783678,2030.413757
Japan,1951,261289, 40.385 ,2.322519302,825068,2012.990686
Japan,1952,287845, 41.342 ,2.355499744,857562,1995.717124
Japan,1953,300714, 42.262 ,2.388948441,885546,1978.591787
Japan,1954,316636, 42.802 ,2.422872066,920438,2008.9454
Japan,1955,341860, 44.174 ,2.457277298,965033,2034.516378
Japan,1956,365173, 45.048 ,2.484121084,1021960,2084.966797
Japan,1957,390844, 46.237 ,2.511257887,1094025,2108.042786
Japan,1958,419249, 46.420 ,2.538691282,1162791,2133.144807
Japan,1959,458716, 46.820 ,2.564317226,1249161,2156.244645
Japan,1960,517906, 47.911 ,2.58314395,1374002,2172.898933
Japan,1961,574585, 48.580 ,2.604007959,1535518,2175.313753
Japan,1962,629682, 49.207 ,2.625040054,1704006,2152.700041
Japan,1963,681809, 49.628 ,2.64624238,1888648,2146.327615
Japan,1964,758593, 50.276 ,2.667615891,2104431,2153.529144
Japan,1965,805695, 51.086 ,2.689162016,2317744,2135.122274
Japan,1966,888281, 52.134 ,2.710882187,2555053,2142.947382
Japan,1967,980234, 53.138 ,2.732777596,2856251,2156.571118
Japan,1968,1103783, 54.024 ,2.754850149,3228528,2160.340031
Japan,1969,1238252, 54.434 ,2.777100563,3667363,2147.011777
Japan,1970,1366528, 55.017 ,2.799531221,4204760,2137.217316
Japan,1971,1448840, 55.478 ,2.81945014,4682139,2129.295432
Japan,1972,1580305, 55.790 ,2.839510441,5137251,2131.664773
Japan,1973,1707230, 57.063 ,2.859714031,5625218,2117.544246
Japan,1974,1696485, 56.837 ,2.88006115,6114490,2058.716301
Japan,1975,1775744, 56.681 ,2.90055275,6649087,2030.261873
Japan,1976,1895102, 57.173 ,2.9211905,7294459,2057.499994
Japan,1977,2024704, 57.880 ,2.941975117,8158217,2064.006284
Japan,1978,2177436, 58.446 ,2.962907553,9238424,2067.987691
Japan,1979,2322577, 59.048 ,2.983988762,10382350,2072.703053
Japan,1980,2456739, 59.469 ,3.005220175,11170168,2073.943761
Japan,1981,2455290, 59.956 ,3.022063017,11190964,2068.827628
Japan,1982,2421860, 60.476 ,3.039000273,10535288,2068.618542
Japan,1983,2383653, 61.391 ,3.056032658,9795500,2074.860164
Japan,1984,2393858, 61.595 ,3.07316041,9386256,2089.279754
Japan,1985,2468670, 61.912 ,3.090384245,9477341,2076.767332
Japan,1986,2688586, 62.168 ,3.107704401,9961012,2078.495232
Japan,1987,2875266, 62.394 ,3.125121593,10624072,2083.96817
Japan,1988,3163072, 63.111 ,3.142636776,11567118,2080.437718
Japan,1989,3391144, 64.028 ,3.160249949,12722543,2061.361691
Japan,1990,3658644, 65.104 ,3.177961826,14091262,2028.41875
Japan,1991,3886576, 66.391 ,3.194382429,15636018,2010.741898
Japan,1992,4028565, 67.118 ,3.210887671,17246230,1962.130556
Japan,1993,4149531, 67.356 ,3.227478266,18815982,1926.776852
Japan,1994,4282785, 67.430 ,3.24415493,20316632,1909.1
Japan,1995,4521830, 67.658 ,3.260917664,21685722,1911.6
Japan,1996,4756703, 67.726 ,3.277766705,22711292,1914.8
Japan,1997,4777020, 68.184 ,3.294703007,22562694,1887.1
Japan,1998,4719695, 67.342 ,3.311726809,22353710,1866.5
Japan,1999,4719478, 66.423 ,3.328838587,22069982,1850.9
Japan,2000,4835114, 65.916 ,3.346038818,22044038,1858.5
Japan,2001,4785269, 65.616 ,3.360867739,21981310,1843.1
Japan,2002,4781225, 64.805 ,3.375762701,21793576,1830.6
Japan,2003,4860083, 64.804 ,3.390723467,22347352,1834.2
Japan,2004,4987367, 65.197 ,3.405750513,23027874,1841.9
Japan,2005,5110410, 65.773 ,3.420844316,23883890,1828.2
Japan,2006,5169780, 66.285 ,3.436004639,24946208,1836.4
Japan,2007,5270967, 66.842 ,3.451232672,25865040,1826.9
Japan,2008,5180551, 66.798 ,3.466527939,26688098,1807.7
Japan,2009,4892600, 66.095 ,3.481890917,26552734,1757.7
Japan,2010,5114662, 66.015 ,3.497322083,26394024,1779.3
Japan,2011,5032319, 66.010 ,3.507932901,26201022,1775.3
Japan,2012,5038808, 65.835 ,3.518575907,25568170,1786.8
Japan,2013,5089779, 66.268 ,3.529251337,24848968,1766.5
Japan,2014,5020598, 66.693 ,3.539958954,24350860,1762.1
Japan,2015,5154500, 66.983 ,3.550699234,24336802,1756.9
Japan,2016,5042445, 67.621 ,3.561472178,24444186,1747.1
Japan,2017,5048890, 68.253 ,3.572277784,23601760,1743.7
Japan,2018,5005677, 69.365 ,3.583116055,23701634,1729
Japan,2019,5036891, 69.977 ,3.593987226,23884014,1691.08526
Kazakhstan,1950,,,,,
Kazakhstan,1951,,,,,
Kazakhstan,1952,,,,,
Kazakhstan,1953,,,,,
Kazakhstan,1954,,,,,
Kazakhstan,1955,,,,,
Kazakhstan,1956,,,,,
Kazakhstan,1957,,,,,
Kazakhstan,1958,,,,,
Kazakhstan,1959,,,,,
Kazakhstan,1960,,,,,
Kazakhstan,1961,,,,,
Kazakhstan,1962,,,,,
Kazakhstan,1963,,,,,
Kazakhstan,1964,,,,,
Kazakhstan,1965,,,,,
Kazakhstan,1966,,,,,
Kazakhstan,1967,,,,,
Kazakhstan,1968,,,,,
Kazakhstan,1969,,,,,
Kazakhstan,1970,,,,,
Kazakhstan,1971,,,,,
Kazakhstan,1972,,,,,
Kazakhstan,1973,,,,,
Kazakhstan,1974,,,,,
Kazakhstan,1975,,,,,
Kazakhstan,1976,,,,,
Kazakhstan,1977,,,,,
Kazakhstan,1978,,,,,
Kazakhstan,1979,,,,,
Kazakhstan,1980,,,,,
Kazakhstan,1981,,,,,
Kazakhstan,1982,,,,,
Kazakhstan,1983,,,,,
Kazakhstan,1984,,,,,
Kazakhstan,1985,,,,,
Kazakhstan,1986,,,,,
Kazakhstan,1987,,,,,
Kazakhstan,1988,,,,,
Kazakhstan,1989,,,,,
Kazakhstan,1990,201472, 7.556 ,2.569330454,577526,
Kazakhstan,1991,197458, 7.427 ,2.612156153,601562,
Kazakhstan,1992,200017, 7.231 ,2.655695915,623356,
Kazakhstan,1993,147885, 6.783 ,2.699960947,635700,
Kazakhstan,1994,117566, 6.290 ,2.744964123,640744,
Kazakhstan,1995,100219, 6.325 ,2.790717363,637741,
Kazakhstan,1996,98709, 6.265 ,2.837068796,628804,
Kazakhstan,1997,92086, 6.194 ,2.884190083,622113,
Kazakhstan,1998,85888, 6.011 ,2.932094097,620724,
Kazakhstan,1999,82054, 5.964 ,2.980793715,619591,
Kazakhstan,2000,93199, 6.034 ,3.030302286,620702,
Kazakhstan,2001,105983, 6.493 ,3.082714796,630025,
Kazakhstan,2002,111197, 6.504 ,3.13603425,641589,
Kazakhstan,2003,126195, 6.794 ,3.190275669,655308,
Kazakhstan,2004,144479, 7.007 ,3.245455503,673503,
Kazakhstan,2005,174476, 7.096 ,3.301589489,697449,
Kazakhstan,2006,214388, 7.233 ,3.287169695,721118,
Kazakhstan,2007,251484, 7.447 ,3.272813082,740479,
Kazakhstan,2008,293061, 7.657 ,3.258518934,754068,
Kazakhstan,2009,279001, 7.691 ,3.244287491,762979,
Kazakhstan,2010,331911, 7.896 ,3.230117798,774337,
Kazakhstan,2011,405770, 8.093 ,3.216243505,788165,
Kazakhstan,2012,426801, 8.320 ,3.202505112,824320,
Kazakhstan,2013,453372, 8.417 ,3.188901186,848946,
Kazakhstan,2014,472414, 8.392 ,3.175429821,1046511,
Kazakhstan,2015,417928, 8.538 ,3.162089586,902598,
Kazakhstan,2016,411075, 8.497 ,3.14887929,928873,
Kazakhstan,2017,471401, 8.557 ,3.135796547,972403,
Kazakhstan,2018,485990, 8.693 ,3.122840405,1001707,
Kazakhstan,2019,525124, 8.821 ,3.110008717,1041814,
Kenya,1950,10112, 2.979 ,1.143694043,18176,
Kenya,1951,12041, 3.031 ,1.149266481,19275,
Kenya,1952,11109, 3.084 ,1.15486598,20505,
Kenya,1953,10560, 3.138 ,1.160492897,21726,
Kenya,1954,11629, 3.195 ,1.166147113,23200,
Kenya,1955,12326, 3.253 ,1.171828985,24968,
Kenya,1956,12759, 3.313 ,1.176810384,26714,
Kenya,1957,13371, 3.375 ,1.181813002,28231,
Kenya,1958,13494, 3.440 ,1.186836958,29362,
Kenya,1959,13121, 3.506 ,1.191882133,30480,
Kenya,1960,14253, 3.575 ,1.196948886,31667,
Kenya,1961,14134, 3.668 ,1.205653191,31860,
Kenya,1962,15248, 3.765 ,1.214420795,32140,
Kenya,1963,15612, 3.866 ,1.223252296,32741,
Kenya,1964,17058, 3.971 ,1.232147813,33001,
Kenya,1965,17981, 4.079 ,1.241108179,33347,
Kenya,1966,19787, 4.192 ,1.250133634,34501,
Kenya,1967,20573, 4.308 ,1.259224653,36069,
Kenya,1968,20495, 4.429 ,1.268381953,38161,
Kenya,1969,21888, 4.555 ,1.277605653,40351,
Kenya,1970,20260, 4.658 ,1.286896586,44222,
Kenya,1971,21994, 4.848 ,1.304250002,48184,
Kenya,1972,24232, 4.964 ,1.321837544,52101,
Kenya,1973,24992, 5.115 ,1.339662194,56761,
Kenya,1974,27906, 5.378 ,1.35772717,60727,
Kenya,1975,28068, 5.512 ,1.37603581,63445,
Kenya,1976,28614, 5.719 ,1.394591331,64036,
Kenya,1977,32018, 5.903 ,1.413396955,64299,
Kenya,1978,34636, 6.079 ,1.432456255,65906,
Kenya,1979,34659, 6.320 ,1.451772571,67548,
Kenya,1980,36550, 6.537 ,1.471349359,70111,
Kenya,1981,37305, 6.719 ,1.493256092,70286,
Kenya,1982,38618, 6.923 ,1.515489101,68773,
Kenya,1983,40833, 7.183 ,1.538053036,65921,
Kenya,1984,43699, 7.405 ,1.560952902,66138,
Kenya,1985,44640, 7.678 ,1.584193707,67545,
Kenya,1986,48202, 7.937 ,1.607780576,68749,
Kenya,1987,48816, 8.197 ,1.631718636,73616,
Kenya,1988,51739, 8.429 ,1.656013131,80158,
Kenya,1989,52306, 8.771 ,1.680669308,86220,
Kenya,1990,54921, 9.065 ,1.70569253,94414,
Kenya,1991,56142, 9.394 ,1.728196621,103403,
Kenya,1992,54881, 9.758 ,1.750123143,113785,
Kenya,1993,58145, 10.165 ,1.772327662,127324,
Kenya,1994,66931, 10.683 ,1.794813991,137889,
Kenya,1995,64413, 11.330 ,1.817585588,149181,
Kenya,1996,67131, 11.907 ,1.840646029,154158,
Kenya,1997,68365, 12.423 ,1.863999128,154032,
Kenya,1998,68740, 12.921 ,1.887648463,153370,
Kenya,1999,69474, 13.424 ,1.911597967,146729,
Kenya,2000,68731, 13.858 ,1.935851216,141477,
Kenya,2001,71612, 14.247 ,1.957712531,138899,
Kenya,2002,69826, 14.636 ,1.979820728,135276,
Kenya,2003,68460, 14.996 ,2.002178669,131882,
Kenya,2004,71549, 15.588 ,2.024788857,132447,
Kenya,2005,76682, 16.018 ,2.047654629,138790,
Kenya,2006,84663, 16.449 ,2.070778608,151153,
Kenya,2007,90142, 17.010 ,2.094163656,169389,
Kenya,2008,93471, 17.563 ,2.117812634,195630,
Kenya,2009,99209, 17.876 ,2.141728878,229223,
Kenya,2010,109638, 17.694 ,2.165915012,267149,
Kenya,2011,119047, 18.108 ,2.185294867,292841,
Kenya,2012,129439, 18.715 ,2.204848051,299646,
Kenya,2013,138897, 19.775 ,2.224575996,322765,
Kenya,2014,153424, 21.008 ,2.24448061,356198,
Kenya,2015,169404, 21.866 ,2.264563322,379629,
Kenya,2016,182603, 22.812 ,2.284825802,406398,
Kenya,2017,203140, 23.509 ,2.30526948,457636,
Kenya,2018,212140, 24.213 ,2.325896025,480435,
Kenya,2019,222738, 25.074 ,2.346707344,504993,
Kyrgyzstan,1950,,,,,
Kyrgyzstan,1951,,,,,
Kyrgyzstan,1952,,,,,
Kyrgyzstan,1953,,,,,
Kyrgyzstan,1954,,,,,
Kyrgyzstan,1955,,,,,
Kyrgyzstan,1956,,,,,
Kyrgyzstan,1957,,,,,
Kyrgyzstan,1958,,,,,
Kyrgyzstan,1959,,,,,
Kyrgyzstan,1960,,,,,
Kyrgyzstan,1961,,,,,
Kyrgyzstan,1962,,,,,
Kyrgyzstan,1963,,,,,
Kyrgyzstan,1964,,,,,
Kyrgyzstan,1965,,,,,
Kyrgyzstan,1966,,,,,
Kyrgyzstan,1967,,,,,
Kyrgyzstan,1968,,,,,
Kyrgyzstan,1969,,,,,
Kyrgyzstan,1970,,,,,
Kyrgyzstan,1971,,,,,
Kyrgyzstan,1972,,,,,
Kyrgyzstan,1973,,,,,
Kyrgyzstan,1974,,,,,
Kyrgyzstan,1975,,,,,
Kyrgyzstan,1976,,,,,
Kyrgyzstan,1977,,,,,
Kyrgyzstan,1978,,,,,
Kyrgyzstan,1979,,,,,
Kyrgyzstan,1980,,,,,
Kyrgyzstan,1981,,,,,
Kyrgyzstan,1982,,,,,
Kyrgyzstan,1983,,,,,
Kyrgyzstan,1984,,,,,
Kyrgyzstan,1985,,,,,
Kyrgyzstan,1986,,,,,
Kyrgyzstan,1987,,,,,
Kyrgyzstan,1988,,,,,
Kyrgyzstan,1989,,,,,
Kyrgyzstan,1990,36275, 1.743 ,2.659528017,58848,
Kyrgyzstan,1991,35928, 1.721 ,2.678925991,59749,
Kyrgyzstan,1992,28358, 1.821 ,2.698465586,59904,
Kyrgyzstan,1993,24421, 1.680 ,2.718147755,59630,
Kyrgyzstan,1994,18603, 1.661 ,2.737973213,58849,
Kyrgyzstan,1995,15791, 1.659 ,2.75794363,58894,
Kyrgyzstan,1996,15812, 1.669 ,2.781903505,58928,
Kyrgyzstan,1997,12811, 1.711 ,2.806071281,56446,
Kyrgyzstan,1998,11621, 1.733 ,2.830449104,52007,
Kyrgyzstan,1999,11320, 1.796 ,2.855038881,46787,
Kyrgyzstan,2000,11209, 1.803 ,2.879842281,42025,
Kyrgyzstan,2001,11065, 1.823 ,2.89928484,38008,
Kyrgyzstan,2002,11095, 1.884 ,2.918858767,34742,
Kyrgyzstan,2003,12077, 1.956 ,2.938565254,32177,
Kyrgyzstan,2004,12755, 2.007 ,2.958404303,30518,
Kyrgyzstan,2005,12945, 2.088 ,2.978377581,29715,
Kyrgyzstan,2006,14976, 2.108 ,3.013251066,29819,
Kyrgyzstan,2007,16924, 2.173 ,3.048532724,30152,
Kyrgyzstan,2008,19796, 2.216 ,3.084227562,30886,
Kyrgyzstan,2009,19771, 2.257 ,3.120340347,31851,
Kyrgyzstan,2010,19836, 2.301 ,3.156876087,32824,
Kyrgyzstan,2011,24525, 2.359 ,3.195667028,33742,
Kyrgyzstan,2012,27309, 2.392 ,3.235574961,38412,
Kyrgyzstan,2013,28866, 2.392 ,3.276640177,43263,
Kyrgyzstan,2014,42189, 2.457 ,3.318904638,68065,
Kyrgyzstan,2015,28923, 2.531 ,3.36241293,55747,
Kyrgyzstan,2016,31838, 2.565 ,3.407210588,63273,
Kyrgyzstan,2017,37361, 2.571 ,3.453345776,72698,
Kyrgyzstan,2018,39751, 2.626 ,3.50086832,76953,
Kyrgyzstan,2019,39367, 2.671 ,3.54983139,81435,
Cambodia,1950,,,,,
Cambodia,1951,,,,,
Cambodia,1952,,,,,
Cambodia,1953,,,,,
Cambodia,1954,,,,,
Cambodia,1955,,,,,
Cambodia,1956,,,,,
Cambodia,1957,,,,,
Cambodia,1958,,,,,
Cambodia,1959,,,,,
Cambodia,1960,,,,,
Cambodia,1961,,,,,
Cambodia,1962,,,,,
Cambodia,1963,,,,,
Cambodia,1964,,,,,
Cambodia,1965,,,,,
Cambodia,1966,,,,,
Cambodia,1967,,,,,
Cambodia,1968,,,,,
Cambodia,1969,,,,,
Cambodia,1970,12699, 2.897 ,1.180511594,11102,
Cambodia,1971,13955, 2.973 ,1.193359613,11603,
Cambodia,1972,11810, 3.058 ,1.206347346,12040,
Cambodia,1973,9569, 3.138 ,1.219476461,12268,
Cambodia,1974,8748, 3.192 ,1.232748508,12488,
Cambodia,1975,8412, 3.206 ,1.246165037,12655,
Cambodia,1976,8350, 3.173 ,1.262043715,12800,
Cambodia,1977,7132, 3.101 ,1.278124571,12829,
Cambodia,1978,7129, 3.015 ,1.294410348,12867,
Cambodia,1979,6228, 2.950 ,1.310903788,12862,
Cambodia,1980,5989, 2.933 ,1.327607274,12841,
Cambodia,1981,5923, 2.945 ,1.342157722,12885,
Cambodia,1982,5895, 3.002 ,1.356867552,12906,
Cambodia,1983,6158, 3.088 ,1.371738672,12878,
Cambodia,1984,6444, 3.181 ,1.386772752,12901,
Cambodia,1985,6718, 3.275 ,1.401971698,13001,
Cambodia,1986,6989, 3.366 ,1.408187866,13088,
Cambodia,1987,8393, 3.427 ,1.414431572,13534,
Cambodia,1988,9483, 3.508 ,1.420703053,13825,
Cambodia,1989,10114, 3.601 ,1.427002311,13837,
Cambodia,1990,10109, 3.707 ,1.433329463,14088,
Cambodia,1991,11031, 3.820 ,1.443412066,14397,
Cambodia,1992,14035, 3.920 ,1.453565598,14764,
Cambodia,1993,12568, 4.019 ,1.463790536,15655,2190.643666
Cambodia,1994,14060, 4.181 ,1.474087477,16239,2160.657944
Cambodia,1995,15439, 4.314 ,1.484456778,17600,2187.281321
Cambodia,1996,14693, 4.448 ,1.495499492,18671,2191.996332
Cambodia,1997,15137, 4.634 ,1.50662446,20144,2202.334572
Cambodia,1998,14640, 4.846 ,1.517832041,21419,2239.291355
Cambodia,1999,15770, 5.072 ,1.529123187,23386,2265.426807
Cambodia,2000,16985, 5.226 ,1.540498137,25952,2296.890804
Cambodia,2001,18237, 5.769 ,1.552787423,28594,2321.056191
Cambodia,2002,19528, 5.918 ,1.565174699,32133,2367.166667
Cambodia,2003,21100, 6.022 ,1.577660799,35727,2366.47584
Cambodia,2004,22463, 6.085 ,1.590246558,39924,2374.303917
Cambodia,2005,26334, 6.284 ,1.602932692,45319,2373.758019
Cambodia,2006,28047, 6.498 ,1.627782941,51289,2374.13517
Cambodia,2007,31562, 6.709 ,1.653018355,57044,2380.88657
Cambodia,2008,35213, 6.954 ,1.678645015,63346,2382.565146
Cambodia,2009,33392, 7.188 ,1.704669118,70318,2389.084697
Cambodia,2010,35353, 7.588 ,1.725667357,75300,2390.162001
Cambodia,2011,38639, 7.829 ,1.747694492,81272,2408.062127
Cambodia,2012,42553, 7.789 ,1.770691395,89892,2414.252222
Cambodia,2013,46614, 7.712 ,1.794710159,100732,2423.970821
Cambodia,2014,48443, 7.844 ,1.819806457,114301,2442.805337
Cambodia,2015,54033, 7.986 ,1.846039653,128158,2458.309132
Cambodia,2016,58049, 8.316 ,1.873473048,143448,2467.990052
Cambodia,2017,63252, 8.455 ,1.902174592,160637,2474.911893
Cambodia,2018,69346, 8.585 ,1.932216287,175796,2474.911893
Cambodia,2019,74190, 8.731 ,1.963675737,192253,2474.911893
Saint Kitts and Nevis,1950,,,,,
Saint Kitts and Nevis,1951,,,,,
Saint Kitts and Nevis,1952,,,,,
Saint Kitts and Nevis,1953,,,,,
Saint Kitts and Nevis,1954,,,,,
Saint Kitts and Nevis,1955,,,,,
Saint Kitts and Nevis,1956,,,,,
Saint Kitts and Nevis,1957,,,,,
Saint Kitts and Nevis,1958,,,,,
Saint Kitts and Nevis,1959,,,,,
Saint Kitts and Nevis,1960,,,,,
Saint Kitts and Nevis,1961,,,,,
Saint Kitts and Nevis,1962,,,,,
Saint Kitts and Nevis,1963,,,,,
Saint Kitts and Nevis,1964,,,,,
Saint Kitts and Nevis,1965,,,,,
Saint Kitts and Nevis,1966,,,,,
Saint Kitts and Nevis,1967,,,,,
Saint Kitts and Nevis,1968,,,,,
Saint Kitts and Nevis,1969,,,,,
Saint Kitts and Nevis,1970,200,,,545,
Saint Kitts and Nevis,1971,212,,,544,
Saint Kitts and Nevis,1972,222,,,544,
Saint Kitts and Nevis,1973,232, 0.020 ,,548,
Saint Kitts and Nevis,1974,243, 0.020 ,,556,
Saint Kitts and Nevis,1975,251, 0.020 ,,565,
Saint Kitts and Nevis,1976,270, 0.021 ,,584,
Saint Kitts and Nevis,1977,273, 0.022 ,,606,
Saint Kitts and Nevis,1978,301, 0.023 ,,611,
Saint Kitts and Nevis,1979,332, 0.023 ,,636,
Saint Kitts and Nevis,1980,361, 0.015 ,,668,
Saint Kitts and Nevis,1981,381, 0.023 ,,689,
Saint Kitts and Nevis,1982,369, 0.023 ,,718,
Saint Kitts and Nevis,1983,376, 0.015 ,,747,
Saint Kitts and Nevis,1984,407, 0.015 ,,763,
Saint Kitts and Nevis,1985,387, 0.015 ,,785,
Saint Kitts and Nevis,1986,425, 0.015 ,,809,
Saint Kitts and Nevis,1987,466, 0.016 ,,851,
Saint Kitts and Nevis,1988,451, 0.016 ,,963,
Saint Kitts and Nevis,1989,485, 0.016 ,,1080,
Saint Kitts and Nevis,1990,513, 0.016 ,,1180,
Saint Kitts and Nevis,1991,528, 0.017 ,,1234,
Saint Kitts and Nevis,1992,525, 0.017 ,,1280,
Saint Kitts and Nevis,1993,519, 0.017 ,,1350,
Saint Kitts and Nevis,1994,578, 0.017 ,,1413,
Saint Kitts and Nevis,1995,581, 0.017 ,,1500,
Saint Kitts and Nevis,1996,670, 0.017 ,,1590,
Saint Kitts and Nevis,1997,632, 0.017 ,,1667,
Saint Kitts and Nevis,1998,658, 0.016 ,,1748,
Saint Kitts and Nevis,1999,736, 0.016 ,,1844,
Saint Kitts and Nevis,2000,818, 0.016 ,,2041,
Saint Kitts and Nevis,2001,517, 0.016 ,,2295,
Saint Kitts and Nevis,2002,589,,,2574,
Saint Kitts and Nevis,2003,614,,,2913,
Saint Kitts and Nevis,2004,688,,,3323,
Saint Kitts and Nevis,2005,890,,,3886,
Saint Kitts and Nevis,2006,839,,,4574,
Saint Kitts and Nevis,2007,850,,,5441,
Saint Kitts and Nevis,2008,1006,,,6435,
Saint Kitts and Nevis,2009,961,,,7515,
Saint Kitts and Nevis,2010,998,,,8474,
Saint Kitts and Nevis,2011,1091,,,9151,
Saint Kitts and Nevis,2012,1081,,,9382,
Saint Kitts and Nevis,2013,1071,,,9401,
Saint Kitts and Nevis,2014,1138,,,9585,
Saint Kitts and Nevis,2015,1061,,,9875,
Saint Kitts and Nevis,2016,1019,,,10334,
Saint Kitts and Nevis,2017,1112,,,9815,
Saint Kitts and Nevis,2018,1176,,,10080,
Saint Kitts and Nevis,2019,1212,,,10354,
Republic of Korea,1950,,,,,
Republic of Korea,1951,,,,,
Republic of Korea,1952,,,,,
Republic of Korea,1953,23377, 6.137 ,1.826601982,213333,2484.486773
Republic of Korea,1954,24240, 6.140 ,1.84198463,213615,2520.635207
Republic of Korea,1955,26068, 6.170 ,1.857496738,210166,2557.309588
Republic of Korea,1956,26725, 6.251 ,1.806920886,209273,2594.517569
Republic of Korea,1957,29134, 6.358 ,1.757722259,208809,2632.266913
Republic of Korea,1958,30193, 6.479 ,1.709863186,209457,2670.565498
Republic of Korea,1959,30772, 6.621 ,1.648594856,207249,2709.421313
Republic of Korea,1960,31086, 6.779 ,1.589307308,204603,2748.842468
Republic of Korea,1961,33341, 7.054 ,1.632086873,203337,2788.837187
Republic of Korea,1962,33626, 7.325 ,1.676018,206408,2829.413815
Republic of Korea,1963,37479, 7.594 ,1.718174696,212279,2870.580819
Republic of Korea,1964,40844, 7.730 ,1.752919197,215378,2779.930899
Republic of Korea,1965,42992, 8.145 ,1.788366318,219957,2900.79746
Republic of Korea,1966,48848, 8.359 ,1.824530244,233466,2882.667476
Republic of Korea,1967,51529, 8.660 ,1.861425519,247223,2918.927444
Republic of Korea,1968,57575, 9.098 ,1.899066687,267766,2973.317396
Republic of Korea,1969,65536, 9.323 ,1.937469244,287913,3039.794005
Republic of Korea,1970,71178, 9.657 ,1.976648331,308757,2918.927444
Republic of Korea,1971,83963, 9.991 ,2.014972687,327807,2913.085127
Republic of Korea,1972,94770, 10.437 ,2.054040194,347983,2907.230374
Republic of Korea,1973,115940, 11.029 ,2.093865156,375750,2901.447749
Republic of Korea,1974,138091, 11.514 ,2.134462357,411227,2895.647714
Republic of Korea,1975,159265, 11.788 ,2.175846577,443770,2889.852653
Republic of Korea,1976,173543, 12.509 ,2.218033075,456768,2884.037695
Republic of Korea,1977,189439, 12.897 ,2.261037588,464445,2878.314761
Republic of Korea,1978,207226, 13.476 ,2.304875851,491343,2872.532136
Republic of Korea,1979,218002, 13.669 ,2.349564314,526812,2866.856458
Republic of Korea,1980,205997, 13.730 ,2.395118952,560492,2860.942014
Republic of Korea,1981,219424, 14.057 ,2.44942379,598113,2876.92493
Republic of Korea,1982,235265, 14.403 ,2.504959822,631730,2889.91105
Republic of Korea,1983,264716, 14.526 ,2.561175346,670677,2907.89183
Republic of Korea,1984,290810, 14.469 ,2.600128412,724540,2903.896101
Republic of Korea,1985,305082, 15.052 ,2.639673948,797200,2878.922795
Republic of Korea,1986,359630, 15.610 ,2.679821014,897738,2907.89183
Republic of Korea,1987,417625, 16.470 ,2.720578432,1031116,2876.92493
Republic of Korea,1988,475556, 16.985 ,2.761955976,1198623,2830.974046
Republic of Korea,1989,526184, 17.675 ,2.803962708,1411262,2728.084022
Republic of Korea,1990,593102, 18.206 ,2.8466084,1703955,2674.14168
Republic of Korea,1991,674589, 18.786 ,2.879410267,2051665,2658.158764
Republic of Korea,1992,729250, 19.158 ,2.912590265,2441263,2636.182254
Republic of Korea,1993,800354, 19.402 ,2.946152449,2893917,2653.164102
Republic of Korea,1994,903959, 20.037 ,2.980101347,3413992,2637.181186
Republic of Korea,1995,1015577, 20.618 ,3.014441252,3966521,2645.172644
Republic of Korea,1996,1136406, 21.073 ,3.04917717,4478995,2634.184389
Republic of Korea,1997,1116091, 21.444 ,3.084313393,4308283,2579.243114
Republic of Korea,1998,982706, 20.193 ,3.119854212,3722072,2485.343481
Republic of Korea,1999,1092840, 20.578 ,3.155804634,3534997,2492.336007
Republic of Korea,2000,1176636, 21.441 ,3.192169428,3730456,2509.317856
Republic of Korea,2001,1212755, 21.845 ,3.218729019,3904355,2496.331736
Republic of Korea,2002,1308659, 22.458 ,3.245509624,4093876,2461.369107
Republic of Korea,2003,1361778, 22.433 ,3.272512913,4533372,2421.411816
Republic of Korea,2004,1449576, 22.875 ,3.29974103,5070357,2389.445984
Republic of Korea,2005,1562741, 23.076 ,3.327195644,5724578,2348.489761
Republic of Korea,2006,1618417, 23.400 ,3.354878664,6221793,2343.495099
Republic of Korea,2007,1716587, 23.731 ,3.382791996,6731400,2303.537809
Republic of Korea,2008,1721252, 23.837 ,3.410937548,7237983,2216.630701
Republic of Korea,2009,1659645, 23.707 ,3.439317226,7205280,2167.461499
Republic of Korea,2010,1780068, 24.029 ,3.467933178,7213039,2153.413248
Republic of Korea,2011,1784290, 24.452 ,3.49846077,7190925,2126.319817
Republic of Korea,2012,1790976, 24.885 ,3.529577255,7693654,2110.264663
Republic of Korea,2013,1751297, 25.258 ,3.561296463,8144688,2100.230124
Republic of Korea,2014,1834123, 25.826 ,3.593633175,8675896,2070.312296
Republic of Korea,2015,1943939, 26.079 ,3.626602411,9110202,2077.293101
Republic of Korea,2016,1999304, 26.288 ,3.660219908,9397864,2062.334165
Republic of Korea,2017,2088577, 26.554 ,3.694501162,9973875,2012.471293
Republic of Korea,2018,2118145, 26.581 ,3.7294631,10309477,1987.539723
Republic of Korea,2019,2162705, 26.799 ,3.76512289,10635833,1979.526258
Kuwait,1950,,,,,
Kuwait,1951,,,,,
Kuwait,1952,,,,,
Kuwait,1953,,,,,
Kuwait,1954,,,,,
Kuwait,1955,,,,,
Kuwait,1956,,,,,
Kuwait,1957,,,,,
Kuwait,1958,,,,,
Kuwait,1959,,,,,
Kuwait,1960,,,,,
Kuwait,1961,,,,,
Kuwait,1962,,,,,
Kuwait,1963,,,,,
Kuwait,1964,,,,,
Kuwait,1965,,,,,
Kuwait,1966,,,,,
Kuwait,1967,,,,,
Kuwait,1968,,,,,
Kuwait,1969,,,,,
Kuwait,1970,105453, 0.236 ,1.475311399,23905,
Kuwait,1971,108763, 0.250 ,1.480122685,27394,
Kuwait,1972,113297, 0.263 ,1.484949708,30614,
Kuwait,1973,103885, 0.277 ,1.489792466,33708,
Kuwait,1974,94470, 0.290 ,1.49465096,37685,
Kuwait,1975,84036, 0.305 ,1.499525309,45376,
Kuwait,1976,92692, 0.335 ,1.550978184,55229,
Kuwait,1977,95589, 0.369 ,1.604196548,69595,
Kuwait,1978,96082, 0.406 ,1.65924108,80828,
Kuwait,1979,112508, 0.445 ,1.714443207,89864,
Kuwait,1980,88132, 0.486 ,1.758598566,100058,
Kuwait,1981,74869, 0.521 ,1.79393363,111009,
Kuwait,1982,68363, 0.556 ,1.829978585,124235,
Kuwait,1983,70006, 0.592 ,1.866747856,139148,
Kuwait,1984,71838, 0.631 ,1.904255986,151967,
Kuwait,1985,64676, 0.675 ,1.942517638,162692,
Kuwait,1986,52943, 0.727 ,1.951903343,169967,
Kuwait,1987,62739, 0.785 ,1.961334467,175658,
Kuwait,1988,55191, 0.840 ,1.970811248,176837,
Kuwait,1989,63048, 0.881 ,1.980333686,176937,
Kuwait,1990,46864, 0.899 ,1.989902139,178190,
Kuwait,1991,27740, 0.889 ,1.997148991,182521,
Kuwait,1992,55323, 0.854 ,2.004422188,185181,
Kuwait,1993,73110, 0.807 ,2.011722088,190531,
Kuwait,1994,77165, 0.770 ,2.019048452,194834,
Kuwait,1995,78530, 0.760 ,2.02640152,200631,
Kuwait,1996,84432, 0.827 ,2.042160749,206541,
Kuwait,1997,84767, 0.892 ,2.058042765,212268,
Kuwait,1998,87473, 0.930 ,2.074048281,226405,
Kuwait,1999,82170, 0.917 ,2.090178013,232990,
Kuwait,2000,91487, 0.900 ,2.106433392,235178,
Kuwait,2001,85023, 0.895 ,2.102227688,241298,
Kuwait,2002,88306, 0.954 ,2.098030329,253663,
Kuwait,2003,110105, 1.001 ,2.093841314,270138,
Kuwait,2004,134819, 1.068 ,2.089660645,288480,
Kuwait,2005,177075, 1.163 ,2.085488319,315161,
Kuwait,2006,217261, 1.298 ,2.097772121,338540,
Kuwait,2007,235427, 1.464 ,2.110128403,346802,
Kuwait,2008,285906, 1.537 ,2.122557402,358171,
Kuwait,2009,206229, 1.585 ,2.135059834,357910,
Kuwait,2010,233033, 1.715 ,2.147635698,369999,
Kuwait,2011,291633, 1.793 ,2.160651684,388447,
Kuwait,2012,331729, 1.913 ,2.173871994,403312,
Kuwait,2013,327056, 1.987 ,2.18730092,451761,
Kuwait,2014,301279, 2.088 ,2.200942039,521105,
Kuwait,2015,209160, 2.189 ,2.214799881,595327,
Kuwait,2016,209420, 2.246 ,2.228878736,661775,
Kuwait,2017,228240, 2.293 ,2.243182898,812928,
Kuwait,2018,266071, 2.334 ,2.257716894,866746,
Kuwait,2019,261069, 2.373 ,2.272485018,911087,
Lao People's DR,1950,,,,,
Lao People's DR,1951,,,,,
Lao People's DR,1952,,,,,
Lao People's DR,1953,,,,,
Lao People's DR,1954,,,,,
Lao People's DR,1955,,,,,
Lao People's DR,1956,,,,,
Lao People's DR,1957,,,,,
Lao People's DR,1958,,,,,
Lao People's DR,1959,,,,,
Lao People's DR,1960,,,,,
Lao People's DR,1961,,,,,
Lao People's DR,1962,,,,,
Lao People's DR,1963,,,,,
Lao People's DR,1964,,,,,
Lao People's DR,1965,,,,,
Lao People's DR,1966,,,,,
Lao People's DR,1967,,,,,
Lao People's DR,1968,,,,,
Lao People's DR,1969,,,,,
Lao People's DR,1970,2082,,1.205937147,4816,
Lao People's DR,1971,2186,,1.216405511,4903,
Lao People's DR,1972,2261,,1.226964831,4988,
Lao People's DR,1973,2461,,1.237615705,5084,
Lao People's DR,1974,2549,,1.248359084,5191,
Lao People's DR,1975,2717,,1.259195805,5294,
Lao People's DR,1976,2797,,1.273338556,5388,
Lao People's DR,1977,2744,,1.287640214,5482,
Lao People's DR,1978,2786,,1.302102566,5565,
Lao People's DR,1979,2703,,1.316727161,5635,
Lao People's DR,1980,2979, 1.477 ,1.331516266,5714,
Lao People's DR,1981,3436, 1.493 ,1.34512341,5870,
Lao People's DR,1982,3708, 1.523 ,1.358869672,6070,
Lao People's DR,1983,3983, 1.564 ,1.372756481,6313,
Lao People's DR,1984,3915, 1.607 ,1.38678515,6416,
Lao People's DR,1985,4365, 1.653 ,1.400957227,6593,
Lao People's DR,1986,4553, 1.701 ,1.422651529,6772,
Lao People's DR,1987,4695, 1.758 ,1.444681764,7166,
Lao People's DR,1988,5195, 1.819 ,1.467053175,7768,
Lao People's DR,1989,5815, 1.865 ,1.489771008,8781,
Lao People's DR,1990,6011, 1.915 ,1.512840629,9792,
Lao People's DR,1991,6195, 1.965 ,1.532318711,10668,
Lao People's DR,1992,6432, 2.014 ,1.552047491,11546,
Lao People's DR,1993,6801, 2.064 ,1.572030306,12498,
Lao People's DR,1994,7425, 2.113 ,1.592270494,13607,
Lao People's DR,1995,7948, 2.165 ,1.612771153,14725,
Lao People's DR,1996,8796, 2.228 ,1.627397656,16091,
Lao People's DR,1997,9358, 2.293 ,1.64215672,17349,
Lao People's DR,1998,9494, 2.361 ,1.657049656,18423,
Lao People's DR,1999,10388, 2.429 ,1.672077656,20458,
Lao People's DR,2000,10487, 2.500 ,1.687242031,21772,
Lao People's DR,2001,12430, 2.576 ,1.701891541,23466,
Lao People's DR,2002,13968, 2.650 ,1.714815378,26515,
Lao People's DR,2003,14061, 2.727 ,1.726025701,29260,
Lao People's DR,2004,15172, 2.809 ,1.737309337,32789,
Lao People's DR,2005,15980, 2.897 ,1.748666763,36913,
Lao People's DR,2006,19433, 2.938 ,1.760949612,42182,
Lao People's DR,2007,21997, 2.983 ,1.773318887,50829,
Lao People's DR,2008,23415, 3.028 ,1.785774946,60485,
Lao People's DR,2009,26251, 3.072 ,1.798318505,70791,
Lao People's DR,2010,27937, 3.117 ,1.81095016,79175,
Lao People's DR,2011,31869, 3.161 ,1.824285388,88012,
Lao People's DR,2012,38744, 3.207 ,1.837933064,98693,
Lao People's DR,2013,42007, 3.252 ,1.851901889,108636,
Lao People's DR,2014,44648, 3.295 ,1.86620152,120205,
Lao People's DR,2015,44679, 3.335 ,1.880841255,133266,
Lao People's DR,2016,47501, 3.407 ,1.895831227,145644,
Lao People's DR,2017,50524, 3.477 ,1.911181569,160719,
Lao People's DR,2018,51663, 3.546 ,1.926903129,174719,
Lao People's DR,2019,54384, 3.619 ,1.943006754,189751,
Lebanon,1950,,,,,
Lebanon,1951,,,,,
Lebanon,1952,,,,,
Lebanon,1953,,,,,
Lebanon,1954,,,,,
Lebanon,1955,,,,,
Lebanon,1956,,,,,
Lebanon,1957,,,,,
Lebanon,1958,,,,,
Lebanon,1959,,,,,
Lebanon,1960,,,,,
Lebanon,1961,,,,,
Lebanon,1962,,,,,
Lebanon,1963,,,,,
Lebanon,1964,,,,,
Lebanon,1965,,,,,
Lebanon,1966,,,,,
Lebanon,1967,,,,,
Lebanon,1968,,,,,
Lebanon,1969,,,,,
Lebanon,1970,17415, 0.447 ,,36593,
Lebanon,1971,19001, 0.460 ,,37763,
Lebanon,1972,21046, 0.474 ,,39327,
Lebanon,1973,22737, 0.489 ,,42201,
Lebanon,1974,22637, 0.502 ,,44532,
Lebanon,1975,15595, 0.512 ,,45435,
Lebanon,1976,6646, 0.518 ,,44276,
Lebanon,1977,14438, 0.521 ,,44419,
Lebanon,1978,13111, 0.522 ,,44231,
Lebanon,1979,15573, 0.523 ,,44249,
Lebanon,1980,16671, 0.525 ,,44075,
Lebanon,1981,16476, 0.532 ,,44919,
Lebanon,1982,10909, 0.540 ,,43564,
Lebanon,1983,15642, 0.549 ,,43139,
Lebanon,1984,18862, 0.557 ,,44876,
Lebanon,1985,24326, 0.566 ,,48060,
Lebanon,1986,20812, 0.574 ,,49422,
Lebanon,1987,24348, 0.581 ,,53494,
Lebanon,1988,16338, 0.590 ,,54899,
Lebanon,1989,9239, 0.605 ,,54125,
Lebanon,1990,13530, 0.628 ,,54549,
Lebanon,1991,19297, 0.663 ,,55639,
Lebanon,1992,14961, 0.711 ,,56552,
Lebanon,1993,14272, 0.766 ,,58108,
Lebanon,1994,14791, 0.821 ,,60030,
Lebanon,1995,15003, 0.871 ,,62381,
Lebanon,1996,15070, 0.894 ,,65043,
Lebanon,1997,12344, 0.915 ,,68305,
Lebanon,1998,14781, 0.934 ,,74807,
Lebanon,1999,18227, 0.961 ,,84134,
Lebanon,2000,21316, 0.998 ,,98228,
Lebanon,2001,24284, 1.045 ,,120572,
Lebanon,2002,31903, 1.103 ,,154832,
Lebanon,2003,38262, 1.169 ,,205828,
Lebanon,2004,48296, 1.227 ,,270416,
Lebanon,2005,61802, 1.270 ,,312707,
Lebanon,2006,60498, 1.300 ,,324080,
Lebanon,2007,65656, 1.316 ,,339650,
Lebanon,2008,73163, 1.348 ,,358953,
Lebanon,2009,82879, 1.386 ,,384978,
Lebanon,2010,87084, 1.431 ,,407147,
Lebanon,2011,83091, 1.504 ,,426615,
Lebanon,2012,85622, 1.596 ,,444537,
Lebanon,2013,89265, 1.694 ,,467495,
Lebanon,2014,94241, 1.783 ,,492634,
Lebanon,2015,99762, 1.855 ,,505645,
Lebanon,2016,106443, 1.918 ,,523268,
Lebanon,2017,108714, 1.963 ,,540988,
Lebanon,2018,106750, 1.992 ,,557781,
Lebanon,2019,101121, 2.002 ,,572380,
Liberia,1950,,,,,
Liberia,1951,,,,,
Liberia,1952,,,,,
Liberia,1953,,,,,
Liberia,1954,,,,,
Liberia,1955,,,,,
Liberia,1956,,,,,
Liberia,1957,,,,,
Liberia,1958,,,,,
Liberia,1959,,,,,
Liberia,1960,,,,,
Liberia,1961,,,,,
Liberia,1962,,,,,
Liberia,1963,,,,,
Liberia,1964,2010,,1.103320241,5379,
Liberia,1965,2161,,1.109320521,5584,
Liberia,1966,2356,,1.11580646,5714,
Liberia,1967,2500,,1.122330308,5851,
Liberia,1968,2583,,1.128892183,5980,
Liberia,1969,2763,,1.135492563,6122,
Liberia,1970,2946,,1.142131448,6230,
Liberia,1971,3122,,1.147728682,6292,
Liberia,1972,3268,,1.153353333,6371,
Liberia,1973,3455,,1.159005642,6401,
Liberia,1974,3683,,1.164685607,6504,
Liberia,1975,3397,,1.170393348,6648,
Liberia,1976,3688,,1.181826591,6918,
Liberia,1977,3966,,1.193371534,7118,
Liberia,1978,4155,,1.205029249,7383,
Liberia,1979,3513,,1.216800928,7682,
Liberia,1980,3933, 0.562 ,1.228687525,7726,
Liberia,1981,3460, 0.582 ,1.244952679,7781,
Liberia,1982,3445, 0.605 ,1.261433125,7892,
Liberia,1983,3448, 0.627 ,1.278131843,7939,
Liberia,1984,3366, 0.644 ,1.295051455,7935,
Liberia,1985,3226, 0.654 ,1.312195182,7836,
Liberia,1986,3233, 0.657 ,1.332613707,7707,
Liberia,1987,3432, 0.653 ,1.353349924,7593,
Liberia,1988,3501, 0.646 ,1.374408841,7475,
Liberia,1989,3620, 0.635 ,1.395795465,7335,
Liberia,1990,1883, 0.625 ,1.41751492,7149,
Liberia,1991,1748, 0.615 ,1.436322689,6888,
Liberia,1992,1090, 0.605 ,1.455379963,6654,
Liberia,1993,740, 0.600 ,1.474690199,6426,
Liberia,1994,569, 0.605 ,1.494256496,6196,
Liberia,1995,556, 0.623 ,1.514082551,5987,
Liberia,1996,533, 0.659 ,1.528951645,5953,
Liberia,1997,1133, 0.710 ,1.54396677,6120,
Liberia,1998,1535, 0.770 ,1.559129357,6424,
Liberia,1999,1810, 0.826 ,1.574440837,6771,
Liberia,2000,2835, 0.875 ,1.589902639,6582,
Liberia,2001,2470, 0.907 ,1.603378773,6796,
Liberia,2002,2532, 0.928 ,1.616969109,7017,
Liberia,2003,1876, 0.949 ,1.630674601,7003,
Liberia,2004,3568, 0.969 ,1.644496322,6967,
Liberia,2005,3561, 0.995 ,1.658435106,6934,
Liberia,2006,3323, 1.030 ,1.672445178,7103,
Liberia,2007,3121, 1.072 ,1.686573505,7880,
Liberia,2008,3391, 1.152 ,1.70082128,8642,
Liberia,2009,3323, 1.234 ,1.713701606,9636,
Liberia,2010,3421, 1.317 ,1.724601984,10725,
Liberia,2011,3558, 1.398 ,1.736109018,12211,
Liberia,2012,3777, 1.478 ,1.747879863,12619,
Liberia,2013,3977, 1.559 ,1.759922147,14973,
Liberia,2014,4485, 1.642 ,1.772243261,14771,
Liberia,2015,5412, 1.642 ,1.784851074,18433,
Liberia,2016,5812, 1.756 ,1.797753811,21007,
Liberia,2017,6477, 1.807 ,1.810959816,21973,
Liberia,2018,7667, 1.859 ,1.824477911,22906,
Liberia,2019,6212, 1.919 ,1.838316917,23762,
Saint Lucia,1950,,,,,
Saint Lucia,1951,,,,,
Saint Lucia,1952,,,,,
Saint Lucia,1953,,,,,
Saint Lucia,1954,,,,,
Saint Lucia,1955,,,,,
Saint Lucia,1956,,,,,
Saint Lucia,1957,,,,,
Saint Lucia,1958,,,,,
Saint Lucia,1959,,,,,
Saint Lucia,1960,,,,,
Saint Lucia,1961,,,,,
Saint Lucia,1962,,,,,
Saint Lucia,1963,,,,,
Saint Lucia,1964,,,,,
Saint Lucia,1965,,,,,
Saint Lucia,1966,,,,,
Saint Lucia,1967,,,,,
Saint Lucia,1968,,,,,
Saint Lucia,1969,,,,,
Saint Lucia,1970,530, 0.031 ,,228,
Saint Lucia,1971,557, 0.032 ,,276,
Saint Lucia,1972,566, 0.032 ,,323,
Saint Lucia,1973,583, 0.032 ,,366,
Saint Lucia,1974,595, 0.033 ,,406,
Saint Lucia,1975,582, 0.033 ,,452,
Saint Lucia,1976,747, 0.033 ,,509,
Saint Lucia,1977,821, 0.034 ,,548,
Saint Lucia,1978,990, 0.034 ,,618,
Saint Lucia,1979,1010, 0.035 ,,690,
Saint Lucia,1980,978, 0.036 ,,765,
Saint Lucia,1981,907, 0.037 ,,860,
Saint Lucia,1982,931, 0.038 ,,937,
Saint Lucia,1983,964, 0.039 ,,986,
Saint Lucia,1984,1036, 0.040 ,,1045,
Saint Lucia,1985,1057, 0.042 ,,1128,
Saint Lucia,1986,1168, 0.043 ,,1173,
Saint Lucia,1987,1250, 0.045 ,,1134,
Saint Lucia,1988,1311, 0.047 ,,1098,
Saint Lucia,1989,1316, 0.048 ,,1084,
Saint Lucia,1990,1399, 0.049 ,,1047,
Saint Lucia,1991,1342, 0.051 ,,1025,
Saint Lucia,1992,1403, 0.052 ,,1016,
Saint Lucia,1993,1406, 0.052 ,,1003,
Saint Lucia,1994,1279, 0.052 ,,1059,
Saint Lucia,1995,1422, 0.057 ,,1092,
Saint Lucia,1996,1625, 0.057 ,,1189,
Saint Lucia,1997,1501, 0.056 ,,1309,
Saint Lucia,1998,1512, 0.056 ,,1435,
Saint Lucia,1999,1482, 0.060 ,,1573,
Saint Lucia,2000,1485, 0.064 ,,1730,
Saint Lucia,2001,1279, 0.061 ,,1894,
Saint Lucia,2002,1292, 0.058 ,,2076,
Saint Lucia,2003,1455, 0.064 ,,2293,
Saint Lucia,2004,1627, 0.062 ,,2595,
Saint Lucia,2005,1750, 0.066 ,,3044,
Saint Lucia,2006,1350, 0.068 ,,3701,
Saint Lucia,2007,1824, 0.071 ,,4499,
Saint Lucia,2008,2063, 0.069 ,,5568,
Saint Lucia,2009,2188, 0.069 ,,6755,
Saint Lucia,2010,1918, 0.070 ,,7934,
Saint Lucia,2011,2456, 0.071 ,,8887,
Saint Lucia,2012,2388, 0.075 ,,9431,
Saint Lucia,2013,1910, 0.074 ,,9813,
Saint Lucia,2014,2572, 0.076 ,,9984,
Saint Lucia,2015,2206, 0.078 ,,9866,
Saint Lucia,2016,2190, 0.080 ,,10139,
Saint Lucia,2017,2160, 0.082 ,,10364,
Saint Lucia,2018,2553, 0.082 ,,10682,
Saint Lucia,2019,2602, 0.084 ,,11032,
Sri Lanka,1950,20876, 2.511 ,1.483648419,21699,
Sri Lanka,1951,22642, 2.567 ,1.493015647,22809,
Sri Lanka,1952,21672, 2.626 ,1.502442002,24126,
Sri Lanka,1953,22119, 2.687 ,1.511927843,24968,
Sri Lanka,1954,23654, 2.746 ,1.521473646,25874,
Sri Lanka,1955,25608, 2.799 ,1.53107965,27238,
Sri Lanka,1956,23860, 2.850 ,1.542920351,28385,
Sri Lanka,1957,24838, 2.904 ,1.554852724,29177,
Sri Lanka,1958,26037, 2.958 ,1.566877365,30243,
Sri Lanka,1959,27409, 3.015 ,1.578994989,31530,
Sri Lanka,1960,29133, 3.079 ,1.591206312,32652,
Sri Lanka,1961,28870, 3.154 ,1.601411819,33956,
Sri Lanka,1962,30893, 3.229 ,1.611682773,35299,
Sri Lanka,1963,29856, 3.302 ,1.622019768,36858,
Sri Lanka,1964,31686, 3.371 ,1.632422924,38223,
Sri Lanka,1965,31437, 3.440 ,1.642892838,39233,
Sri Lanka,1966,34071, 3.512 ,1.714248061,40613,
Sri Lanka,1967,34407, 3.584 ,1.771368861,42196,
Sri Lanka,1968,37428, 3.656 ,1.830393076,44252,
Sri Lanka,1969,39997, 3.726 ,1.891383886,46973,
Sri Lanka,1970,41318, 3.792 ,1.954407215,50191,1895.514673
Sri Lanka,1971,41160, 3.911 ,1.971775055,53066,1895.164135
Sri Lanka,1972,42425, 4.004 ,1.989297152,56377,1894.924189
Sri Lanka,1973,44971, 4.077 ,2.006974936,60593,1894.806149
Sri Lanka,1974,47482, 4.158 ,2.024810076,64853,1894.736087
Sri Lanka,1975,46260, 4.228 ,2.042803526,67926,1894.653746
Sri Lanka,1976,43019, 4.298 ,2.0580616,68086,1894.200853
Sri Lanka,1977,41738, 4.359 ,2.073433876,66323,1949.333519
Sri Lanka,1978,41923, 4.406 ,2.088920832,63311,1953.115193
Sri Lanka,1979,38434, 4.437 ,2.10452342,63797,1956.951313
Sri Lanka,1980,38547, 4.467 ,2.120242596,69784,1960.851089
Sri Lanka,1981,41601, 4.528 ,2.154426336,78991,1968.473709
Sri Lanka,1982,41292, 4.622 ,2.189161062,91845,1972.961802
Sri Lanka,1983,42063, 4.715 ,2.224455833,110600,1986.351167
Sri Lanka,1984,43159, 4.809 ,2.26031971,131611,1966.267125
Sri Lanka,1985,46428, 4.904 ,2.296761751,149434,1893.413245
Sri Lanka,1986,50037, 4.935 ,2.337059498,144923,1956.422005
Sri Lanka,1987,52464, 4.965 ,2.378064394,129200,1962.99566
Sri Lanka,1988,53775, 4.994 ,2.419788837,113511,1969.518014
Sri Lanka,1989,55964, 5.020 ,2.462244987,100968,1976.123738
Sri Lanka,1990,58180, 5.043 ,2.505446434,94643,1982.901631
Sri Lanka,1991,59516, 5.012 ,2.54971242,91671,1998.108438
Sri Lanka,1992,64172, 4.958 ,2.583345413,89219,2001.62642
Sri Lanka,1993,69548, 5.197 ,2.613986969,90409,2017.428409
Sri Lanka,1994,74939, 5.277 ,2.644991636,94512,1961.767766
Sri Lanka,1995,76681, 5.352 ,2.676364422,104097,1943.484565
Sri Lanka,1996,80639, 5.532 ,2.712902308,109846,1936.948724
Sri Lanka,1997,84301, 5.603 ,2.749938965,114496,1894.859849
Sri Lanka,1998,90855, 6.044 ,2.787481546,118708,1910.487775
Sri Lanka,1999,90958, 6.077 ,2.825536489,123067,1932.793717
Sri Lanka,2000,92246, 6.305 ,2.864110947,127794,2000.739618
Sri Lanka,2001,92285, 6.231 ,2.87118268,131539,1975.660289
Sri Lanka,2002,98518, 6.513 ,2.878272295,139865,1812.201584
Sri Lanka,2003,106714, 7.007 ,2.885379314,147935,1733.871344
Sri Lanka,2004,110706, 7.388 ,2.892503977,164564,1856.297648
Sri Lanka,2005,113822, 7.512 ,2.899645805,183565,1887.692569
Sri Lanka,2006,126609, 7.099 ,2.89663291,211067,1835.429594
Sri Lanka,2007,139145, 7.036 ,2.893623114,248679,1861.29798
Sri Lanka,2008,150562, 7.641 ,2.890616417,299047,1823.991013
Sri Lanka,2009,168008, 7.596 ,2.887612581,357907,1810.628696
Sri Lanka,2010,186457, 7.700 ,2.884612083,424524,1872.336105
Sri Lanka,2011,210000, 7.592 ,2.881628752,481252,1993.679283
Sri Lanka,2012,233040, 7.489 ,2.878653049,519912,2052.953278
Sri Lanka,2013,240199, 7.681 ,2.875684977,566178,1896.660343
Sri Lanka,2014,243904, 7.700 ,2.872724771,614659,1926.355116
Sri Lanka,2015,251838, 7.831 ,2.869772196,631834,1924.01247
Sri Lanka,2016,263962, 7.948 ,2.866827011,694335,1922.44899
Sri Lanka,2017,269025, 8.208 ,2.863889694,731722,1922.513181
Sri Lanka,2018,275685, 8.015 ,2.860959768,771979,1922.513181
Sri Lanka,2019,283395, 8.180 ,2.858037472,816173,1922.513181
Lesotho,1950,,,,,
Lesotho,1951,,,,,
Lesotho,1952,,,,,
Lesotho,1953,,,,,
Lesotho,1954,,,,,
Lesotho,1955,,,,,
Lesotho,1956,,,,,
Lesotho,1957,,,,,
Lesotho,1958,,,,,
Lesotho,1959,,,,,
Lesotho,1960,846,,1.427442312,1127,
Lesotho,1961,859,,1.432315946,1095,
Lesotho,1962,992,,1.437206149,1082,
Lesotho,1963,1112,,1.442113161,1084,
Lesotho,1964,1196,,1.447036862,1094,
Lesotho,1965,1222,,1.451977372,1116,
Lesotho,1966,1299,,1.467379093,1123,
Lesotho,1967,1401,,1.482944131,1147,
Lesotho,1968,1406,,1.498674273,1166,
Lesotho,1969,1409,,1.514571309,1181,
Lesotho,1970,1476,,1.530637026,1201,
Lesotho,1971,1382,,1.540267229,1238,
Lesotho,1972,1700,,1.549957991,1283,
Lesotho,1973,2105,,1.559709787,1367,
Lesotho,1974,2266,,1.569522858,1440,
Lesotho,1975,2246,,1.579397678,1554,
Lesotho,1976,2643,,1.591419101,1754,
Lesotho,1977,2929,,1.603531957,2048,
Lesotho,1978,3264,,1.615736961,2265,
Lesotho,1979,3039,,1.628034949,2604,
Lesotho,1980,2767, 0.484 ,1.640426517,2900,
Lesotho,1981,2876, 0.499 ,1.659273386,3205,
Lesotho,1982,3006, 0.513 ,1.678336859,3623,
Lesotho,1983,2921, 0.528 ,1.697619438,3718,
Lesotho,1984,3011, 0.540 ,1.715157986,3903,
Lesotho,1985,3083, 0.552 ,1.729989767,4223,
Lesotho,1986,3024, 0.565 ,1.748978257,4377,
Lesotho,1987,3207, 0.577 ,1.768175125,4537,
Lesotho,1988,3655, 0.582 ,1.787582874,4849,
Lesotho,1989,3977, 0.587 ,1.807203531,5201,
Lesotho,1990,4097, 0.592 ,1.82703948,5641,
Lesotho,1991,4222, 0.598 ,1.844412208,6258,
Lesotho,1992,4186, 0.603 ,1.861950278,6979,
Lesotho,1993,4623, 0.608 ,1.879655004,7458,
Lesotho,1994,4601, 0.612 ,1.897528052,7980,
Lesotho,1995,4838, 0.616 ,1.915571094,8592,
Lesotho,1996,5323, 0.618 ,1.936779857,9231,
Lesotho,1997,5487, 0.620 ,1.958223224,9896,
Lesotho,1998,4801, 0.620 ,1.979904175,10434,
Lesotho,1999,4883, 0.618 ,2.001825094,10806,
Lesotho,2000,4989, 0.621 ,2.023988724,11132,
Lesotho,2001,5309, 0.621 ,2.072481871,11423,
Lesotho,2002,5364, 0.618 ,2.122136593,11648,
Lesotho,2003,5409, 0.614 ,2.172981262,11907,
Lesotho,2004,5398, 0.609 ,2.225044012,12096,
Lesotho,2005,5533, 0.605 ,2.278354168,12224,
Lesotho,2006,5648, 0.603 ,2.223026991,12771,
Lesotho,2007,5455, 0.601 ,2.169043303,14156,
Lesotho,2008,6085, 0.600 ,2.11637044,16434,
Lesotho,2009,5948, 0.600 ,2.064976931,19348,
Lesotho,2010,5373, 0.601 ,2.014831305,22549,
Lesotho,2011,5464, 0.603 ,1.971331716,24595,
Lesotho,2012,5954, 0.605 ,1.930388093,24989,
Lesotho,2013,6196, 0.608 ,1.891818523,23961,
Lesotho,2014,6564, 0.618 ,1.85545671,24406,
Lesotho,2015,6965, 0.627 ,1.821150184,26175,
Lesotho,2016,6707, 0.635 ,1.788759112,26140,
Lesotho,2017,6345, 0.645 ,1.758154988,24476,
Lesotho,2018,5655, 0.654 ,1.729219675,25430,
Lesotho,2019,5727, 0.667 ,1.699462175,26805,
Lithuania,1950,,,,,
Lithuania,1951,,,,,
Lithuania,1952,,,,,
Lithuania,1953,,,,,
Lithuania,1954,,,,,
Lithuania,1955,,,,,
Lithuania,1956,,,,,
Lithuania,1957,,,,,
Lithuania,1958,,,,,
Lithuania,1959,,,,,
Lithuania,1960,,,,,
Lithuania,1961,,,,,
Lithuania,1962,,,,,
Lithuania,1963,,,,,
Lithuania,1964,,,,,
Lithuania,1965,,,,,
Lithuania,1966,,,,,
Lithuania,1967,,,,,
Lithuania,1968,,,,,
Lithuania,1969,,,,,
Lithuania,1970,,,,,
Lithuania,1971,,,,,
Lithuania,1972,,,,,
Lithuania,1973,,,,,
Lithuania,1974,,,,,
Lithuania,1975,,,,,
Lithuania,1976,,,,,
Lithuania,1977,,,,,
Lithuania,1978,,,,,
Lithuania,1979,,,,,
Lithuania,1980,,,,,
Lithuania,1981,,,,,
Lithuania,1982,,,,,
Lithuania,1983,,,,,
Lithuania,1984,,,,,
Lithuania,1985,,,,,
Lithuania,1986,,,,,
Lithuania,1987,,,,,
Lithuania,1988,,,,,
Lithuania,1989,,,,,
Lithuania,1990,54314, 1.706 ,2.603236675,108975,
Lithuania,1991,44809, 1.710 ,2.631000757,111294,
Lithuania,1992,38447, 1.670 ,2.659060717,112586,
Lithuania,1993,35507, 1.599 ,2.68742013,113209,
Lithuania,1994,32460, 1.509 ,2.716081858,113380,
Lithuania,1995,34435, 1.483 ,2.745049477,113302,1729.355844
Lithuania,1996,35793, 1.499 ,2.77628231,116177,1727.040206
Lithuania,1997,37318, 1.509 ,2.807870388,120024,1732.693955
Lithuania,1998,38528, 1.498 ,2.839818001,128853,1779.593817
Lithuania,1999,39737, 1.465 ,2.872129202,134930,1726.013863
Lithuania,2000,42413, 1.401 ,2.904807806,133825,1846.22746
Lithuania,2001,45366, 1.348 ,2.937940121,142433,1831.2194
Lithuania,2002,46323, 1.397 ,2.971450329,137693,1802.171107
Lithuania,2003,51015, 1.427 ,3.005342722,147443,1785.88633
Lithuania,2004,51514, 1.413 ,3.03962183,149938,1878.556131
Lithuania,2005,58152, 1.431 ,3.074291706,150575,1878.97193
Lithuania,2006,61805, 1.432 ,3.089218378,174808,1874.210244
Lithuania,2007,67008, 1.459 ,3.104217052,198436,1903.756729
Lithuania,2008,70759, 1.434 ,3.119288683,222748,1933.571514
Lithuania,2009,60992, 1.319 ,3.134433508,226080,1862.943692
Lithuania,2010,65532, 1.260 ,3.149652004,271581,1921.489345
Lithuania,2011,72970, 1.279 ,3.165248156,276969,1896.046499
Lithuania,2012,77257, 1.305 ,3.181024551,294510,1893.820769
Lithuania,2013,77323, 1.320 ,3.196984529,307539,1877.092735
Lithuania,2014,79913, 1.342 ,3.213129997,310636,1868.487817
Lithuania,2015,79636, 1.355 ,3.229464293,316607,1894.895365
Lithuania,2016,81158, 1.383 ,3.245989323,333097,1918.818023
Lithuania,2017,84887, 1.371 ,3.262708902,328390,1876.430549
Lithuania,2018,86619, 1.382 ,3.279624939,337468,1884.499493
Lithuania,2019,89642, 1.380 ,3.296741009,347905,1886.084474
Luxembourg,1950,4416, 0.136 ,1.432646751,11537,
Luxembourg,1951,4688, 0.136 ,1.462311864,12161,
Luxembourg,1952,5150, 0.135 ,1.492591381,13071,
Luxembourg,1953,4635, 0.135 ,1.523497701,14302,
Luxembourg,1954,4507, 0.134 ,1.555044055,15371,
Luxembourg,1955,4829, 0.134 ,1.587243676,16310,
Luxembourg,1956,5326, 0.134 ,1.617510557,17280,
Luxembourg,1957,5509, 0.133 ,1.64835453,18476,
Luxembourg,1958,5332, 0.133 ,1.679786801,19604,
Luxembourg,1959,5339, 0.133 ,1.711162448,20533,
Luxembourg,1960,5807, 0.133 ,1.735699296,21475,
Luxembourg,1961,5792, 0.135 ,1.765994072,22599,
Luxembourg,1962,5682, 0.135 ,1.796817541,23875,
Luxembourg,1963,5739, 0.135 ,1.828179002,25082,
Luxembourg,1964,6206, 0.137 ,1.860087872,26536,
Luxembourg,1965,6305, 0.138 ,1.892553687,27754,
Luxembourg,1966,6410, 0.139 ,1.924937963,28632,
Luxembourg,1967,6670, 0.137 ,1.957876205,29080,
Luxembourg,1968,7025, 0.137 ,1.991378307,29504,
Luxembourg,1969,8005, 0.139 ,2.025453568,30292,
Luxembourg,1970,8028, 0.142 ,2.060111761,31686,1845.833713
Luxembourg,1971,7745, 0.146 ,2.146537304,33193,1842.322495
Luxembourg,1972,8318, 0.149 ,2.236588478,34827,1821.740301
Luxembourg,1973,9272, 0.152 ,2.330417633,36678,1792.479635
Luxembourg,1974,9889, 0.155 ,2.428183079,38216,1768.980803
Luxembourg,1975,8540, 0.157 ,2.530049801,39547,1741.352811
Luxembourg,1976,9103, 0.157 ,2.547513008,40778,1757.820365
Luxembourg,1977,9200, 0.157 ,2.563424349,42383,1732.717231
Luxembourg,1978,9722, 0.157 ,2.575323582,43883,1715.116731
Luxembourg,1979,10088, 0.158 ,2.587277889,45448,1698.506778
Luxembourg,1980,10235, 0.159 ,2.599287987,46850,1682.29918
Luxembourg,1981,9843, 0.160 ,2.611864567,47232,1658.049802
Luxembourg,1982,9852, 0.159 ,2.624502182,46944,1640.409838
Luxembourg,1983,9807, 0.159 ,2.637200832,45916,1634.779518
Luxembourg,1984,9687, 0.160 ,2.649961233,45368,1621.193522
Luxembourg,1985,9652, 0.161 ,2.662783146,45301,1634.855518
Luxembourg,1986,11107, 0.165 ,2.675016642,47168,1626.65852
Luxembourg,1987,11432, 0.170 ,2.687306643,50370,1624.836521
Luxembourg,1988,12640, 0.174 ,2.69965291,54789,1644.874515
Luxembourg,1989,14168, 0.181 ,2.712055922,60023,1633.944518
Luxembourg,1990,14869, 0.188 ,2.724516153,65532,1633.944518
Luxembourg,1991,16489, 0.195 ,2.739622355,72858,1616.639523
Luxembourg,1992,16743, 0.201 ,2.754812002,78818,1595.691529
Luxembourg,1993,17978, 0.204 ,2.770086288,86583,1602.067528
Luxembourg,1994,18978, 0.210 ,2.785444975,93212,1581.119534
Luxembourg,1995,19156, 0.215 ,2.800888777,97285,1592.61453
Luxembourg,1996,19538, 0.221 ,2.814568996,97912,1599.562511
Luxembourg,1997,21432, 0.229 ,2.828315735,96221,1598.036992
Luxembourg,1998,23262, 0.239 ,2.842129707,94364,1593.313553
Luxembourg,1999,26032, 0.250 ,2.856010914,95338,1591.757059
Luxembourg,2000,29038, 0.263 ,2.869960308,90165,1602.215489
Luxembourg,2001,27308, 0.277 ,2.894075155,101726,1585.719915
Luxembourg,2002,26585, 0.285 ,2.91839242,103825,1580.682451
Luxembourg,2003,25839, 0.289 ,2.942914248,95427,1578.933333
Luxembourg,2004,24008, 0.294 ,2.967642069,104592,1577.878353
Luxembourg,2005,30263, 0.302 ,2.992577553,98481,1549.842374
Luxembourg,2006,30170, 0.314 ,3.030376673,117051,1552.275573
Luxembourg,2007,32425, 0.329 ,3.068653345,126155,1566.295908
Luxembourg,2008,32211, 0.346 ,3.107413292,140836,1566.969038
Luxembourg,2009,30086, 0.351 ,3.146662951,155804,1516.470322
Luxembourg,2010,34427, 0.359 ,3.186408281,159612,1516.497942
Luxembourg,2011,34691, 0.370 ,3.228784561,179808,1515.069159
Luxembourg,2012,36500, 0.378 ,3.272473097,194023,1508.086723
Luxembourg,2013,35713, 0.384 ,3.31752491,185561,1502.680861
Luxembourg,2014,42431, 0.394 ,3.363993406,203062,1506.157343
Luxembourg,2015,46690, 0.403 ,3.411934376,217820,1513.675761
Luxembourg,2016,50116, 0.414 ,3.461406946,226965,1512.385573
Luxembourg,2017,53626, 0.428 ,3.512472391,226337,1505.689723
Luxembourg,2018,53539, 0.445 ,3.565195084,230962,1505.713267
Luxembourg,2019,55711, 0.461 ,3.619642973,236893,1505.558542
Latvia,1950,,,,,
Latvia,1951,,,,,
Latvia,1952,,,,,
Latvia,1953,,,,,
Latvia,1954,,,,,
Latvia,1955,,,,,
Latvia,1956,,,,,
Latvia,1957,,,,,
Latvia,1958,,,,,
Latvia,1959,,,,,
Latvia,1960,,,,,
Latvia,1961,,,,,
Latvia,1962,,,,,
Latvia,1963,,,,,
Latvia,1964,,,,,
Latvia,1965,,,,,
Latvia,1966,,,,,
Latvia,1967,,,,,
Latvia,1968,,,,,
Latvia,1969,,,,,
Latvia,1970,,,,,
Latvia,1971,,,,,
Latvia,1972,,,,,
Latvia,1973,,,,,
Latvia,1974,,,,,
Latvia,1975,,,,,
Latvia,1976,,,,,
Latvia,1977,,,,,
Latvia,1978,,,,,
Latvia,1979,,,,,
Latvia,1980,,,,,
Latvia,1981,,,,,
Latvia,1982,,,,,
Latvia,1983,,,,,
Latvia,1984,,,,,
Latvia,1985,,,,,
Latvia,1986,,,,,
Latvia,1987,,,,,
Latvia,1988,,,,,
Latvia,1989,,,,,
Latvia,1990,44795, 1.254 ,2.448811531,132068,
Latvia,1991,40215, 1.242 ,2.515697002,129034,
Latvia,1992,28305, 1.154 ,2.576402187,127899,
Latvia,1993,25111, 1.080 ,2.623571396,126088,
Latvia,1994,24875, 0.973 ,2.671604156,124158,
Latvia,1995,24088, 0.939 ,2.720516205,122122,1975.908148
Latvia,1996,24230, 0.943 ,2.742058992,121191,1975.895912
Latvia,1997,24749, 0.985 ,2.763772011,121038,1975.916847
Latvia,1998,25902, 0.982 ,2.785657406,123980,1975.90458
Latvia,1999,26722, 0.963 ,2.807715654,125529,1975.900703
Latvia,2000,28260, 0.930 ,2.829948902,116468,1975.79491
Latvia,2001,30326, 0.947 ,2.856259346,118889,1987.143922
Latvia,2002,31348, 0.961 ,2.882814407,138348,1937.873824
Latvia,2003,31996, 0.966 ,2.909616709,154798,1927.734065
Latvia,2004,33194, 0.967 ,2.936667681,152051,1878.394162
Latvia,2005,37610, 0.975 ,2.963970423,165465,1905.512047
Latvia,2006,39778, 1.028 ,2.976945639,220310,1906.828626
Latvia,2007,43205, 1.063 ,2.989977837,229914,1878.20914
Latvia,2008,45639, 1.052 ,3.003067017,281797,2002.24914
Latvia,2009,39659, 0.905 ,3.016213417,255862,1952.22414
Latvia,2010,40952, 0.852 ,3.029417515,272943,1935.135327
Latvia,2011,44954, 0.870 ,3.042929411,328255,1951.897877
Latvia,2012,46670, 0.883 ,3.056586266,345880,1934.283872
Latvia,2013,46383, 0.903 ,3.070390701,359384,1927.746081
Latvia,2014,47728, 0.889 ,3.08434391,391401,1938.475754
Latvia,2015,49376, 0.898 ,3.098448753,374383,1901.741282
Latvia,2016,50345, 0.893 ,3.112706423,405570,1902.485614
Latvia,2017,52996, 0.890 ,3.127119541,409372,1886.510006
Latvia,2018,54940, 0.901 ,3.141690254,413725,1899.594548
Latvia,2019,56079, 0.897 ,3.156420231,420451,1864.975821
"China, Macao SAR",1950,,,,,
"China, Macao SAR",1951,,,,,
"China, Macao SAR",1952,,,,,
"China, Macao SAR",1953,,,,,
"China, Macao SAR",1954,,,,,
"China, Macao SAR",1955,,,,,
"China, Macao SAR",1956,,,,,
"China, Macao SAR",1957,,,,,
"China, Macao SAR",1958,,,,,
"China, Macao SAR",1959,,,,,
"China, Macao SAR",1960,,,,,
"China, Macao SAR",1961,,,,,
"China, Macao SAR",1962,,,,,
"China, Macao SAR",1963,,,,,
"China, Macao SAR",1964,,,,,
"China, Macao SAR",1965,,,,,
"China, Macao SAR",1966,,,,,
"China, Macao SAR",1967,,,,,
"China, Macao SAR",1968,,,,,
"China, Macao SAR",1969,,,,,
"China, Macao SAR",1970,1566,,1.624300718,3076,
"China, Macao SAR",1971,1691,,1.649398208,3390,
"China, Macao SAR",1972,1835,,1.674883366,3724,
"China, Macao SAR",1973,2265,,1.700762272,4074,
"China, Macao SAR",1974,2354,,1.722619414,4455,
"China, Macao SAR",1975,2541,,1.742643237,4861,
"China, Macao SAR",1976,2650,,1.759435177,5285,
"China, Macao SAR",1977,2887,,1.776389003,5755,
"China, Macao SAR",1978,3145,,1.793506145,6256,
"China, Macao SAR",1979,3338,,1.810788155,6810,
"China, Macao SAR",1980,3555, 0.113 ,1.828236818,7383,
"China, Macao SAR",1981,3848, 0.116 ,1.842640877,8007,
"China, Macao SAR",1982,3972, 0.120 ,1.857158542,8674,
"China, Macao SAR",1983,4549, 0.125 ,1.871790528,9317,
"China, Macao SAR",1984,4891, 0.130 ,1.88653779,9978,
"China, Macao SAR",1985,4890, 0.136 ,1.901401281,10705,
"China, Macao SAR",1986,5424, 0.142 ,1.917019844,11639,
"China, Macao SAR",1987,6428, 0.149 ,1.932766676,12567,
"China, Macao SAR",1988,7141, 0.156 ,1.94864285,13730,
"China, Macao SAR",1989,7688, 0.162 ,1.964649439,14936,
"China, Macao SAR",1990,8854, 0.163 ,1.980787635,16286,
"China, Macao SAR",1991,9810, 0.170 ,1.998164177,18020,
"China, Macao SAR",1992,11485, 0.169 ,2.015693188,20724,
"China, Macao SAR",1993,12189, 0.171 ,2.033375978,23497,
"China, Macao SAR",1994,12738, 0.173 ,2.05121398,26141,
"China, Macao SAR",1995,13604, 0.180 ,2.069208384,28385,
"China, Macao SAR",1996,13427, 0.194 ,2.095574617,29769,
"China, Macao SAR",1997,13336, 0.196 ,2.122276545,31228,
"China, Macao SAR",1998,12823, 0.197 ,2.149318933,32352,
"China, Macao SAR",1999,12708, 0.196 ,2.176705837,33487,
"China, Macao SAR",2000,13486, 0.195 ,2.204441547,33700,
"China, Macao SAR",2001,13905, 0.205 ,2.231682301,33966,
"China, Macao SAR",2002,15420, 0.205 ,2.259259462,34483,
"China, Macao SAR",2003,18031, 0.205 ,2.287177563,35979,
"China, Macao SAR",2004,22771, 0.219 ,2.315440655,38627,
"China, Macao SAR",2005,24250, 0.237 ,2.34405303,43882,
"China, Macao SAR",2006,28234, 0.264 ,2.389871836,53409,
"China, Macao SAR",2007,33802, 0.293 ,2.43658638,69067,
"China, Macao SAR",2008,38129, 0.317 ,2.484214306,87574,
"China, Macao SAR",2009,42180, 0.317 ,2.532772779,106149,
"China, Macao SAR",2010,56330, 0.318 ,2.574973345,124072,
"China, Macao SAR",2011,76852, 0.328 ,2.611405134,137174,
"China, Macao SAR",2012,81329, 0.343 ,2.649302959,144995,
"China, Macao SAR",2013,82676, 0.361 ,2.688740492,153529,
"China, Macao SAR",2014,85617, 0.388 ,2.729795456,166497,
"China, Macao SAR",2015,59677, 0.397 ,2.772550821,177825,
"China, Macao SAR",2016,55678, 0.390 ,2.817094326,186333,
"China, Macao SAR",2017,58560, 0.380 ,2.863519192,193452,
"China, Macao SAR",2018,62840, 0.386 ,2.911925077,201658,
"China, Macao SAR",2019,59874, 0.388 ,2.962418079,206531,
Morocco,1950,13040, 2.358 ,1.032226324,18798,
Morocco,1951,13171, 2.422 ,1.033943415,19746,
Morocco,1952,14125, 2.489 ,1.035663247,20482,
Morocco,1953,14416, 2.546 ,1.037385941,21509,
Morocco,1954,15215, 2.606 ,1.039111495,22320,
Morocco,1955,15082, 2.669 ,1.04084003,22466,
Morocco,1956,15450, 2.734 ,1.041883945,22451,
Morocco,1957,15319, 2.801 ,1.042928934,22092,
Morocco,1958,16324, 2.870 ,1.043974996,22415,
Morocco,1959,17105, 2.942 ,1.04502213,22176,
Morocco,1960,17484, 3.014 ,1.046070337,22249,
Morocco,1961,22405, 2.705 ,1.049965262,22338,
Morocco,1962,25636, 3.133 ,1.05387485,22878,
Morocco,1963,30001, 3.252 ,1.057798862,23700,
Morocco,1964,31926, 3.097 ,1.061737537,24228,
Morocco,1965,31424, 3.145 ,1.065690756,24859,
Morocco,1966,30331, 2.928 ,1.068304181,25322,
Morocco,1967,31262, 3.116 ,1.070923924,26470,
Morocco,1968,33352, 3.617 ,1.073550105,27516,
Morocco,1969,37190, 3.392 ,1.076182723,28618,
Morocco,1970,35354, 3.475 ,1.078821778,30766,
Morocco,1971,37778, 3.655 ,1.087389827,32710,
Morocco,1972,38700, 3.744 ,1.096025944,34137,
Morocco,1973,39803, 3.681 ,1.104730606,35375,
Morocco,1974,42919, 3.883 ,1.113504529,36432,
Morocco,1975,45320, 4.088 ,1.122347951,41354,
Morocco,1976,50276, 4.690 ,1.131671667,47344,
Morocco,1977,51875, 4.720 ,1.14107275,54297,
Morocco,1978,55107, 5.135 ,1.150552034,57635,
Morocco,1979,58461, 5.271 ,1.160109997,60825,
Morocco,1980,59027, 5.629 ,1.169747353,63974,
Morocco,1981,60037, 5.877 ,1.183904171,68735,
Morocco,1982,67307, 6.008 ,1.198232293,79898,
Morocco,1983,72063, 6.196 ,1.212733865,98773,
Morocco,1984,78134, 6.337 ,1.227410913,128439,
Morocco,1985,85845, 6.484 ,1.242265582,161165,
Morocco,1986,94796, 6.626 ,1.258816361,183006,
Morocco,1987,97416, 6.850 ,1.275587797,208972,
Morocco,1988,108480, 6.989 ,1.292582512,242670,
Morocco,1989,110780, 7.198 ,1.309803843,286207,
Morocco,1990,112782, 7.549 ,1.327254415,340096,
Morocco,1991,125826, 7.792 ,1.34702611,402630,
Morocco,1992,126671, 8.012 ,1.367092371,475383,
Morocco,1993,128341, 8.214 ,1.38745749,555566,
Morocco,1994,143800, 8.385 ,1.408125997,635148,
Morocco,1995,142083, 8.645 ,1.429102421,704292,
Morocco,1996,166334, 8.811 ,1.452084303,745992,
Morocco,1997,154413, 9.066 ,1.475435734,729683,
Morocco,1998,155597, 9.284 ,1.499162555,668198,
Morocco,1999,149079, 9.520 ,1.523271084,596361,
Morocco,2000,143536, 9.556 ,1.547767282,532547,
Morocco,2001,146764, 9.582 ,1.569781184,483639,
Morocco,2002,144826, 9.748 ,1.59210825,451422,
Morocco,2003,150062, 10.213 ,1.614752769,433319,
Morocco,2004,149635, 10.407 ,1.637719512,430909,
Morocco,2005,148626, 10.532 ,1.661012769,445106,
Morocco,2006,161235, 10.458 ,1.681106329,486045,
Morocco,2007,170123, 10.596 ,1.701442957,564718,
Morocco,2008,191486, 10.658 ,1.718847275,695972,
Morocco,2009,209099, 10.755 ,1.734496593,882374,
Morocco,2010,223103, 10.912 ,1.750288248,1106021,
Morocco,2011,249933, 10.988 ,1.769989371,1274943,
Morocco,2012,255685, 10.990 ,1.789912224,1329188,
Morocco,2013,257672, 11.145 ,1.81005919,1306556,
Morocco,2014,246331, 11.239 ,1.83043313,1253065,
Morocco,2015,263587, 11.217 ,1.85103631,1310091,
Morocco,2016,264156, 11.126 ,1.871871352,1329554,
Morocco,2017,270102, 11.192 ,1.892940998,1337597,
Morocco,2018,279320, 11.373 ,1.914247751,1387499,
Morocco,2019,289000, 11.522 ,1.935794353,1442938,
Republic of Moldova,1950,,,,,
Republic of Moldova,1951,,,,,
Republic of Moldova,1952,,,,,
Republic of Moldova,1953,,,,,
Republic of Moldova,1954,,,,,
Republic of Moldova,1955,,,,,
Republic of Moldova,1956,,,,,
Republic of Moldova,1957,,,,,
Republic of Moldova,1958,,,,,
Republic of Moldova,1959,,,,,
Republic of Moldova,1960,,,,,
Republic of Moldova,1961,,,,,
Republic of Moldova,1962,,,,,
Republic of Moldova,1963,,,,,
Republic of Moldova,1964,,,,,
Republic of Moldova,1965,,,,,
Republic of Moldova,1966,,,,,
Republic of Moldova,1967,,,,,
Republic of Moldova,1968,,,,,
Republic of Moldova,1969,,,,,
Republic of Moldova,1970,,,,,
Republic of Moldova,1971,,,,,
Republic of Moldova,1972,,,,,
Republic of Moldova,1973,,,,,
Republic of Moldova,1974,,,,,
Republic of Moldova,1975,,,,,
Republic of Moldova,1976,,,,,
Republic of Moldova,1977,,,,,
Republic of Moldova,1978,,,,,
Republic of Moldova,1979,,,,,
Republic of Moldova,1980,,,,,
Republic of Moldova,1981,,,,,
Republic of Moldova,1982,,,,,
Republic of Moldova,1983,,,,,
Republic of Moldova,1984,,,,,
Republic of Moldova,1985,,,,,
Republic of Moldova,1986,,,,,
Republic of Moldova,1987,,,,,
Republic of Moldova,1988,,,,,
Republic of Moldova,1989,,,,,
Republic of Moldova,1990,27612, 2.058 ,2.575507164,90437,
Republic of Moldova,1991,26371, 2.058 ,2.595786333,90101,
Republic of Moldova,1992,15405, 2.038 ,2.616225004,88979,
Republic of Moldova,1993,15665, 1.677 ,2.636824608,87998,
Republic of Moldova,1994,14087, 1.668 ,2.657586575,86735,
Republic of Moldova,1995,14786, 1.660 ,2.678512096,84588,
Republic of Moldova,1996,14493, 1.646 ,2.694856644,82873,
Republic of Moldova,1997,13492, 1.632 ,2.71130085,81531,
Republic of Moldova,1998,12088, 1.630 ,2.72784543,80579,
Republic of Moldova,1999,10115, 1.489 ,2.744490862,79231,
Republic of Moldova,2000,10912, 1.516 ,2.761238098,77619,
Republic of Moldova,2001,11497, 1.511 ,2.778453588,76553,
Republic of Moldova,2002,12692, 1.530 ,2.795776129,75697,
Republic of Moldova,2003,14094, 1.394 ,2.813206911,75093,
Republic of Moldova,2004,14830, 1.367 ,2.830746174,74595,
Republic of Moldova,2005,16527, 1.383 ,2.848395109,74137,
Republic of Moldova,2006,17634, 1.330 ,2.890819073,72128,
Republic of Moldova,2007,17796, 1.330 ,2.933874846,68764,
Republic of Moldova,2008,18733, 1.344 ,2.977571487,65227,
Republic of Moldova,2009,18471, 1.281 ,3.021919489,61177,
Republic of Moldova,2010,20962, 1.246 ,3.06692791,58722,
Republic of Moldova,2011,24048, 1.290 ,3.115653992,58174,
Republic of Moldova,2012,26759, 1.273 ,3.166239738,63260,
Republic of Moldova,2013,27490, 1.314 ,3.21877408,67731,
Republic of Moldova,2014,29616, 1.341 ,3.273351669,98863,
Republic of Moldova,2015,30404, 1.376 ,3.330072165,78847,
Republic of Moldova,2016,32551, 1.405 ,3.389041901,84612,
Republic of Moldova,2017,36924, 1.405 ,3.450372934,91235,
Republic of Moldova,2018,37489, 1.469 ,3.514184475,92407,
Republic of Moldova,2019,38163, 1.429 ,3.580603123,94309,
Madagascar,1950,,,,,
Madagascar,1951,,,,,
Madagascar,1952,,,,,
Madagascar,1953,,,,,
Madagascar,1954,,,,,
Madagascar,1955,,,,,
Madagascar,1956,,,,,
Madagascar,1957,,,,,
Madagascar,1958,,,,,
Madagascar,1959,,,,,
Madagascar,1960,8574, 2.593 ,1.221850038,11859,
Madagascar,1961,8956, 2.638 ,1.221871734,11719,
Madagascar,1962,9369, 2.684 ,1.221893311,11524,
Madagascar,1963,9366, 2.732 ,1.221914887,11483,
Madagascar,1964,9525, 2.782 ,1.221936584,11497,
Madagascar,1965,9422, 2.834 ,1.22195816,11480,
Madagascar,1966,9884, 2.887 ,1.221979737,11476,
Madagascar,1967,10351, 2.942 ,1.222001433,11548,
Madagascar,1968,11200, 2.998 ,1.22202301,11745,
Madagascar,1969,11618, 3.056 ,1.222044587,11990,
Madagascar,1970,12301, 3.117 ,1.222066283,12253,
Madagascar,1971,12822, 3.195 ,1.224274993,12609,
Madagascar,1972,12546, 3.275 ,1.226487756,12746,
Madagascar,1973,12156, 3.359 ,1.228704572,12872,
Madagascar,1974,12181, 3.445 ,1.230925322,13086,
Madagascar,1975,12228, 3.534 ,1.233150125,13267,
Madagascar,1976,12366, 3.627 ,1.235378981,13316,
Madagascar,1977,12574, 3.721 ,1.237611771,13397,
Madagascar,1978,12358, 3.819 ,1.239848614,13425,
Madagascar,1979,13272, 3.920 ,1.242089629,13882,
Madagascar,1980,13481, 4.023 ,1.244334579,14225,
Madagascar,1981,13079, 4.125 ,1.255468845,13407,
Madagascar,1982,13246, 4.230 ,1.266702771,11890,
Madagascar,1983,13899, 4.337 ,1.27803719,10716,
Madagascar,1984,14353, 4.446 ,1.289473057,10207,
Madagascar,1985,15041, 4.557 ,1.301011205,10292,
Madagascar,1986,18022, 4.670 ,1.312652707,10778,
Madagascar,1987,16518, 4.785 ,1.324398279,11618,
Madagascar,1988,16384, 4.903 ,1.336248994,12970,
Madagascar,1989,15875, 5.024 ,1.348205686,14745,
Madagascar,1990,16515, 5.151 ,1.360269427,17218,
Madagascar,1991,15454, 5.301 ,1.377157092,19522,
Madagascar,1992,14981, 5.458 ,1.394254565,22854,
Madagascar,1993,15299, 5.622 ,1.411564231,27082,
Madagascar,1994,15299, 5.804 ,1.429088831,31726,
Madagascar,1995,15827, 5.997 ,1.446831107,36121,
Madagascar,1996,16614, 6.189 ,1.464793444,38822,
Madagascar,1997,17326, 6.397 ,1.48297894,39874,
Madagascar,1998,18249, 6.614 ,1.5013901,41048,
Madagascar,1999,19228, 6.838 ,1.520029902,41849,
Madagascar,2000,20015, 7.081 ,1.538901091,42704,
Madagascar,2001,21203, 7.354 ,1.548890591,44120,
Madagascar,2002,19543, 7.621 ,1.558944941,44598,
Madagascar,2003,21998, 7.896 ,1.569064498,46005,
Madagascar,2004,23995, 8.274 ,1.57924974,48471,
Madagascar,2005,25513, 8.649 ,1.589501143,51116,
Madagascar,2006,26981, 8.986 ,1.599819064,55562,
Madagascar,2007,28095, 9.326 ,1.610203981,62446,
Madagascar,2008,31674, 9.667 ,1.620656371,74958,
Madagascar,2009,31584, 9.988 ,1.631176472,87513,
Madagascar,2010,34950, 10.332 ,1.641764998,98319,
Madagascar,2011,38239, 10.899 ,1.650684476,106026,
Madagascar,2012,39330, 11.393 ,1.659652352,99061,
Madagascar,2013,39218, 11.688 ,1.668668985,92117,
Madagascar,2014,38883, 11.970 ,1.677734733,88496,
Madagascar,2015,39829, 12.232 ,1.686849594,90804,
Madagascar,2016,41739, 12.633 ,1.696013927,85427,
Madagascar,2017,41733, 13.049 ,1.705228209,83711,
Madagascar,2018,40551, 13.480 ,1.713176847,87348,
Madagascar,2019,41507, 13.945 ,1.720187426,92161,
Maldives,1950,,,,,
Maldives,1951,,,,,
Maldives,1952,,,,,
Maldives,1953,,,,,
Maldives,1954,,,,,
Maldives,1955,,,,,
Maldives,1956,,,,,
Maldives,1957,,,,,
Maldives,1958,,,,,
Maldives,1959,,,,,
Maldives,1960,,,,,
Maldives,1961,,,,,
Maldives,1962,,,,,
Maldives,1963,,,,,
Maldives,1964,,,,,
Maldives,1965,,,,,
Maldives,1966,,,,,
Maldives,1967,,,,,
Maldives,1968,,,,,
Maldives,1969,,,,,
Maldives,1970,346,,1.71608603,109,
Maldives,1971,368,,1.722358704,118,
Maldives,1972,377,,1.728654385,127,
Maldives,1973,378,,1.734972954,136,
Maldives,1974,387,,1.741314769,146,
Maldives,1975,359,,1.74767971,159,
Maldives,1976,388,,1.756551743,161,
Maldives,1977,410,,1.765468717,167,
Maldives,1978,441,,1.77443099,182,
Maldives,1979,466,,1.783438802,201,
Maldives,1980,605, 0.041 ,1.79249227,253,
Maldives,1981,583, 0.042 ,1.798811436,317,
Maldives,1982,837, 0.043 ,1.805152893,379,
Maldives,1983,669, 0.045 ,1.811516762,445,
Maldives,1984,793, 0.046 ,1.817903042,528,
Maldives,1985,868, 0.048 ,1.824311733,620,
Maldives,1986,969, 0.050 ,1.802015781,716,
Maldives,1987,1128, 0.051 ,1.779992342,817,
Maldives,1988,1244, 0.053 ,1.758238077,927,
Maldives,1989,1378, 0.054 ,1.736749649,1045,
Maldives,1990,1606, 0.056 ,1.715523839,1179,
Maldives,1991,1726, 0.058 ,1.693629265,1318,
Maldives,1992,1718, 0.060 ,1.669983864,1468,
Maldives,1993,1775, 0.063 ,1.646668792,1627,
Maldives,1994,1874, 0.065 ,1.623679042,1792,
Maldives,1995,1846, 0.067 ,1.601010323,1940,
Maldives,1996,2020, 0.071 ,1.581285238,2120,
Maldives,1997,2087, 0.074 ,1.561803222,2359,
Maldives,1998,2280, 0.078 ,1.542561173,2599,
Maldives,1999,2300, 0.082 ,1.523556232,2875,
Maldives,2000,2623, 0.086 ,1.504785419,3077,
Maldives,2001,2708, 0.089 ,1.505744576,3309,
Maldives,2002,3024, 0.092 ,1.506704211,3541,
Maldives,2003,3505, 0.095 ,1.507664561,3923,
Maldives,2004,4450, 0.098 ,1.508625507,4477,
Maldives,2005,4202, 0.102 ,1.509587049,5231,
Maldives,2006,5891, 0.105 ,1.563406348,6243,
Maldives,2007,7133, 0.108 ,1.61914444,7788,
Maldives,2008,6848, 0.111 ,1.676869631,10014,
Maldives,2009,4999, 0.115 ,1.729840636,11872,
Maldives,2010,5256, 0.120 ,1.776123405,13888,
Maldives,2011,7152, 0.125 ,1.83478868,15776,
Maldives,2012,7579, 0.132 ,1.89992094,16244,
Maldives,2013,8053, 0.138 ,1.972412467,17317,
Maldives,2014,8923, 0.146 ,2.053309202,20661,
Maldives,2015,8206, 0.154 ,2.143843889,26994,
Maldives,2016,8805, 0.163 ,2.245475531,39255,
Maldives,2017,9561, 0.173 ,2.359939575,46850,
Maldives,2018,9450, 0.182 ,2.48931241,52642,
Maldives,2019,10306, 0.189 ,2.61097765,58038,
Mexico,1950,140761, 7.894 ,1.53093493,292979,2274.844488
Mexico,1951,152422, 7.986 ,1.531504154,311312,2274.421694
Mexico,1952,158878, 8.078 ,1.532073736,334568,2273.998978
Mexico,1953,156569, 8.172 ,1.532643318,354976,2273.576341
Mexico,1954,173832, 8.266 ,1.533213258,378845,2273.153782
Mexico,1955,188208, 8.364 ,1.533783317,405573,2272.731302
Mexico,1956,201127, 8.483 ,1.542373657,441595,2272.3089
Mexico,1957,216286, 8.603 ,1.551012039,477917,2271.886577
Mexico,1958,227177, 8.725 ,1.559698939,510258,2271.464333
Mexico,1959,233259, 8.849 ,1.568434358,542439,2271.042166
Mexico,1960,251322, 8.978 ,1.577218652,579524,2270.620079
Mexico,1961,258427, 9.226 ,1.592828035,610262,2261.588878
Mexico,1962,268378, 9.480 ,1.608591795,651077,2252.593597
Mexico,1963,293082, 9.741 ,1.62451148,699975,2243.634095
Mexico,1964,332419, 10.009 ,1.64058888,753078,2234.710229
Mexico,1965,350241, 10.304 ,1.656825185,820532,2225.821856
Mexico,1966,371641, 10.623 ,1.673222303,885624,2216.968836
Mexico,1967,391804, 10.950 ,1.689781785,956628,2208.151028
Mexico,1968,425099, 11.289 ,1.70650506,1049495,2199.368293
Mexico,1969,443102, 11.637 ,1.719876647,1121177,2190.62049
Mexico,1970,472756, 12.024 ,1.732690454,1201740,2181.90748
Mexico,1971,493795, 12.674 ,1.750520825,1271258,2180.145888
Mexico,1972,535289, 13.358 ,1.76853466,1362002,2178.385718
Mexico,1973,580075, 14.080 ,1.786733866,1457405,2176.626969
Mexico,1974,616902, 14.840 ,1.805120349,1571808,2175.115104
Mexico,1975,651419, 15.753 ,1.823696017,1698328,2173.60429
Mexico,1976,688515, 16.422 ,1.842462778,1741511,2172.094525
Mexico,1977,716309, 17.120 ,1.861422777,1683925,2170.585809
Mexico,1978,783276, 17.944 ,1.880577803,1645803,2169.078141
Mexico,1979,866864, 19.036 ,1.89993,1661960,2167.571519
Mexico,1980,957266, 20.242 ,1.919481397,1739175,2166.065945
Mexico,1981,1033565, 20.929 ,1.944143653,1885226,2167.003079
Mexico,1982,1021877, 21.639 ,1.969123006,1983331,2167.940619
Mexico,1983,959665, 21.734 ,1.994423151,2007203,2168.878564
Mexico,1984,989075, 22.652 ,2.02004838,2067821,2169.816915
Mexico,1985,993287, 23.767 ,2.046002865,2151064,2170.755672
Mexico,1986,931782, 24.526 ,2.072290897,2208396,2171.694835
Mexico,1987,944889, 25.388 ,2.098916531,2273483,2172.634405
Mexico,1988,944602, 26.280 ,2.125884295,2369058,2173.574381
Mexico,1989,979355, 27.259 ,2.153198719,2645842,2174.514764
Mexico,1990,1039443, 28.223 ,2.180863857,2771060,2175.570866
Mexico,1991,1080071, 29.141 ,2.203466892,2924483,2168.140167
Mexico,1992,1118540, 30.073 ,2.226304054,3093436,2160.734847
Mexico,1993,1129729, 30.836 ,2.249377966,3279227,2153.35482
Mexico,1994,1177160, 31.703 ,2.272691011,3504145,2146
Mexico,1995,1116871, 32.005 ,2.296245813,3554792,2161
Mexico,1996,1144139, 33.091 ,2.320044518,3642623,2192
Mexico,1997,1230295, 33.926 ,2.344089985,3831850,2241
Mexico,1998,1327063, 35.243 ,2.368384838,4065955,2168
Mexico,1999,1370623, 36.637 ,2.392931223,4291318,2242
Mexico,2000,1468586, 37.879 ,2.417732,4245081,2174
Mexico,2001,1469007, 38.762 ,2.437087297,4195835,2146
Mexico,2002,1450550, 39.609 ,2.456597567,4139971,2196
Mexico,2003,1466690, 40.279 ,2.476263762,4383813,2143
Mexico,2004,1556658, 41.630 ,2.496087551,4685785,2123
Mexico,2005,1657727, 42.079 ,2.516070127,5090227,2105
Mexico,2006,1719216, 43.378 ,2.536212444,5222048,2067
Mexico,2007,1774017, 44.231 ,2.556516171,5367197,2045
Mexico,2008,1824208, 44.944 ,2.571415186,5541864,2105
Mexico,2009,1766855, 45.435 ,2.585256815,6312221,1973
Mexico,2010,1925129, 46.122 ,2.599172831,7250143,2150
Mexico,2011,2105667, 47.139 ,2.618360758,8412004,2121
Mexico,2012,2212091, 48.707 ,2.637690306,8657770,2120
Mexico,2013,2223324, 49.227 ,2.657162666,8908719,2136
Mexico,2014,2243083, 49.415 ,2.676778793,9234382,2134
Mexico,2015,2256619, 50.611 ,2.69653964,9640361,2140
Mexico,2016,2332704, 51.595 ,2.7164464,9771858,2146
Mexico,2017,2363271, 52.341 ,2.736500263,9992445,2148
Mexico,2018,2422897, 53.721 ,2.756701946,10183529,2149
Mexico,2019,2390323, 54.994 ,2.777052879,10357724,2137
North Macedonia,1950,,,,,
North Macedonia,1951,,,,,
North Macedonia,1952,,,,,
North Macedonia,1953,,,,,
North Macedonia,1954,,,,,
North Macedonia,1955,,,,,
North Macedonia,1956,,,,,
North Macedonia,1957,,,,,
North Macedonia,1958,,,,,
North Macedonia,1959,,,,,
North Macedonia,1960,,,,,
North Macedonia,1961,,,,,
North Macedonia,1962,,,,,
North Macedonia,1963,,,,,
North Macedonia,1964,,,,,
North Macedonia,1965,,,,,
North Macedonia,1966,,,,,
North Macedonia,1967,,,,,
North Macedonia,1968,,,,,
North Macedonia,1969,,,,,
North Macedonia,1970,,,,,
North Macedonia,1971,,,,,
North Macedonia,1972,,,,,
North Macedonia,1973,,,,,
North Macedonia,1974,,,,,
North Macedonia,1975,,,,,
North Macedonia,1976,,,,,
North Macedonia,1977,,,,,
North Macedonia,1978,,,,,
North Macedonia,1979,,,,,
North Macedonia,1980,,,,,
North Macedonia,1981,,,,,
North Macedonia,1982,,,,,
North Macedonia,1983,,,,,
North Macedonia,1984,,,,,
North Macedonia,1985,,,,,
North Macedonia,1986,,,,,
North Macedonia,1987,,,,,
North Macedonia,1988,,,,,
North Macedonia,1989,,,,,
North Macedonia,1990,13045, 0.959 ,,35667,
North Macedonia,1991,12804, 0.926 ,,36686,
North Macedonia,1992,11984, 0.871 ,,37379,
North Macedonia,1993,12041, 0.810 ,,37895,
North Macedonia,1994,12157, 0.759 ,,38175,
North Macedonia,1995,12424, 0.681 ,,38640,
North Macedonia,1996,12559, 0.647 ,,39257,
North Macedonia,1997,13022, 0.611 ,,40465,
North Macedonia,1998,13682, 0.595 ,,43070,
North Macedonia,1999,14885, 0.606 ,,46777,
North Macedonia,2000,16307, 0.598 ,,51686,
North Macedonia,2001,16969, 0.584 ,,58079,
North Macedonia,2002,16987, 0.602 ,,65113,
North Macedonia,2003,17071, 0.602 ,,71040,
North Macedonia,2004,17849, 0.561 ,,77329,
North Macedonia,2005,19558, 0.588 ,,84137,
North Macedonia,2006,20786, 0.615 ,,96460,
North Macedonia,2007,21838, 0.633 ,,99039,
North Macedonia,2008,24391, 0.682 ,,110594,
North Macedonia,2009,25375, 0.711 ,,117735,
North Macedonia,2010,26234, 0.684 ,,127211,
North Macedonia,2011,26408, 0.693 ,,115670,
North Macedonia,2012,27434, 0.700 ,,119624,
North Macedonia,2013,27431, 0.738 ,,126313,
North Macedonia,2014,28810, 0.755 ,,136713,
North Macedonia,2015,30045, 0.767 ,,131120,
North Macedonia,2016,31528, 0.778 ,,136673,
North Macedonia,2017,31720, 0.800 ,,116655,
North Macedonia,2018,31748, 0.818 ,,120556,
North Macedonia,2019,32876, 0.859 ,,125696,
Mali,1950,,,,,
Mali,1951,,,,,
Mali,1952,,,,,
Mali,1953,,,,,
Mali,1954,,,,,
Mali,1955,,,,,
Mali,1956,,,,,
Mali,1957,,,,,
Mali,1958,,,,,
Mali,1959,,,,,
Mali,1960,3744, 1.610 ,1.017485261,646,
Mali,1961,3735, 1.638 ,1.017963052,725,
Mali,1962,3725, 1.667 ,1.018440962,800,
Mali,1963,3657, 1.698 ,1.01891911,883,
Mali,1964,2952, 1.729 ,1.019397497,1009,
Mali,1965,3213, 1.761 ,1.019876122,1092,
Mali,1966,3211, 1.795 ,1.021232128,1199,
Mali,1967,3325, 1.829 ,1.022590041,1312,
Mali,1968,3602, 1.865 ,1.023949742,1407,
Mali,1969,3696, 1.901 ,1.025311232,1503,
Mali,1970,3927, 1.939 ,1.026674509,1559,
Mali,1971,4069, 1.965 ,1.027601838,1649,
Mali,1972,3568, 1.994 ,1.028529882,1813,
Mali,1973,3676, 2.024 ,1.02945888,1960,
Mali,1974,3653, 2.055 ,1.030388594,2075,
Mali,1975,3999, 2.086 ,1.031319261,2252,
Mali,1976,4443, 2.117 ,1.035349488,2396,
Mali,1977,4613, 2.149 ,1.039395571,2610,
Mali,1978,4581, 2.181 ,1.043457389,2857,
Mali,1979,5231, 2.215 ,1.047535062,3064,
Mali,1980,5062, 2.252 ,1.051628709,3199,
Mali,1981,5786, 2.292 ,1.056329727,3322,
Mali,1982,6314, 2.335 ,1.061051607,3463,
Mali,1983,6283, 2.369 ,1.065794706,3627,
Mali,1984,5990, 2.401 ,1.070558906,3854,
Mali,1985,7862, 2.450 ,1.075344443,4119,
Mali,1986,7904, 2.467 ,1.080572605,4462,
Mali,1987,7187, 2.489 ,1.085826159,4776,
Mali,1988,6136, 2.515 ,1.091105223,5121,
Mali,1989,6341, 2.526 ,1.096410036,5547,
Mali,1990,6335, 2.565 ,1.101740599,6077,
Mali,1991,6916, 2.613 ,1.106330633,6588,
Mali,1992,6394, 2.677 ,1.11093986,7120,
Mali,1993,6771, 2.746 ,1.11556828,7711,
Mali,1994,6826, 2.822 ,1.120216012,8311,
Mali,1995,9335, 2.903 ,1.124883056,9734,
Mali,1996,11870, 2.976 ,1.128781319,11543,
Mali,1997,12826, 3.056 ,1.132693052,13239,
Mali,1998,13388, 3.135 ,1.136618376,14352,
Mali,1999,14418, 3.219 ,1.140557289,14949,
Mali,2000,15116, 3.308 ,1.144509792,15584,
Mali,2001,16584, 3.405 ,1.149054766,16528,
Mali,2002,16875, 3.507 ,1.153617859,17532,
Mali,2003,18778, 3.615 ,1.158198953,18702,
Mali,2004,17424, 3.730 ,1.162798285,20085,
Mali,2005,18748, 3.850 ,1.167415857,21709,
Mali,2006,21297, 3.976 ,1.178252697,23570,
Mali,2007,21731, 4.109 ,1.18919003,25223,
Mali,2008,23899, 4.228 ,1.200229049,27857,
Mali,2009,28792, 4.347 ,1.211370468,30697,
Mali,2010,30367, 4.465 ,1.222615242,34215,
Mali,2011,30844, 4.825 ,1.239215016,39544,
Mali,2012,30517, 5.198 ,1.256040096,46447,
Mali,2013,31961, 5.586 ,1.273093581,44408,
Mali,2014,34569, 5.729 ,1.29037869,46355,
Mali,2015,34651, 5.824 ,1.307898402,44943,
Mali,2016,38911, 5.458 ,1.325656056,48439,
Mali,2017,41476, 6.012 ,1.343654752,59412,
Mali,2018,45292, 5.949 ,1.361897826,64515,
Mali,2019,48088, 6.150 ,1.380388618,70977,
Malta,1950,,,,,
Malta,1951,,,,,
Malta,1952,,,,,
Malta,1953,,,,,
Malta,1954,302, 0.093 ,1.561999917,1081,
Malta,1955,311, 0.093 ,1.574612498,1112,
Malta,1956,394, 0.092 ,1.596392751,1178,
Malta,1957,374, 0.091 ,1.618474126,1261,
Malta,1958,448, 0.090 ,1.640860915,1360,
Malta,1959,495, 0.089 ,1.663557529,1440,
Malta,1960,283, 0.088 ,1.686567903,1526,
Malta,1961,282, 0.089 ,1.713280082,1592,
Malta,1962,399, 0.089 ,1.734722257,1660,
Malta,1963,70, 0.090 ,1.756432652,1736,
Malta,1964,306, 0.091 ,1.778414965,1853,
Malta,1965,682, 0.091 ,1.800672293,1958,
Malta,1966,779, 0.092 ,1.827980399,2067,
Malta,1967,851, 0.093 ,1.855702639,2211,
Malta,1968,962, 0.094 ,1.883845448,2403,
Malta,1969,1015, 0.095 ,1.912414908,2618,
Malta,1970,1131, 0.096 ,1.941417694,2825,
Malta,1971,1216, 0.097 ,1.964518905,3032,
Malta,1972,1345, 0.098 ,1.987895012,3251,
Malta,1973,1477, 0.099 ,2.011549234,3480,
Malta,1974,1666, 0.100 ,2.035485029,3752,
Malta,1975,2060, 0.101 ,2.059705496,4076,
Malta,1976,2511, 0.102 ,2.081902266,4509,
Malta,1977,2784, 0.104 ,2.104338408,4957,
Malta,1978,3233, 0.105 ,2.127016306,5347,
Malta,1979,3572, 0.107 ,2.149938583,5825,
Malta,1980,3664, 0.108 ,2.173107862,6261,
Malta,1981,4129, 0.109 ,2.212521076,6856,
Malta,1982,4451, 0.107 ,2.252649069,7543,
Malta,1983,4364, 0.109 ,2.293504953,8295,
Malta,1984,4338, 0.112 ,2.335101604,8959,
Malta,1985,4393, 0.116 ,2.37745285,9572,
Malta,1986,4472, 0.120 ,2.414506912,10048,
Malta,1987,4549, 0.128 ,2.452138662,10781,
Malta,1988,4966, 0.131 ,2.490356922,11582,
Malta,1989,5391, 0.132 ,2.529170752,12379,
Malta,1990,5463, 0.133 ,2.565773964,13342,
Malta,1991,5846, 0.135 ,2.589506626,14249,
Malta,1992,5809, 0.136 ,2.61345911,15102,
Malta,1993,6187, 0.136 ,2.637633085,16100,
Malta,1994,6375, 0.138 ,2.662030697,17198,2258.487712
Malta,1995,6444, 0.144 ,2.686653852,18584,2257.289894
Malta,1996,6464, 0.146 ,2.707583189,19830,2250.385746
Malta,1997,7461, 0.147 ,2.728675604,21175,2252.864952
Malta,1998,7808, 0.147 ,2.749932289,22749,2277.382693
Malta,1999,8214, 0.149 ,2.771354437,24223,2254.384002
Malta,2000,10050, 0.147 ,2.792943716,25611,2251.181694
Malta,2001,8969, 0.149 ,2.817272186,24374,2159.336824
Malta,2002,9192, 0.150 ,2.841812611,24363,2216.687864
Malta,2003,9668, 0.149 ,2.866566896,24736,2191.667787
Malta,2004,9154, 0.149 ,2.891536474,25541,2091.196358
Malta,2005,10343, 0.151 ,2.916723728,25173,2157.913526
Malta,2006,10182, 0.153 ,2.93307519,28761,2162.85584
Malta,2007,10714, 0.157 ,2.949518442,31477,2153.3036
Malta,2008,10701, 0.160 ,2.966053724,33276,2162.973779
Malta,2009,10662, 0.160 ,2.98268199,35695,2168.403727
Malta,2010,11166, 0.163 ,2.999403238,41957,2110.202088
Malta,2011,11844, 0.168 ,3.016633034,44064,2047.171154
Malta,2012,12173, 0.173 ,3.03410387,47703,2013.189476
Malta,2013,11883, 0.179 ,3.051819086,53458,1988.122499
Malta,2014,12364, 0.187 ,3.069783926,48627,1943.177383
Malta,2015,14656, 0.191 ,3.088002205,50682,1933.22857
Malta,2016,14922, 0.196 ,3.106478453,55152,1985.762201
Malta,2017,15395, 0.207 ,3.125217199,56041,1897.17537
Malta,2018,16996, 0.212 ,3.144223213,57879,1913.26968
Malta,2019,17135, 0.220 ,3.163501024,60227,1915.416717
Myanmar,1950,,,,,
Myanmar,1951,,,,,
Myanmar,1952,,,,,
Myanmar,1953,,,,,
Myanmar,1954,,,,,
Myanmar,1955,,,,,
Myanmar,1956,,,,,
Myanmar,1957,,,,,
Myanmar,1958,,,,,
Myanmar,1959,,,,,
Myanmar,1960,,,,,
Myanmar,1961,,,,,
Myanmar,1962,17230, 8.776 ,1.158894181,3687,
Myanmar,1963,19305, 8.951 ,1.157603383,4032,
Myanmar,1964,18147, 9.133 ,1.156314015,4343,
Myanmar,1965,19586, 9.321 ,1.155026197,5000,
Myanmar,1966,19223, 9.516 ,1.15640986,4836,
Myanmar,1967,17619, 9.717 ,1.157795191,5060,
Myanmar,1968,18395, 9.926 ,1.15918231,5610,
Myanmar,1969,19242, 10.144 ,1.160570979,5976,
Myanmar,1970,20743, 10.371 ,1.161961317,6441,2446.715854
Myanmar,1971,21024, 10.618 ,1.161961079,6930,2446.427328
Myanmar,1972,20431, 10.881 ,1.16196084,7196,2446.160308
Myanmar,1973,21171, 11.156 ,1.161960483,7350,2445.913852
Myanmar,1974,21854, 11.339 ,1.161960244,7562,2445.047525
Myanmar,1975,22868, 11.524 ,1.161960006,7780,2444.197908
Myanmar,1976,23887, 11.892 ,1.179482341,8178,2442.771317
Myanmar,1977,24853, 12.263 ,1.197268963,8816,2441.439566
Myanmar,1978,25844, 12.640 ,1.215323806,9711,2440.194592
Myanmar,1979,27392, 12.935 ,1.233650923,10644,2439.030474
Myanmar,1980,29316, 13.208 ,1.252254367,11651,2437.940356
Myanmar,1981,31158, 13.515 ,1.272064328,12868,2436.815665
Myanmar,1982,33008, 13.790 ,1.292187691,13989,2435.734191
Myanmar,1983,35012, 14.185 ,1.312629342,14814,2434.689766
Myanmar,1984,36597, 14.497 ,1.333394527,15535,2435.03915
Myanmar,1985,36601, 14.792 ,1.354488134,16165,2435.404946
Myanmar,1986,35956, 15.130 ,1.360521793,16593,2436.229051
Myanmar,1987,33124, 15.505 ,1.366582513,16661,2437.049498
Myanmar,1988,31167, 15.813 ,1.372670174,16599,2437.868515
Myanmar,1989,31762, 16.036 ,1.378784895,16839,2438.688607
Myanmar,1990,31521, 15.221 ,1.384926915,17541,2439.510753
Myanmar,1991,32173, 15.478 ,1.39533627,18115,2440.863913
Myanmar,1992,37751, 15.737 ,1.405823827,18867,2441.476035
Myanmar,1993,41586, 16.469 ,1.4163903,19826,2442.080793
Myanmar,1994,43434, 16.817 ,1.427036166,21282,2442.673743
Myanmar,1995,45854, 17.184 ,1.437762022,23325,2443.249813
Myanmar,1996,46191, 17.565 ,1.453020096,25799,2443.663525
Myanmar,1997,48312, 17.964 ,1.468440294,28510,2444.011308
Myanmar,1998,52597, 18.335 ,1.484023929,31322,2444.306481
Myanmar,1999,51658, 18.670 ,1.499773145,34314,2444.558954
Myanmar,2000,52486, 18.964 ,1.515689373,37656,2444.774926
Myanmar,2001,56141, 19.207 ,1.534011602,41260,2444.778379
Myanmar,2002,63229, 19.422 ,1.552555323,46656,2444.787784
Myanmar,2003,71130, 19.603 ,1.571323276,53809,2444.793022
Myanmar,2004,78680, 19.767 ,1.590318084,64023,2444.782183
Myanmar,2005,88354, 19.911 ,1.60954237,78021,2444.742406
Myanmar,2006,99230, 20.023 ,1.63307786,96997,2444.41251
Myanmar,2007,115189, 20.135 ,1.656957388,120475,2444.063336
Myanmar,2008,131062, 20.256 ,1.68118608,152510,2443.685578
Myanmar,2009,155299, 20.362 ,1.705769062,197086,2443.26646
Myanmar,2010,186192, 20.500 ,1.725378036,259063,2442.784644
Myanmar,2011,207046, 20.745 ,1.738154769,327140,2443.070802
Myanmar,2012,169150, 20.982 ,1.751025915,273379,2443.351141
Myanmar,2013,239931, 21.214 ,1.763992548,441348,2443.60836
Myanmar,2014,254785, 21.456 ,1.777055144,528623,2443.805077
Myanmar,2015,251505, 21.700 ,1.790214419,551155,2445.985345
Myanmar,2016,251468, 21.829 ,1.803471208,598850,2445.278095
Myanmar,2017,254257, 21.941 ,1.816826105,669410,2447.057659
Myanmar,2018,264232, 22.616 ,1.830279827,739289,2447.057659
Myanmar,2019,278516, 22.109 ,1.843833327,812333,2447.057659
Montenegro,1950,,,,,
Montenegro,1951,,,,,
Montenegro,1952,,,,,
Montenegro,1953,,,,,
Montenegro,1954,,,,,
Montenegro,1955,,,,,
Montenegro,1956,,,,,
Montenegro,1957,,,,,
Montenegro,1958,,,,,
Montenegro,1959,,,,,
Montenegro,1960,,,,,
Montenegro,1961,,,,,
Montenegro,1962,,,,,
Montenegro,1963,,,,,
Montenegro,1964,,,,,
Montenegro,1965,,,,,
Montenegro,1966,,,,,
Montenegro,1967,,,,,
Montenegro,1968,,,,,
Montenegro,1969,,,,,
Montenegro,1970,,,,,
Montenegro,1971,,,,,
Montenegro,1972,,,,,
Montenegro,1973,,,,,
Montenegro,1974,,,,,
Montenegro,1975,,,,,
Montenegro,1976,,,,,
Montenegro,1977,,,,,
Montenegro,1978,,,,,
Montenegro,1979,,,,,
Montenegro,1980,,,,,
Montenegro,1981,,,,,
Montenegro,1982,,,,,
Montenegro,1983,,,,,
Montenegro,1984,,,,,
Montenegro,1985,,,,,
Montenegro,1986,,,,,
Montenegro,1987,,,,,
Montenegro,1988,,,,,
Montenegro,1989,,,,,
Montenegro,1990,7371, 0.175 ,,16818,
Montenegro,1991,6581, 0.176 ,,16925,
Montenegro,1992,5029, 0.177 ,,16909,
Montenegro,1993,3192, 0.177 ,,16704,
Montenegro,1994,3238, 0.177 ,,16517,
Montenegro,1995,3709, 0.178 ,,16407,
Montenegro,1996,4730, 0.178 ,,16461,
Montenegro,1997,5023, 0.178 ,,16562,
Montenegro,1998,5303, 0.178 ,,16768,
Montenegro,1999,4836, 0.177 ,,16882,
Montenegro,2000,5453, 0.177 ,,16998,
Montenegro,2001,5754, 0.177 ,,17259,
Montenegro,2002,5577, 0.176 ,,17672,
Montenegro,2003,5609, 0.177 ,,18009,
Montenegro,2004,5918, 0.178 ,,18449,
Montenegro,2005,6313, 0.179 ,,18978,
Montenegro,2006,7987, 0.196 ,,28389,
Montenegro,2007,9988, 0.213 ,,27172,
Montenegro,2008,10680, 0.211 ,,29592,
Montenegro,2009,9841, 0.210 ,,28355,
Montenegro,2010,10529, 0.208 ,,28303,
Montenegro,2011,11000, 0.195 ,,30755,
Montenegro,2012,10759, 0.200 ,,32114,
Montenegro,2013,10585, 0.202 ,,33285,
Montenegro,2014,10518, 0.216 ,,33358,
Montenegro,2015,11290, 0.222 ,,37474,
Montenegro,2016,11574, 0.224 ,,34751,
Montenegro,2017,12198, 0.229 ,,38558,
Montenegro,2018,12771, 0.237 ,,41161,
Montenegro,2019,13721, 0.244 ,,43644,
Mongolia,1950,,,,,
Mongolia,1951,,,,,
Mongolia,1952,,,,,
Mongolia,1953,,,,,
Mongolia,1954,,,,,
Mongolia,1955,,,,,
Mongolia,1956,,,,,
Mongolia,1957,,,,,
Mongolia,1958,,,,,
Mongolia,1959,,,,,
Mongolia,1960,,,,,
Mongolia,1961,,,,,
Mongolia,1962,,,,,
Mongolia,1963,,,,,
Mongolia,1964,,,,,
Mongolia,1965,,,,,
Mongolia,1966,,,,,
Mongolia,1967,,,,,
Mongolia,1968,,,,,
Mongolia,1969,,,,,
Mongolia,1970,1763,,1.450563431,5546,
Mongolia,1971,1847,,1.534884572,6014,
Mongolia,1972,1912,,1.624107242,6498,
Mongolia,1973,2082,,1.716206789,7023,
Mongolia,1974,2171,,1.790875554,7582,
Mongolia,1975,2299,,1.86879313,8167,
Mongolia,1976,2385,,1.905256867,8757,
Mongolia,1977,2618,,1.942432046,9392,
Mongolia,1978,2740,,1.980332613,10085,
Mongolia,1979,2862,,2.018972635,10855,
Mongolia,1980,3292, 0.553 ,2.058366776,11502,
Mongolia,1981,3019, 0.567 ,2.096017838,12504,
Mongolia,1982,3569, 0.581 ,2.134357452,13601,
Mongolia,1983,4078, 0.597 ,2.173398733,14395,
Mongolia,1984,4634, 0.612 ,2.213153839,15272,
Mongolia,1985,4651, 0.627 ,2.25363636,16243,
Mongolia,1986,5036, 0.640 ,2.297465563,17423,
Mongolia,1987,5500, 0.655 ,2.342147112,18490,
Mongolia,1988,5827, 0.669 ,2.387697697,19634,
Mongolia,1989,5806, 0.683 ,2.434134007,21081,
Mongolia,1990,8312, 0.702 ,2.481473684,20921,
Mongolia,1991,6101, 0.724 ,2.487253666,21612,
Mongolia,1992,5846, 0.747 ,2.493046999,22002,
Mongolia,1993,4720, 0.765 ,2.498853922,23081,
Mongolia,1994,4999, 0.760 ,2.504674196,23699,
Mongolia,1995,6472, 0.768 ,2.510508299,23908,
Mongolia,1996,6108, 0.770 ,2.530176878,24388,
Mongolia,1997,6412, 0.765 ,2.549999714,25729,
Mongolia,1998,6442, 0.793 ,2.566707134,28560,
Mongolia,1999,6814, 0.814 ,2.580228567,32565,
Mongolia,2000,7703, 0.823 ,2.593821287,38214,
Mongolia,2001,8577, 0.832 ,2.609083652,46385,
Mongolia,2002,9393, 0.871 ,2.624435902,58163,
Mongolia,2003,10209, 0.910 ,2.639878511,75130,
Mongolia,2004,12048, 0.951 ,2.655411959,94036,
Mongolia,2005,14265, 0.968 ,2.67103672,105970,
Mongolia,2006,16760, 1.010 ,2.695116758,111103,
Mongolia,2007,19348, 1.022 ,2.719413757,116774,
Mongolia,2008,21004, 1.023 ,2.743929863,123652,
Mongolia,2009,19950, 1.061 ,2.768666983,126958,
Mongolia,2010,23816, 1.175 ,2.793627262,131964,
Mongolia,2011,30158, 1.179 ,2.819951057,141910,
Mongolia,2012,34984, 1.200 ,2.846919775,149628,
Mongolia,2013,34403, 1.254 ,2.874552727,153301,
Mongolia,2014,33504, 1.262 ,2.902870417,155290,
Mongolia,2015,32338, 1.308 ,2.931893826,152807,
Mongolia,2016,31717, 1.304 ,2.961645126,150012,
Mongolia,2017,32624, 1.346 ,2.992147207,151359,
Mongolia,2018,34158, 1.360 ,3.023423672,157258,
Mongolia,2019,38380, 1.377 ,3.055498838,166289,
Mozambique,1950,,,,,
Mozambique,1951,,,,,
Mozambique,1952,,,,,
Mozambique,1953,,,,,
Mozambique,1954,,,,,
Mozambique,1955,,,,,
Mozambique,1956,,,,,
Mozambique,1957,,,,,
Mozambique,1958,,,,,
Mozambique,1959,,,,,
Mozambique,1960,4777, 2.262 ,1.080726504,2755,
Mozambique,1961,4857, 2.301 ,1.085706353,2927,
Mozambique,1962,5279, 2.342 ,1.09070909,3088,
Mozambique,1963,5381, 2.385 ,1.095734954,3256,
Mozambique,1964,5601, 2.428 ,1.100783944,3437,
Mozambique,1965,5659, 2.471 ,1.10585618,3649,
Mozambique,1966,5716, 2.518 ,1.109664202,3927,
Mozambique,1967,6383, 2.567 ,1.113485217,4175,
Mozambique,1968,6689, 2.618 ,1.117319465,4484,
Mozambique,1969,7084, 2.671 ,1.121166945,4871,
Mozambique,1970,6879, 2.723 ,1.125027657,5449,
Mozambique,1971,7392, 2.845 ,1.123547196,5994,
Mozambique,1972,7753, 2.973 ,1.122068644,6558,
Mozambique,1973,8112, 3.109 ,1.120592117,7124,
Mozambique,1974,8589, 3.254 ,1.119117498,7742,
Mozambique,1975,8775, 3.406 ,1.117644787,8343,
Mozambique,1976,9301, 3.568 ,1.114640594,8941,
Mozambique,1977,9200, 3.738 ,1.111644506,9538,
Mozambique,1978,9379, 3.919 ,1.108656406,10091,
Mozambique,1979,9765, 4.110 ,1.105676293,10683,
Mozambique,1980,9713, 4.312 ,1.102704287,11268,
Mozambique,1981,10455, 4.413 ,1.105689049,11906,
Mozambique,1982,10253, 4.518 ,1.108682036,12497,
Mozambique,1983,8730, 4.627 ,1.111683011,12447,
Mozambique,1984,9626, 4.738 ,1.114692211,12523,
Mozambique,1985,6158, 4.853 ,1.117709517,12484,
Mozambique,1986,8787, 4.972 ,1.117764115,12739,
Mozambique,1987,8655, 5.094 ,1.117818713,13480,
Mozambique,1988,8720, 5.221 ,1.117873311,13771,
Mozambique,1989,9420, 5.351 ,1.117927909,13966,
Mozambique,1990,9276, 5.486 ,1.117982626,14103,
Mozambique,1991,9825, 5.626 ,1.117142797,14128,
Mozambique,1992,9014, 5.770 ,1.116303682,14267,
Mozambique,1993,9781, 5.918 ,1.115465164,14434,
Mozambique,1994,10604, 6.072 ,1.114627361,14698,
Mozambique,1995,10938, 6.232 ,1.113790035,15050,
Mozambique,1996,11799, 6.397 ,1.116901398,15372,
Mozambique,1997,12907, 6.567 ,1.120021462,15866,
Mozambique,1998,13797, 6.677 ,1.123150349,16404,
Mozambique,1999,14769, 6.791 ,1.126287818,17072,
Mozambique,2000,15182, 6.910 ,1.129434109,18415,
Mozambique,2001,16701, 7.034 ,1.135416269,19228,
Mozambique,2002,19431, 7.162 ,1.14143014,20719,
Mozambique,2003,21591, 7.296 ,1.147475958,22082,
Mozambique,2004,22261, 7.435 ,1.153553724,23352,
Mozambique,2005,24388, 7.580 ,1.159663677,24848,
Mozambique,2006,25210, 7.731 ,1.163883567,26787,
Mozambique,2007,26505, 7.888 ,1.168118834,29485,
Mozambique,2008,27782, 8.113 ,1.17236948,34250,
Mozambique,2009,28238, 8.335 ,1.176635504,39633,
Mozambique,2010,28876, 8.550 ,1.180917144,45840,
Mozambique,2011,28563, 8.749 ,1.186106086,51533,
Mozambique,2012,30081, 9.006 ,1.191317797,57378,
Mozambique,2013,31210, 9.233 ,1.196552515,71802,
Mozambique,2014,33985, 9.311 ,1.201810122,83763,
Mozambique,2015,36344, 9.737 ,1.207090855,93440,
Mozambique,2016,39773, 10.021 ,1.212394714,94263,
Mozambique,2017,36287, 10.325 ,1.217721939,88782,
Mozambique,2018,36565, 10.667 ,1.223072648,101150,
Mozambique,2019,37316, 11.018 ,1.228446841,113496,
Mauritania,1950,,,,,
Mauritania,1951,,,,,
Mauritania,1952,,,,,
Mauritania,1953,,,,,
Mauritania,1954,,,,,
Mauritania,1955,,,,,
Mauritania,1956,,,,,
Mauritania,1957,,,,,
Mauritania,1958,,,,,
Mauritania,1959,,,,,
Mauritania,1960,2006,,1.19939971,6596,
Mauritania,1961,1992,,1.202320576,7827,
Mauritania,1962,2263,,1.205248713,9370,
Mauritania,1963,2127,,1.208183885,10108,
Mauritania,1964,2901,,1.211126208,10358,
Mauritania,1965,3374,,1.214075804,10585,
Mauritania,1966,3360,,1.216588855,10823,
Mauritania,1967,3749,,1.219107151,11459,
Mauritania,1968,4341,,1.221630692,12501,
Mauritania,1969,4073,,1.22415936,13261,
Mauritania,1970,4610,,1.226693273,14243,
Mauritania,1971,4682,,1.232455492,15151,
Mauritania,1972,4838,,1.238244891,16671,
Mauritania,1973,4678,,1.244061351,18432,
Mauritania,1974,5210,,1.249905109,20467,
Mauritania,1975,5881,,1.255776405,22285,
Mauritania,1976,6391,,1.258836389,25006,
Mauritania,1977,6317, 0.354 ,1.261903763,27214,
Mauritania,1978,5565, 0.365 ,1.264978528,27319,
Mauritania,1979,6064, 0.375 ,1.268060923,27900,
Mauritania,1980,6021, 0.387 ,1.271150708,28573,
Mauritania,1981,6360, 0.398 ,1.277967811,29603,
Mauritania,1982,6012, 0.411 ,1.28482151,30634,
Mauritania,1983,6064, 0.424 ,1.291711807,31494,
Mauritania,1984,5916, 0.438 ,1.298639178,32941,
Mauritania,1985,5998, 0.451 ,1.305603743,34293,
Mauritania,1986,6137, 0.463 ,1.314147711,35174,
Mauritania,1987,6359, 0.476 ,1.322747588,35908,
Mauritania,1988,6522, 0.490 ,1.331403852,36365,
Mauritania,1989,6600, 0.503 ,1.34011662,36656,
Mauritania,1990,6569, 0.519 ,1.34888649,36708,
Mauritania,1991,6713, 0.533 ,1.362442493,36945,
Mauritania,1992,7047, 0.546 ,1.376134634,37749,
Mauritania,1993,7562, 0.559 ,1.389964461,38385,
Mauritania,1994,7962, 0.575 ,1.403933167,39172,
Mauritania,1995,7778, 0.589 ,1.418042302,39941,
Mauritania,1996,8477, 0.604 ,1.431767941,40216,
Mauritania,1997,8012, 0.622 ,1.445626378,40450,
Mauritania,1998,8335, 0.639 ,1.459618926,41311,
Mauritania,1999,8382, 0.656 ,1.473746896,42086,
Mauritania,2000,8382, 0.676 ,1.488011718,42863,
Mauritania,2001,8277, 0.690 ,1.503509164,43772,
Mauritania,2002,8769, 0.705 ,1.519168139,45539,
Mauritania,2003,9292, 0.721 ,1.534990072,48105,
Mauritania,2004,10660, 0.739 ,1.550976872,50525,
Mauritania,2005,11088, 0.757 ,1.567130208,53191,
Mauritania,2006,12008, 0.776 ,1.584722161,56566,
Mauritania,2007,12537, 0.796 ,1.602511644,61213,
Mauritania,2008,12684, 0.816 ,1.620500803,65740,
Mauritania,2009,12877, 0.833 ,1.638691783,70448,
Mauritania,2010,15612, 0.853 ,1.657087088,74895,
Mauritania,2011,16322, 0.874 ,1.6770401,78343,
Mauritania,2012,16322, 0.877 ,1.697714686,81434,
Mauritania,2013,18185, 0.925 ,1.7166785,84254,
Mauritania,2014,16934, 0.957 ,1.733373404,87703,
Mauritania,2015,17774, 0.992 ,1.750632167,87667,
Mauritania,2016,18626, 1.025 ,1.768477917,89874,
Mauritania,2017,21135, 1.001 ,1.786935091,91953,
Mauritania,2018,20808, 1.096 ,1.806029081,93762,
Mauritania,2019,21163, 1.129 ,1.825787067,96248,
Montserrat,1950,,,,,
Montserrat,1951,,,,,
Montserrat,1952,,,,,
Montserrat,1953,,,,,
Montserrat,1954,,,,,
Montserrat,1955,,,,,
Montserrat,1956,,,,,
Montserrat,1957,,,,,
Montserrat,1958,,,,,
Montserrat,1959,,,,,
Montserrat,1960,,,,,
Montserrat,1961,,,,,
Montserrat,1962,,,,,
Montserrat,1963,,,,,
Montserrat,1964,,,,,
Montserrat,1965,,,,,
Montserrat,1966,,,,,
Montserrat,1967,,,,,
Montserrat,1968,,,,,
Montserrat,1969,,,,,
Montserrat,1970,170,,,498,
Montserrat,1971,174,,,519,
Montserrat,1972,178,,,541,
Montserrat,1973,182,,,564,
Montserrat,1974,189,,,588,
Montserrat,1975,200, 0.004 ,,614,
Montserrat,1976,193, 0.004 ,,641,
Montserrat,1977,191, 0.004 ,,656,
Montserrat,1978,196, 0.004 ,,675,
Montserrat,1979,222, 0.004 ,,709,
Montserrat,1980,243, 0.005 ,,742,
Montserrat,1981,248, 0.005 ,,790,
Montserrat,1982,259, 0.005 ,,837,
Montserrat,1983,248, 0.005 ,,853,
Montserrat,1984,254, 0.005 ,,873,
Montserrat,1985,266, 0.005 ,,904,
Montserrat,1986,278, 0.005 ,,942,
Montserrat,1987,291, 0.005 ,,984,
Montserrat,1988,329, 0.005 ,,1059,
Montserrat,1989,394, 0.005 ,,1237,
Montserrat,1990,472, 0.005 ,,1518,
Montserrat,1991,360, 0.004 ,,1576,
Montserrat,1992,333, 0.004 ,,1633,
Montserrat,1993,324, 0.004 ,,1667,
Montserrat,1994,317, 0.004 ,,1694,
Montserrat,1995,282, 0.004 ,,1698,
Montserrat,1996,193, 0.004 ,,1701,
Montserrat,1997,176, 0.003 ,,1740,
Montserrat,1998,138, 0.003 ,,1806,
Montserrat,1999,135, 0.002 ,,1847,
Montserrat,2000,124, 0.002 ,,1854,
Montserrat,2001,117, 0.002 ,,1862,
Montserrat,2002,119, 0.002 ,,1884,
Montserrat,2003,116, 0.002 ,,1920,
Montserrat,2004,119, 0.002 ,,1943,
Montserrat,2005,125, 0.002 ,,1960,
Montserrat,2006,121, 0.003 ,,1958,
Montserrat,2007,118, 0.003 ,,1954,
Montserrat,2008,126, 0.003 ,,1955,
Montserrat,2009,113, 0.003 ,,1949,
Montserrat,2010,109, 0.003 ,,1934,
Montserrat,2011,130, 0.002 ,,1915,
Montserrat,2012,109, 0.003 ,,1670,
Montserrat,2013,89, 0.003 ,,1424,
Montserrat,2014,87, 0.003 ,,1314,
Montserrat,2015,76, 0.003 ,,1263,
Montserrat,2016,82, 0.003 ,,1206,
Montserrat,2017,72, 0.003 ,,1091,
Montserrat,2018,74, 0.003 ,,1083,
Montserrat,2019,78, 0.003 ,,1081,
Mauritius,1950,2496, 0.128 ,1.329791784,1956,
Mauritius,1951,2589, 0.132 ,1.333872199,2058,
Mauritius,1952,2668, 0.135 ,1.337965131,2134,
Mauritius,1953,2639, 0.140 ,1.34207058,2253,
Mauritius,1954,2605, 0.143 ,1.346188784,2328,
Mauritius,1955,2738, 0.147 ,1.350319505,2424,
Mauritius,1956,2833, 0.151 ,1.355844736,2492,
Mauritius,1957,2965, 0.155 ,1.361392617,2589,
Mauritius,1958,2890, 0.158 ,1.366963148,2733,
Mauritius,1959,3006, 0.162 ,1.372556448,2863,
Mauritius,1960,2718, 0.165 ,1.378172636,3137,
Mauritius,1961,3035, 0.170 ,1.390047789,3296,
Mauritius,1962,3306, 0.175 ,1.402025104,3417,
Mauritius,1963,3385, 0.177 ,1.414105654,3561,
Mauritius,1964,3874, 0.180 ,1.426290393,3623,
Mauritius,1965,3651, 0.183 ,1.438580036,3749,
Mauritius,1966,3745, 0.186 ,1.450975657,3741,
Mauritius,1967,4043, 0.187 ,1.463477969,3838,
Mauritius,1968,3291, 0.189 ,1.476088166,3864,
Mauritius,1969,3321, 0.189 ,1.488806844,3932,
Mauritius,1970,4023, 0.190 ,1.501635194,3943,
Mauritius,1971,4290, 0.208 ,1.526731849,3991,
Mauritius,1972,4481, 0.220 ,1.552247882,4067,
Mauritius,1973,4727, 0.225 ,1.578190327,4308,
Mauritius,1974,4701, 0.229 ,1.604566336,4553,
Mauritius,1975,4734, 0.232 ,1.6313833,4975,
Mauritius,1976,6299, 0.240 ,1.658648372,5346,
Mauritius,1977,6589, 0.248 ,1.686369061,5701,
Mauritius,1978,6766, 0.257 ,1.713222504,6088,
Mauritius,1979,6395, 0.266 ,1.734759808,6415,
Mauritius,1980,6462, 0.275 ,1.756567955,6614,
Mauritius,1981,6724, 0.281 ,1.783108115,6824,
Mauritius,1982,6933, 0.287 ,1.810049295,6949,
Mauritius,1983,7059, 0.292 ,1.837397337,7058,
Mauritius,1984,8177, 0.285 ,1.865158796,7192,
Mauritius,1985,7958, 0.293 ,1.893339634,7362,
Mauritius,1986,8650, 0.317 ,1.921946287,7760,
Mauritius,1987,10752, 0.328 ,1.950985193,8538,
Mauritius,1988,10914, 0.359 ,1.98046267,9865,
Mauritius,1989,11439, 0.374 ,2.010385752,11541,
Mauritius,1990,12508, 0.404 ,2.040760756,13993,
Mauritius,1991,13379, 0.409 ,2.06383872,17082,
Mauritius,1992,13913, 0.415 ,2.087177753,21314,
Mauritius,1993,14838, 0.420 ,2.110780478,26989,
Mauritius,1994,15748, 0.424 ,2.13465023,34218,
Mauritius,1995,16781, 0.454 ,2.158789873,41146,
Mauritius,1996,18981, 0.454 ,2.183202744,45935,
Mauritius,1997,18943, 0.456 ,2.207891464,47046,
Mauritius,1998,19405, 0.461 ,2.232859373,45665,
Mauritius,1999,19369, 0.464 ,2.25810957,43798,
Mauritius,2000,19601, 0.465 ,2.283645391,41183,
Mauritius,2001,19178, 0.470 ,2.302233458,39199,
Mauritius,2002,19182, 0.469 ,2.320972681,37773,
Mauritius,2003,18978, 0.472 ,2.339864492,37434,
Mauritius,2004,18948, 0.476 ,2.358910084,37962,
Mauritius,2005,18360, 0.478 ,2.378110647,39453,
Mauritius,2006,19369, 0.484 ,2.397467613,43334,
Mauritius,2007,21345, 0.490 ,2.416982174,49625,
Mauritius,2008,21501, 0.508 ,2.436655283,58587,
Mauritius,2009,20798, 0.510 ,2.456488848,70431,
Mauritius,2010,21326, 0.521 ,2.476483583,82749,
Mauritius,2011,23713, 0.521 ,2.497079372,91116,
Mauritius,2012,24497, 0.529 ,2.517846346,89326,
Mauritius,2013,24616, 0.547 ,2.538785934,87435,
Mauritius,2014,25183, 0.555 ,2.559899569,85914,
Mauritius,2015,25358, 0.563 ,2.574240685,86528,
Mauritius,2016,27561, 0.565 ,2.588634729,86726,
Mauritius,2017,28157, 0.573 ,2.603109598,86684,
Mauritius,2018,28707, 0.575 ,2.617665291,89702,
Mauritius,2019,29758, 0.583 ,2.632302284,93397,
Malawi,1950,,,,,
Malawi,1951,,,,,
Malawi,1952,,,,,
Malawi,1953,,,,,
Malawi,1954,2434, 1.257 ,1.289232492,1119,
Malawi,1955,2590, 1.280 ,1.29242599,1172,
Malawi,1956,2777, 1.304 ,1.298770189,1231,
Malawi,1957,3001, 1.331 ,1.305145502,1314,
Malawi,1958,3057, 1.359 ,1.311552167,1392,
Malawi,1959,2972, 1.388 ,1.317990184,1395,
Malawi,1960,3238, 1.419 ,1.324459791,1467,
Malawi,1961,3315, 1.447 ,1.324717879,1584,
Malawi,1962,3390, 1.481 ,1.324975967,1637,
Malawi,1963,3453, 1.515 ,1.325234175,1712,
Malawi,1964,3442, 1.546 ,1.325492382,1740,
Malawi,1965,3988, 1.579 ,1.325750709,1876,
Malawi,1966,4604, 1.617 ,1.326009035,2079,
Malawi,1967,4748, 1.632 ,1.326267362,2214,
Malawi,1968,4857, 1.662 ,1.326525807,2418,
Malawi,1969,5215, 1.704 ,1.326784372,2678,
Malawi,1970,5395, 1.735 ,1.327042818,3115,
Malawi,1971,6137, 1.803 ,1.32840991,3513,
Malawi,1972,6743, 1.850 ,1.329778433,4022,
Malawi,1973,6599, 1.912 ,1.331148386,4998,
Malawi,1974,7037, 1.982 ,1.33251965,5905,
Malawi,1975,7381, 2.052 ,1.333892465,7203,
Malawi,1976,7446, 2.099 ,1.335266709,7578,
Malawi,1977,7512, 2.149 ,1.336642265,7292,
Malawi,1978,7830, 2.246 ,1.338019252,7674,
Malawi,1979,7711, 2.320 ,1.339397669,7864,
Malawi,1980,7924, 2.600 ,1.340777397,8190,
Malawi,1981,8221, 2.668 ,1.342759013,8388,
Malawi,1982,8643, 2.759 ,1.34474349,9084,
Malawi,1983,9333, 2.899 ,1.346730828,10332,
Malawi,1984,10015, 2.979 ,1.348721266,11986,
Malawi,1985,11226, 3.088 ,1.350714445,13215,
Malawi,1986,10509, 3.227 ,1.352710724,13490,
Malawi,1987,10034, 3.311 ,1.354709864,13864,
Malawi,1988,9620, 3.517 ,1.356711984,14417,
Malawi,1989,10393, 3.711 ,1.358717084,15096,
Malawi,1990,9987, 3.874 ,1.360725164,15716,
Malawi,1991,10695, 3.983 ,1.380932808,16810,
Malawi,1992,9468, 4.032 ,1.40144062,17639,
Malawi,1993,10169, 4.014 ,1.422252893,18456,
Malawi,1994,11840, 4.030 ,1.443374276,18873,
Malawi,1995,11367, 4.057 ,1.464809418,19318,
Malawi,1996,10969, 4.119 ,1.486562848,19654,
Malawi,1997,12091, 4.231 ,1.508639216,20105,
Malawi,1998,10345, 4.286 ,1.53104353,20767,
Malawi,1999,10753, 4.330 ,1.553780556,21809,
Malawi,2000,10638, 4.346 ,1.576855183,23088,
Malawi,2001,9789, 4.367 ,1.588000059,24794,
Malawi,2002,11868, 4.423 ,1.599223733,26498,
Malawi,2003,12289, 4.437 ,1.610526562,28626,
Malawi,2004,14156, 4.604 ,1.621909499,30931,
Malawi,2005,15152, 4.748 ,1.633372784,33221,
Malawi,2006,15814, 4.777 ,1.644917011,35511,
Malawi,2007,19107, 5.001 ,1.656542897,37398,
Malawi,2008,22284, 5.281 ,1.668250918,38966,
Malawi,2009,16911, 5.584 ,1.68004179,38234,
Malawi,2010,16858, 5.937 ,1.69191587,36954,
Malawi,2011,17838, 6.125 ,1.731210232,35487,
Malawi,2012,16657, 6.330 ,1.766999841,31663,
Malawi,2013,19104, 6.547 ,1.803529382,31016,
Malawi,2014,17619, 6.761 ,1.840814114,27240,
Malawi,2015,18823, 6.979 ,1.878869534,23788,
Malawi,2016,18662, 7.206 ,1.917711854,22618,
Malawi,2017,20277, 7.439 ,1.957357049,21339,
Malawi,2018,20598, 7.677 ,1.997821927,21807,
Malawi,2019,21635, 7.950 ,2.039123058,22391,
Malaysia,1950,,,,,
Malaysia,1951,,,,,
Malaysia,1952,,,,,
Malaysia,1953,,,,,
Malaysia,1954,,,,,
Malaysia,1955,17607, 2.520 ,1.313363791,81876,
Malaysia,1956,18781, 2.566 ,1.321312666,83026,
Malaysia,1957,19212, 2.613 ,1.329309583,84143,
Malaysia,1958,19210, 2.662 ,1.337354898,85575,
Malaysia,1959,20584, 2.710 ,1.345448971,87002,
Malaysia,1960,22456, 2.758 ,1.353592038,90601,
Malaysia,1961,24521, 2.834 ,1.366992235,94376,
Malaysia,1962,26257, 2.912 ,1.380525112,99824,
Malaysia,1963,28020, 2.990 ,1.39419198,105304,
Malaysia,1964,30532, 3.070 ,1.407994151,110817,
Malaysia,1965,32644, 3.150 ,1.421932936,116632,
Malaysia,1966,34741, 3.231 ,1.436935186,123098,
Malaysia,1967,35716, 3.313 ,1.452095747,129804,
Malaysia,1968,37374, 3.394 ,1.467416167,136740,
Malaysia,1969,38698, 3.475 ,1.482898355,142869,
Malaysia,1970,41956, 3.554 ,1.498543859,152734,2229.755835
Malaysia,1971,51284, 3.672 ,1.526886344,163864,2230.70505
Malaysia,1972,55206, 3.782 ,1.555764914,169813,2231.551913
Malaysia,1973,62140, 3.893 ,1.5851897,173761,2232.318783
Malaysia,1974,68771, 4.013 ,1.615170956,182243,2233.005724
Malaysia,1975,66692, 4.143 ,1.645719409,191130,2233.59344
Malaysia,1976,74340, 4.278 ,1.676395059,201840,2234.521458
Malaysia,1977,80516, 4.422 ,1.707642674,215253,2235.331429
Malaysia,1978,86170, 4.585 ,1.731957197,228751,2236.031204
Malaysia,1979,93572, 4.746 ,1.756234646,245953,2236.636694
Malaysia,1980,102175, 4.891 ,1.780852437,268526,2237.154782
Malaysia,1981,108867, 5.156 ,1.819847465,296977,2237.764776
Malaysia,1982,115756, 5.324 ,1.859696627,325231,2237.991681
Malaysia,1983,122876, 5.527 ,1.900418162,353627,2237.750607
Malaysia,1984,132274, 5.625 ,1.942031503,379418,2238.661365
Malaysia,1985,122540, 5.696 ,1.98455596,399959,2238.463615
Malaysia,1986,113466, 5.803 ,2.026950836,410639,2236.73017
Malaysia,1987,122395, 6.044 ,2.070251703,417814,2234.980234
Malaysia,1988,133835, 6.241 ,2.114477158,430060,2234.762973
Malaysia,1989,148747, 6.498 ,2.159647465,452437,2238.723616
Malaysia,1990,168217, 6.832 ,2.20578289,486692,2240.681566
Malaysia,1991,186608, 7.009 ,2.252579212,526540,2244.928409
Malaysia,1992,198612, 7.190 ,2.300368071,572521,2248.429645
Malaysia,1993,216631, 7.511 ,2.349170923,629654,2249.390219
Malaysia,1994,234364, 7.629 ,2.399008989,695609,2249.015947
Malaysia,1995,261260, 7.760 ,2.449904442,779479,2248.904234
Malaysia,1996,284917, 8.508 ,2.479343891,867818,2250.036135
Malaysia,1997,299524, 8.694 ,2.509136677,964815,2250.768703
Malaysia,1998,255825, 8.710 ,2.539287806,990412,2249.464911
Malaysia,1999,268702, 8.944 ,2.566588402,1014818,2248.564534
Malaysia,2000,310474, 9.375 ,2.58731246,1060646,2247.291519
Malaysia,2001,306409, 9.460 ,2.615091085,1109577,2247.747771
Malaysia,2002,325263, 9.648 ,2.643168211,1160112,2274.431354
Malaysia,2003,346493, 9.990 ,2.671546698,1212294,2265.100122
Malaysia,2004,379880, 10.096 ,2.700229645,1268597,2261.077383
Malaysia,2005,433746, 10.138 ,2.729220867,1333956,2308.512092
Malaysia,2006,442491, 10.406 ,2.759387732,1416676,2289.954335
Malaysia,2007,488974, 10.682 ,2.789888382,1526252,2266.090291
Malaysia,2008,549510, 10.814 ,2.820725918,1652265,2239.417832
Malaysia,2009,516764, 11.045 ,2.851904631,1776138,2244.530171
Malaysia,2010,562028, 12.040 ,2.88342762,1915010,2227.762197
Malaysia,2011,637754, 12.490 ,2.904488802,2038416,2225.799804
Malaysia,2012,688358, 12.984 ,2.925703764,2163197,2204.287011
Malaysia,2013,711668, 13.621 ,2.947073698,2294652,2170.119387
Malaysia,2014,716441, 13.872 ,2.968599558,2447147,2180.265831
Malaysia,2015,704003, 14.061 ,2.990283012,2624069,2169.287591
Malaysia,2016,718848, 14.129 ,3.012124777,2784869,2190.468066
Malaysia,2017,751462, 14.460 ,3.034125805,2966762,2197.058086
Malaysia,2018,785835, 14.814 ,3.056287766,3125639,2197.058086
Malaysia,2019,822237, 15.118 ,3.078611374,3279240,2197.058086
Namibia,1950,,,,,
Namibia,1951,,,,,
Namibia,1952,,,,,
Namibia,1953,,,,,
Namibia,1954,,,,,
Namibia,1955,,,,,
Namibia,1956,,,,,
Namibia,1957,,,,,
Namibia,1958,,,,,
Namibia,1959,,,,,
Namibia,1960,2655, 0.177 ,1.50184083,3261,
Namibia,1961,2655, 0.183 ,1.506929278,3520,
Namibia,1962,3026, 0.188 ,1.512034893,3808,
Namibia,1963,3225, 0.194 ,1.517157912,4111,
Namibia,1964,3648, 0.200 ,1.522298217,4423,
Namibia,1965,3793, 0.207 ,1.527455926,4800,
Namibia,1966,3998, 0.213 ,1.537620783,5282,
Namibia,1967,3991, 0.220 ,1.547853231,5797,
Namibia,1968,4127, 0.227 ,1.558153868,6352,
Namibia,1969,4420, 0.235 ,1.56852293,6940,
Namibia,1970,4787, 0.243 ,1.578961015,7739,
Namibia,1971,5037, 0.245 ,1.595649481,8524,
Namibia,1972,5136, 0.247 ,1.612514257,9275,
Namibia,1973,5342, 0.249 ,1.629557252,9995,
Namibia,1974,5727, 0.251 ,1.646780372,10794,
Namibia,1975,5854, 0.254 ,1.664185643,11586,
Namibia,1976,5949, 0.256 ,1.684908986,12299,
Namibia,1977,5935, 0.259 ,1.705890536,13011,
Namibia,1978,6111, 0.261 ,1.722688675,13700,
Namibia,1979,6395, 0.264 ,1.73883307,14353,
Namibia,1980,6707, 0.267 ,1.755128622,15250,
Namibia,1981,6837, 0.274 ,1.77651453,16076,
Namibia,1982,7026, 0.280 ,1.798161149,16597,
Namibia,1983,6760, 0.288 ,1.82007134,16719,
Namibia,1984,6956, 0.301 ,1.842248678,16734,
Namibia,1985,7122, 0.316 ,1.864696145,16772,
Namibia,1986,7456, 0.334 ,1.8924402,16772,
Namibia,1987,7620, 0.346 ,1.920597076,16842,
Namibia,1988,7617, 0.359 ,1.949173093,17047,
Namibia,1989,7856, 0.373 ,1.97817409,17347,
Namibia,1990,7255, 0.386 ,2.007606506,17811,
Namibia,1991,8050, 0.398 ,2.010581732,17855,
Namibia,1992,8462, 0.393 ,2.013561249,18364,
Namibia,1993,8709, 0.391 ,2.016545296,18909,
Namibia,1994,8831, 0.389 ,2.019533873,19509,
Namibia,1995,9209, 0.388 ,2.022526503,20292,
Namibia,1996,9765, 0.389 ,2.018210888,21323,
Namibia,1997,10006, 0.393 ,2.013904095,21979,
Namibia,1998,10324, 0.395 ,2.0096066,23103,
Namibia,1999,10719, 0.399 ,2.005318165,24148,
Namibia,2000,11084, 0.405 ,2.001039267,24805,
Namibia,2001,11428, 0.435 ,2.016995192,26167,
Namibia,2002,11925, 0.444 ,2.033078194,27404,
Namibia,2003,11938, 0.455 ,2.049289703,28334,
Namibia,2004,13025, 0.464 ,2.065630436,29472,
Namibia,2005,14209, 0.481 ,2.082101345,30675,
Namibia,2006,15604, 0.500 ,2.093305349,33559,
Namibia,2007,16233, 0.521 ,2.104569912,38562,
Namibia,2008,18001, 0.542 ,2.115894794,46932,
Namibia,2009,17597, 0.565 ,2.127280712,58948,
Namibia,2010,19008, 0.590 ,2.138727903,72003,
Namibia,2011,20720, 0.612 ,2.150542021,79797,
Namibia,2012,22607, 0.629 ,2.162525892,76896,
Namibia,2013,22282, 0.686 ,2.174682617,84712,
Namibia,2014,25463, 0.708 ,2.187015057,87826,
Namibia,2015,25560, 0.686 ,2.199526787,84709,
Namibia,2016,24778, 0.677 ,2.21222043,79070,
Namibia,2017,23839, 0.702 ,2.225099564,72290,
Namibia,2018,23193, 0.726 ,2.238167763,74211,
Namibia,2019,23332, 0.742 ,2.251428366,75638,
Niger,1950,,,,,
Niger,1951,,,,,
Niger,1952,,,,,
Niger,1953,,,,,
Niger,1954,,,,,
Niger,1955,,,,,
Niger,1956,,,,,
Niger,1957,,,,,
Niger,1958,,,,,
Niger,1959,,,,,
Niger,1960,7323, 1.631 ,1.009294748,40747,
Niger,1961,7813, 1.660 ,1.009311795,39875,
Niger,1962,8635, 1.691 ,1.009328842,39568,
Niger,1963,9383, 1.723 ,1.009345889,39641,
Niger,1964,9279, 1.756 ,1.009363055,39538,
Niger,1965,9647, 1.789 ,1.009380102,39063,
Niger,1966,9526, 1.824 ,1.009397149,38699,
Niger,1967,9696, 1.859 ,1.009414315,38418,
Niger,1968,9861, 1.895 ,1.009431362,38238,
Niger,1969,9100, 1.932 ,1.009448409,37582,
Niger,1970,9582, 1.971 ,1.009465575,37449,
Niger,1971,9885, 2.021 ,1.010529637,37473,
Niger,1972,9564, 2.072 ,1.011594892,36877,
Niger,1973,8202, 2.125 ,1.012661338,37527,
Niger,1974,9087, 2.179 ,1.013728738,38377,
Niger,1975,8289, 2.236 ,1.014797449,39679,
Niger,1976,8972, 2.295 ,1.015867233,39837,
Niger,1977,10056, 2.356 ,1.01693809,40618,
Niger,1978,10649, 2.419 ,1.01801002,41602,
Niger,1979,11926, 2.483 ,1.019083261,42967,
Niger,1980,11708, 2.549 ,1.020157456,44554,
Niger,1981,11161, 2.617 ,1.023779154,46503,
Niger,1982,11301, 2.686 ,1.027413726,47404,
Niger,1983,11065, 2.757 ,1.031061172,47090,
Niger,1984,8609, 2.830 ,1.034721494,45720,
Niger,1985,9306, 2.905 ,1.038394928,46401,
Niger,1986,9354, 2.983 ,1.042081356,45916,
Niger,1987,9400, 3.062 ,1.045780897,45928,
Niger,1988,9397, 3.146 ,1.049493551,45999,
Niger,1989,9267, 3.234 ,1.053219318,46033,
Niger,1990,9713, 3.327 ,1.056958437,46053,
Niger,1991,9759, 3.421 ,1.062905431,45553,
Niger,1992,9673, 3.553 ,1.068886042,45316,
Niger,1993,9700, 3.691 ,1.07490015,45430,
Niger,1994,9869, 3.839 ,1.080948234,45530,
Niger,1995,10664, 3.990 ,1.087030292,45527,
Niger,1996,10623, 4.132 ,1.093146563,45692,
Niger,1997,10758, 4.291 ,1.099297166,45820,
Niger,1998,11937, 4.453 ,1.105482459,46330,
Niger,1999,12098, 4.625 ,1.111702561,46599,
Niger,2000,11750, 4.805 ,1.117957711,47013,
Niger,2001,12801, 4.968 ,1.122800827,47661,
Niger,2002,13484, 5.121 ,1.127664924,48641,
Niger,2003,14008, 5.279 ,1.13255012,49450,
Niger,2004,13524, 5.446 ,1.137456417,50269,
Niger,2005,14119, 5.615 ,1.142384052,51678,
Niger,2006,14932, 5.840 ,1.147333026,53776,
Niger,2007,15272, 6.074 ,1.152303338,57239,
Niger,2008,16500, 6.313 ,1.157295227,63481,
Niger,2009,17111, 6.567 ,1.162308812,71179,
Niger,2010,19602, 6.841 ,1.167344093,80051,
Niger,2011,19370, 7.121 ,1.173612475,88282,
Niger,2012,21505, 7.197 ,1.179914594,95722,
Niger,2013,21654, 7.253 ,1.186250448,96461,
Niger,2014,22979, 7.291 ,1.192620397,97446,
Niger,2015,23839, 7.584 ,1.199024558,100720,
Niger,2016,23862, 7.875 ,1.205463052,103512,
Niger,2017,24375, 8.193 ,1.211936235,111134,
Niger,2018,26681, 8.533 ,1.218444109,115716,
Niger,2019,28226, 8.870 ,1.224986911,121287,
Nigeria,1950,57640, 12.524 ,,145041,
Nigeria,1951,57893, 12.776 ,,155208,
Nigeria,1952,58329, 13.035 ,,168452,
Nigeria,1953,61143, 13.302 ,,182826,
Nigeria,1954,68033, 13.666 ,,198850,
Nigeria,1955,66423, 14.041 ,,220202,
Nigeria,1956,63820, 14.427 ,,240541,
Nigeria,1957,63054, 14.825 ,,264070,
Nigeria,1958,66855, 15.234 ,,284202,
Nigeria,1959,74115, 15.655 ,,308983,
Nigeria,1960,83762, 16.088 ,1.15172267,334358,
Nigeria,1961,87864, 16.487 ,1.151724935,363217,
Nigeria,1962,92586, 16.890 ,1.151727319,390268,
Nigeria,1963,97828, 17.689 ,1.151729584,420352,
Nigeria,1964,97856, 18.498 ,1.151731849,457842,
Nigeria,1965,110574, 19.454 ,1.151734233,511000,
Nigeria,1966,111197, 19.877 ,1.151736498,559194,
Nigeria,1967,96156, 19.223 ,1.151738882,594794,
Nigeria,1968,96373, 19.464 ,1.151741147,623322,
Nigeria,1969,119486, 20.489 ,1.151743531,658553,
Nigeria,1970,162362, 21.718 ,1.151745796,753563,
Nigeria,1971,179739, 21.785 ,1.155852675,846898,
Nigeria,1972,192307, 22.066 ,1.159974217,949294,
Nigeria,1973,229341, 22.520 ,1.164110422,1068657,
Nigeria,1974,250997, 22.634 ,1.168261409,1161234,
Nigeria,1975,256046, 23.704 ,1.172427177,1292329,
Nigeria,1976,270022, 24.756 ,1.176607728,1483303,
Nigeria,1977,301103, 25.710 ,1.180803299,1712561,
Nigeria,1978,313111, 25.507 ,1.185013771,1921498,
Nigeria,1979,326595, 25.542 ,1.189239264,2094253,
Nigeria,1980,352975, 27.045 ,1.193479896,2274788,
Nigeria,1981,332802, 28.256 ,1.196359634,2530078,
Nigeria,1982,290088, 28.605 ,1.199246287,2795273,
Nigeria,1983,240017, 27.661 ,1.202139974,3055475,
Nigeria,1984,219017, 26.434 ,1.205040574,3288093,
Nigeria,1985,281991, 26.614 ,1.207948208,3390065,
Nigeria,1986,153519, 26.735 ,1.210862875,2898347,
Nigeria,1987,112047, 27.427 ,1.213784575,2105539,
Nigeria,1988,97518, 28.511 ,1.216713309,1510113,
Nigeria,1989,88236, 29.204 ,1.219649076,1133127,
Nigeria,1990,92693, 29.960 ,1.222591996,888170,
Nigeria,1991,82480, 30.743 ,1.244433284,729249,
Nigeria,1992,80712, 31.540 ,1.266664743,626259,
Nigeria,1993,68528, 32.405 ,1.289293289,560337,
Nigeria,1994,56228, 33.079 ,1.312326193,517706,
Nigeria,1995,51017, 33.777 ,1.335770607,492931,
Nigeria,1996,51268, 34.725 ,1.359633684,488953,
Nigeria,1997,55443, 35.784 ,1.383923292,510093,
Nigeria,1998,55373, 37.013 ,1.408646703,561663,
Nigeria,1999,84426, 38.521 ,1.433811665,644511,
Nigeria,2000,115127, 38.336 ,1.459426403,773100,
Nigeria,2001,125205, 38.505 ,1.48831892,967568,
Nigeria,2002,162247, 39.481 ,1.517783523,1274174,
Nigeria,2003,216834, 39.629 ,1.547831416,1766427,
Nigeria,2004,292754, 42.454 ,1.578474164,2419868,
Nigeria,2005,479965, 43.612 ,1.609723568,2945671,
Nigeria,2006,563757, 44.976 ,1.641591668,3236338,
Nigeria,2007,625801, 46.432 ,1.674090505,3511063,
Nigeria,2008,648368, 47.792 ,1.707232952,3787949,
Nigeria,2009,690091, 49.027 ,1.733126879,4052114,
Nigeria,2010,798184, 52.219 ,1.758925676,4243349,
Nigeria,2011,852169, 54.438 ,1.781640649,4230706,
Nigeria,2012,886952, 55.832 ,1.804648995,3628195,
Nigeria,2013,951914, 57.575 ,1.827954412,3413323,
Nigeria,2014,1010803, 59.334 ,1.851560831,3306609,
Nigeria,2015,1010075, 60.399 ,1.875472069,3041313,
Nigeria,2016,990783, 63.811 ,1.899692178,2834591,
Nigeria,2017,966005, 69.090 ,1.924225092,2780031,
Nigeria,2018,1014141, 71.115 ,1.949074626,2876538,
Nigeria,2019,1001537, 73.021 ,1.974245191,2996071,
Nicaragua,1950,4680,,1.228259206,6411,
Nicaragua,1951,5349,,1.232991219,6712,
Nicaragua,1952,6182,,1.23774159,7254,
Nicaragua,1953,6529,,1.2425102,7858,
Nicaragua,1954,7090,,1.247297287,8655,
Nicaragua,1955,7625,,1.252102613,9412,
Nicaragua,1956,7604,,1.260669827,10094,
Nicaragua,1957,8244,,1.269295573,10703,
Nicaragua,1958,8303,,1.277980447,11299,
Nicaragua,1959,8458,,1.286724567,11971,
Nicaragua,1960,8491,,1.29552865,12590,
Nicaragua,1961,9119,,1.306732297,13209,
Nicaragua,1962,10317,,1.318032861,14152,
Nicaragua,1963,11261,,1.329431057,15176,
Nicaragua,1964,12688,,1.340927839,16681,
Nicaragua,1965,14293,,1.352524161,18412,
Nicaragua,1966,14512,,1.36701405,20393,
Nicaragua,1967,15567,,1.381659031,22231,
Nicaragua,1968,15820,,1.39646101,23624,
Nicaragua,1969,16643,,1.411421537,25284,
Nicaragua,1970,16991,,1.426542401,27057,
Nicaragua,1971,17666,,1.435490608,28643,
Nicaragua,1972,17272,,1.444494843,29974,
Nicaragua,1973,19716,,1.453555703,31992,
Nicaragua,1974,22883,,1.462673306,34830,
Nicaragua,1975,20933,,1.47184813,37153,
Nicaragua,1976,22615,,1.484799623,39375,
Nicaragua,1977,26327,,1.497865081,42650,
Nicaragua,1978,21848,,1.511045456,43681,
Nicaragua,1979,13584,,1.524341941,43023,
Nicaragua,1980,18554, 0.818 ,1.53775537,43543,
Nicaragua,1981,19676, 0.843 ,1.555158973,45930,
Nicaragua,1982,18858, 0.866 ,1.572759509,47271,
Nicaragua,1983,20214, 0.889 ,1.590559363,48733,
Nicaragua,1984,20319, 0.913 ,1.608560562,50072,
Nicaragua,1985,20785, 0.937 ,1.62676549,51662,
Nicaragua,1986,19928, 0.973 ,1.646825433,52370,
Nicaragua,1987,20840, 1.009 ,1.667132497,53482,
Nicaragua,1988,15634, 1.044 ,1.687690139,55707,
Nicaragua,1989,14335, 1.081 ,1.708501101,56417,
Nicaragua,1990,14765, 1.122 ,1.724519491,56428,
Nicaragua,1991,15097, 1.117 ,1.74098599,56229,
Nicaragua,1992,14999, 1.124 ,1.757609725,56603,
Nicaragua,1993,14549, 1.122 ,1.774392128,57011,
Nicaragua,1994,15440, 1.177 ,1.791334867,57700,
Nicaragua,1995,16382, 1.228 ,1.808439374,58448,
Nicaragua,1996,17195, 1.292 ,1.827546835,59570,
Nicaragua,1997,17946, 1.370 ,1.846856117,61074,
Nicaragua,1998,18859, 1.442 ,1.866369486,63006,
Nicaragua,1999,19991, 1.544 ,1.886088967,66002,
Nicaragua,2000,20446, 1.637 ,1.906016707,68239,
Nicaragua,2001,20837, 1.687 ,1.920695543,70416,
Nicaragua,2002,20739, 1.735 ,1.93548739,72459,
Nicaragua,2003,21185, 1.782 ,1.9503932,74629,
Nicaragua,2004,21957, 1.853 ,1.965413809,77162,
Nicaragua,2005,23423, 1.923 ,1.980549932,80197,
Nicaragua,2006,23718, 1.977 ,2.002131462,83100,
Nicaragua,2007,24880, 2.047 ,2.023948431,86386,
Nicaragua,2008,25887, 2.079 ,2.046002865,90113,
Nicaragua,2009,25091, 2.095 ,2.068297625,91966,
Nicaragua,2010,26013, 2.161 ,2.090835333,93844,
Nicaragua,2011,27604, 2.255 ,2.111706018,96580,
Nicaragua,2012,28681, 2.346 ,2.132785082,99794,
Nicaragua,2013,29343, 2.405 ,2.15407443,103389,
Nicaragua,2014,31202, 2.484 ,2.175576448,107134,
Nicaragua,2015,32988, 2.530 ,2.197293043,112082,
Nicaragua,2016,34903, 2.604 ,2.21922636,117777,
Nicaragua,2017,36104, 2.672 ,2.241378546,121736,
Nicaragua,2018,33832, 2.659 ,2.263751984,124142,
Nicaragua,2019,32886, 2.662 ,2.28634882,124762,
Netherlands,1950,90884, 4.249 ,2.424323559,383540,1997.125552
Netherlands,1951,95224, 4.265 ,2.432834148,400245,1982.449017
Netherlands,1952,97526, 4.246 ,2.441375017,415541,1967.880338
Netherlands,1953,105370, 4.324 ,2.449945688,436174,1953.418721
Netherlands,1954,111580, 4.441 ,2.458546162,460649,1939.06338
Netherlands,1955,120987, 4.522 ,2.467177153,489508,1924.813535
Netherlands,1956,125751, 4.592 ,2.470078945,522782,1910.668409
Netherlands,1957,130318, 4.617 ,2.472983837,555003,1896.627233
Netherlands,1958,129923, 4.574 ,2.475892305,580489,1882.689243
Netherlands,1959,137297, 4.621 ,2.478804111,611338,1868.853681
Netherlands,1960,150266, 4.709 ,2.481719255,645338,1855.119795
Netherlands,1961,153739, 4.778 ,2.502988338,680829,1853.447472
Netherlands,1962,160528, 4.874 ,2.524439335,718746,1851.776658
Netherlands,1963,161612, 4.940 ,2.546074152,755325,1850.107349
Netherlands,1964,179942, 5.027 ,2.565306425,803544,1848.439545
Netherlands,1965,187642, 5.070 ,2.580087662,851660,1846.773245
Netherlands,1966,190971, 5.109 ,2.594954252,904924,1845.108447
Netherlands,1967,201355, 5.093 ,2.609906197,961934,1843.44515
Netherlands,1968,214219, 5.141 ,2.624944687,1026315,1841.783352
Netherlands,1969,233795, 5.494 ,2.640069485,1087742,
Netherlands,1970,248212, 5.578 ,2.655281544,1159972,1838.464249
Netherlands,1971,261793, 5.629 ,2.673895359,1209300,1804.925244
Netherlands,1972,272247, 5.601 ,2.692640066,1222660,1803.175244
Netherlands,1973,293228, 5.652 ,2.711515903,1232206,1776.72824
Netherlands,1974,311788, 5.702 ,2.730523825,1248430,1723.163233
Netherlands,1975,316202, 5.702 ,2.74966526,1282497,1669.984226
Netherlands,1976,332509, 5.743 ,2.768940926,1315391,1654.085224
Netherlands,1977,338536, 5.756 ,2.788351774,1345540,1633.827221
Netherlands,1978,347383, 5.835 ,2.807898521,1369254,1605.237217
Netherlands,1979,355309, 5.955 ,2.827582359,1391300,1583.771214
Netherlands,1980,370321, 6.051 ,2.847404242,1406711,1580.838214
Netherlands,1981,359787, 6.013 ,2.862196207,1392936,1580.313214
Netherlands,1982,349888, 5.926 ,2.877065182,1367761,1565.787212
Netherlands,1983,350789, 5.881 ,2.892011166,1339906,1550.84221
Netherlands,1984,357580, 5.935 ,2.907035112,1331903,1542.710209
Netherlands,1985,349436, 6.048 ,2.922136784,1350182,1526.234206
Netherlands,1986,365317, 6.191 ,2.937316895,1386520,1511.273204
Netherlands,1987,369195, 6.321 ,2.95257616,1430413,1489.978201
Netherlands,1988,383594, 6.433 ,2.967914343,1492079,1486.766201
Netherlands,1989,400006, 6.609 ,2.983332634,1562416,1482.0112
Netherlands,1990,425511, 6.808 ,2.998830557,1636163,1476.1852
Netherlands,1991,438812, 6.930 ,3.012903452,1717201,1467.071198
Netherlands,1992,445357, 7.021 ,3.027042389,1796582,1473.485199
Netherlands,1993,459642, 7.049 ,3.041247606,1871458,1463.152198
Netherlands,1994,473038, 7.102 ,3.055519581,1936450,1470.796199
Netherlands,1995,497379, 7.272 ,3.069858313,1993048,1481.5582
Netherlands,1996,518346, 7.436 ,3.084264278,2043694,1496.450404
Netherlands,1997,555264, 7.670 ,3.098738194,2045661,1481.967312
Netherlands,1998,573985, 7.849 ,3.113279819,2041438,1478.721839
Netherlands,1999,618933, 8.067 ,3.127889872,2029179,1477.174053
Netherlands,2000,678721, 8.203 ,3.14256835,2037275,1464.061441
Netherlands,2001,687794, 8.352 ,3.155173779,2000670,1454.07685
Netherlands,2002,690539, 8.407 ,3.167829514,2019219,1436.376646
Netherlands,2003,691591, 8.367 ,3.180536509,2104024,1427.827804
Netherlands,2004,705131, 8.288 ,3.193294287,2183511,1447.895232
Netherlands,2005,801049, 8.364 ,3.206103086,2279614,1433.611871
Netherlands,2006,822050, 8.570 ,3.218963385,2591074,1430.447131
Netherlands,2007,879112, 8.839 ,3.231875181,2861766,1429.172025
Netherlands,2008,915336, 8.981 ,3.244838953,3115387,1428.566237
Netherlands,2009,838618, 8.890 ,3.257854462,3220771,1420.047064
Netherlands,2010,843381, 8.815 ,3.270922422,3763101,1419.633443
Netherlands,2011,863495, 8.879 ,3.284683466,3886851,1420.180237
Netherlands,2012,884192, 8.856 ,3.298502684,4022716,1410.509788
Netherlands,2013,925619, 8.753 ,3.312379837,4346485,1414.698958
Netherlands,2014,882312, 8.739 ,3.326315641,4263356,1425.595301
Netherlands,2015,875123, 8.807 ,3.340310097,4273788,1425.813579
Netherlands,2016,873446, 8.917 ,3.354363203,4307948,1437.309404
Netherlands,2017,923126, 9.098 ,3.368475437,4267051,1436.765644
Netherlands,2018,936939, 9.302 ,3.382647276,4320506,1436.403363
Netherlands,2019,950078, 9.457 ,3.396878481,4403760,1439.731516
Norway,1950,32074, 1.520 ,2.601027489,135185,2129.187466
Norway,1951,33761, 1.522 ,2.598850489,140452,2118.405534
Norway,1952,35425, 1.524 ,2.596675396,146338,2107.678199
Norway,1953,37167, 1.527 ,2.594501972,152823,2097.005187
Norway,1954,38129, 1.529 ,2.592330694,159523,2086.386221
Norway,1955,39356, 1.531 ,2.590160847,166324,2075.821029
Norway,1956,40859, 1.532 ,2.589816093,172700,2065.309337
Norway,1957,42794, 1.533 ,2.589471102,179486,2054.850875
Norway,1958,42475, 1.517 ,2.58912611,186284,2044.445373
Norway,1959,43574, 1.516 ,2.588781595,191828,2034.092564
Norway,1960,44567, 1.529 ,2.588436604,196192,2023.79218
Norway,1961,47076, 1.549 ,2.606439829,202852,2009.408822
Norway,1962,47953, 1.558 ,2.624568462,208737,1995.127688
Norway,1963,49596, 1.564 ,2.642822981,214537,1986.127112
Norway,1964,52644, 1.569 ,2.661204338,220487,1996.127752
Norway,1965,55565, 1.583 ,2.679713726,228716,1951.124872
Norway,1966,57540, 1.589 ,2.69835186,237339,1952.124936
Norway,1967,61154, 1.598 ,2.717119455,248229,1936.123912
Norway,1968,63446, 1.600 ,2.736017704,256575,1897.121416
Norway,1969,65969, 1.614 ,2.75504756,262449,1849.118344
Norway,1970,53454, 1.640 ,2.774209499,273891,1835.117448
Norway,1971,57683, 1.655 ,2.796622992,289336,1814.116103
Norway,1972,63811, 1.674 ,2.819217443,303416,1781.113991
Norway,1973,65775, 1.685 ,2.841994762,317998,1767.113095
Norway,1974,71356, 1.708 ,2.864955902,335084,1745.111687
Norway,1975,79814, 1.736 ,2.888102531,355808,1728.110599
Norway,1976,89674, 1.795 ,2.911436081,377302,1674.470457
Norway,1977,92559, 1.845 ,2.93495822,399465,1638.286334
Norway,1978,100216, 1.876 ,2.958670616,414892,1601.812367
Norway,1979,106572, 1.902 ,2.982574463,418201,1579.915878
Norway,1980,113449, 1.948 ,3.006671429,446449,1580.082136
Norway,1981,114399, 1.973 ,3.026869535,465576,1570.197669
Norway,1982,113194, 1.972 ,3.047203302,484119,1558.763931
Norway,1983,118521, 1.968 ,3.067673445,504060,1552.791878
Norway,1984,125719, 1.983 ,3.088281155,527922,1548.387097
Norway,1985,126781, 2.039 ,3.109027624,552020,1542.422756
Norway,1986,122605, 2.107 ,3.12991333,568032,1538.461538
Norway,1987,125796, 2.149 ,3.150939226,579396,1510.935319
Norway,1988,120676, 2.136 ,3.172106266,588619,1513.336453
Norway,1989,125636, 2.076 ,3.193415642,595056,1510.597303
Norway,1990,139161, 2.061 ,3.214868307,593805,1502.429543
Norway,1991,139556, 2.041 ,3.227318287,593392,1500.490677
Norway,1992,143965, 2.037 ,3.239816427,594107,1510.324484
Norway,1993,145405, 2.051 ,3.252362728,598980,1506.58858
Norway,1994,151117, 2.079 ,3.264957905,607865,1504.573905
Norway,1995,162929, 2.124 ,3.277601719,620797,1487.735849
Norway,1996,183345, 2.169 ,3.290294647,652695,1482.200647
Norway,1997,193807, 2.233 ,3.30303669,667274,1477.538185
Norway,1998,184895, 2.293 ,3.315827847,679396,1475.71116
Norway,1999,206082, 2.312 ,3.328668833,687052,1474.848222
Norway,2000,253680, 2.324 ,3.34155941,689604,1456.465517
Norway,2001,256791, 2.340 ,3.3641994,695311,1423.982869
Norway,2002,247475, 2.327 ,3.386992455,689801,1406.80155
Norway,2003,266350, 2.290 ,3.409940243,709587,1389.423077
Norway,2004,284456, 2.297 ,3.433043242,754858,1404.969486
Norway,2005,353369, 2.322 ,3.45630312,819341,1406.384814
Norway,2006,385067, 2.398 ,3.479720592,899928,1399.665552
Norway,2007,391365, 2.490 ,3.503296375,952110,1405.231388
Norway,2008,445013, 2.565 ,3.527032137,1052926,1406.786271
Norway,2009,375852, 2.554 ,3.550928593,1166978,1387.084149
Norway,2010,408092, 2.545 ,3.574987173,1254159,1395.367099
Norway,2011,448747, 2.581 ,3.584643841,1308552,1400.154799
Norway,2012,474552, 2.634 ,3.594326735,1441517,1396.283656
Norway,2013,464939, 2.666 ,3.604035616,1492926,1386.72168
Norway,2014,436630, 2.696 ,3.613770962,1541629,1389.383816
Norway,2015,368037, 2.713 ,3.623532772,1548071,1391.946805
Norway,2016,353196, 2.723 ,3.63332057,1573694,1394.475138
Norway,2017,368650, 2.757 ,3.643134832,1549371,1380.779032
Norway,2018,401660, 2.805 ,3.652975798,1587244,1382.52149
Norway,2019,396254, 2.854 ,3.662843227,1634139,1384.073291
Nepal,1950,,,,,
Nepal,1951,,,,,
Nepal,1952,,,,,
Nepal,1953,,,,,
Nepal,1954,,,,,
Nepal,1955,,,,,
Nepal,1956,,,,,
Nepal,1957,,,,,
Nepal,1958,,,,,
Nepal,1959,,,,,
Nepal,1960,7745,,1.010676265,3397,
Nepal,1961,7724,,1.012739897,3479,
Nepal,1962,7932,,1.01480782,3579,
Nepal,1963,8007,,1.016879916,3731,
Nepal,1964,8853,,1.018956184,4059,
Nepal,1965,8707,,1.021036744,4314,
Nepal,1966,9368,,1.023566723,4505,
Nepal,1967,9118,,1.02610302,4716,
Nepal,1968,9163,,1.028645635,4940,
Nepal,1969,9658,,1.031194448,5112,
Nepal,1970,10216,,1.03374958,5466,
Nepal,1971,9985,,1.039106727,5902,
Nepal,1972,10364,,1.044491529,6308,
Nepal,1973,10230,,1.049904227,6834,
Nepal,1974,10711,,1.055345058,7378,
Nepal,1975,10882,,1.060814023,8296,
Nepal,1976,11340,,1.066333055,9236,
Nepal,1977,11612,,1.071880817,10253,
Nepal,1978,12072,,1.077457547,11426,
Nepal,1979,12680,,1.083063126,12422,
Nepal,1980,12077, 5.746 ,1.08869803,13421,
Nepal,1981,13399, 5.876 ,1.106513381,14631,
Nepal,1982,14204, 6.028 ,1.124620318,16096,
Nepal,1983,14783, 6.185 ,1.143023491,17548,
Nepal,1984,15824, 6.356 ,1.161727905,18937,
Nepal,1985,16511, 6.521 ,1.18073833,20743,
Nepal,1986,17586, 6.689 ,1.205533862,22470,
Nepal,1987,17871, 6.861 ,1.230850101,24893,
Nepal,1988,19274, 7.040 ,1.256698012,28222,
Nepal,1989,20901, 7.232 ,1.283088684,32304,
Nepal,1990,21512, 7.441 ,1.31003356,37071,
Nepal,1991,23366, 7.650 ,1.317791224,43830,
Nepal,1992,23713, 7.882 ,1.325594783,52799,
Nepal,1993,25576, 8.131 ,1.333444476,64673,
Nepal,1994,30844, 8.392 ,1.34134078,78758,
Nepal,1995,32986, 8.653 ,1.349283814,93226,
Nepal,1996,35941, 8.863 ,1.354193568,104245,
Nepal,1997,36038, 9.067 ,1.359121084,109277,
Nepal,1998,34845, 9.266 ,1.36406672,111189,
Nepal,1999,34792, 9.464 ,1.369030237,109566,
Nepal,2000,35564, 9.755 ,1.374011874,108022,
Nepal,2001,33901, 10.044 ,1.389999866,108029,
Nepal,2002,33798, 10.327 ,1.406173825,109171,
Nepal,2003,37222, 10.611 ,1.422536016,111404,
Nepal,2004,36162, 10.893 ,1.439088702,115454,
Nepal,2005,36630, 11.172 ,1.455833912,121447,
Nepal,2006,38618, 11.500 ,1.475926042,130581,
Nepal,2007,41170, 11.813 ,1.496295571,142526,
Nepal,2008,45412, 12.098 ,1.516946077,157116,
Nepal,2009,51498, 12.366 ,1.537881732,172011,
Nepal,2010,57221, 12.620 ,1.559106231,187521,
Nepal,2011,62788, 12.796 ,1.590224028,200303,
Nepal,2012,68951, 12.964 ,1.621962905,207474,
Nepal,2013,71990, 13.144 ,1.65433526,216468,
Nepal,2014,76659, 13.363 ,1.68735373,223189,
Nepal,2015,76448, 13.628 ,1.718099236,247659,
Nepal,2016,79904, 14.098 ,1.743882537,260076,
Nepal,2017,90584, 14.622 ,1.770052791,284917,
Nepal,2018,97407, 15.180 ,1.79661572,309140,
Nepal,2019,103879, 15.653 ,1.823577166,334690,
New Zealand,1950,22753, 0.843 ,2.730101824,45750,
New Zealand,1951,20920, 0.851 ,2.743335247,48610,
New Zealand,1952,21923, 0.880 ,2.756632805,51159,
New Zealand,1953,22712, 0.891 ,2.769994974,53099,
New Zealand,1954,24965, 0.911 ,2.783421755,57003,
New Zealand,1955,25894, 0.925 ,2.796913624,60454,
New Zealand,1956,26501, 0.942 ,2.807188272,63568,
New Zealand,1957,27672, 0.961 ,2.817500591,66922,
New Zealand,1958,28662, 0.977 ,2.827850819,69996,
New Zealand,1959,30032, 0.993 ,2.838239193,73089,
New Zealand,1960,33938, 1.008 ,2.848665476,76089,
New Zealand,1961,36006, 1.029 ,2.860570431,79947,
New Zealand,1962,37035, 1.053 ,2.872525454,83222,
New Zealand,1963,39175, 1.069 ,2.884530067,87084,
New Zealand,1964,40890, 1.098 ,2.896584988,91962,
New Zealand,1965,43467, 1.132 ,2.908690214,98304,
New Zealand,1966,46283, 1.174 ,2.94110322,104984,
New Zealand,1967,44184, 1.208 ,2.973876953,108949,
New Zealand,1968,44143, 1.210 ,3.007016182,111257,
New Zealand,1969,48746, 1.214 ,3.040524483,115413,
New Zealand,1970,47658, 1.244 ,3.074406147,120077,1866.592876
New Zealand,1971,50087, 1.281 ,3.101347685,125754,1863.378595
New Zealand,1972,52946, 1.298 ,3.128525257,132550,1848.914334
New Zealand,1973,57065, 1.323 ,3.155941248,139889,1846.60407
New Zealand,1974,59255, 1.371 ,3.183597088,150002,1855.041555
New Zealand,1975,58162, 1.407 ,3.211495399,157166,1839.271492
New Zealand,1976,59792, 1.419 ,3.210280657,161261,1836.057212
New Zealand,1977,57461, 1.423 ,3.209066391,168885,1841.48131
New Zealand,1978,57101, 1.514 ,3.207852602,169994,1832.642039
New Zealand,1979,56873, 1.524 ,3.20663929,173199,1823.400983
New Zealand,1980,57398, 1.536 ,3.205426216,176574,1812.552787
New Zealand,1981,59287, 1.512 ,3.214575529,183562,1794.47246
New Zealand,1982,59821, 1.522 ,3.22375083,191086,1801.805037
New Zealand,1983,63303, 1.512 ,3.232952356,196734,1855.443341
New Zealand,1984,66246, 1.519 ,3.242180109,204501,1848.914334
New Zealand,1985,65314, 1.569 ,3.251434326,213682,1842.887558
New Zealand,1986,70034, 1.587 ,3.252360582,219568,1836.559443
New Zealand,1987,73215, 1.597 ,3.253287077,228616,1840.936365
New Zealand,1988,76799, 1.552 ,3.25421381,238398,1832.294354
New Zealand,1989,77490, 1.510 ,3.255140781,249949,1819.499407
New Zealand,1990,78282, 1.521 ,3.256067991,260993,1808.294383
New Zealand,1991,76633, 1.499 ,3.258379698,269582,1795.998899
New Zealand,1992,78759, 1.511 ,3.260693073,279720,1804.71957
New Zealand,1993,84715, 1.550 ,3.263008118,293125,1857.007432
New Zealand,1994,90232, 1.621 ,3.265324593,308407,1851.465726
New Zealand,1995,95076, 1.694 ,3.267642975,322963,1845.452593
New Zealand,1996,99899, 1.742 ,3.268195152,333095,1838.873024
New Zealand,1997,103494, 1.750 ,3.268747568,323551,1823.386362
New Zealand,1998,105358, 1.741 ,3.269300222,312316,1824.110091
New Zealand,1999,112384, 1.774 ,3.269852877,303271,1840.175225
New Zealand,2000,114185, 1.818 ,3.270405531,311921,1836.362251
New Zealand,2001,117715, 1.867 ,3.272396088,323244,1820.935259
New Zealand,2002,121113, 1.919 ,3.274387836,336785,1820.759721
New Zealand,2003,125021, 1.962 ,3.276380777,342283,1818.169308
New Zealand,2004,126245, 2.035 ,3.27837491,350206,1832.763003
New Zealand,2005,131603, 2.099 ,3.280370474,359804,1812.742207
New Zealand,2006,133496, 2.150 ,3.264785767,379063,1796.370826
New Zealand,2007,142954, 2.193 ,3.249274969,398412,1777.80475
New Zealand,2008,144424, 2.216 ,3.233838081,413642,1759.581917
New Zealand,2009,146116, 2.174 ,3.218474388,430199,1741.753749
New Zealand,2010,152529, 2.187 ,3.203183889,447596,1759.790126
New Zealand,2011,160364, 2.233 ,3.225219965,468455,1746.317617
New Zealand,2012,161027, 2.238 ,3.247407675,503574,1739.557872
New Zealand,2013,165786, 2.280 ,3.269747972,542953,1756.734812
New Zealand,2014,169936, 2.339 ,3.292242289,589031,1756.554147
New Zealand,2015,171019, 2.365 ,3.314890862,577369,1750.863285
New Zealand,2016,180494, 2.416 ,3.33769536,602900,1764.129656
New Zealand,2017,186806, 2.494 ,3.360656977,570425,1752.574944
New Zealand,2018,190333, 2.519 ,3.383776426,588362,1769.084986
New Zealand,2019,198605, 2.506 ,3.40705514,607063,1778.984431
Oman,1950,,,,,
Oman,1951,,,,,
Oman,1952,,,,,
Oman,1953,,,,,
Oman,1954,,,,,
Oman,1955,,,,,
Oman,1956,,,,,
Oman,1957,,,,,
Oman,1958,,,,,
Oman,1959,,,,,
Oman,1960,,,,,
Oman,1961,,,,,
Oman,1962,,,,,
Oman,1963,,,,,
Oman,1964,,,,,
Oman,1965,,,,,
Oman,1966,,,,,
Oman,1967,,,,,
Oman,1968,,,,,
Oman,1969,,,,,
Oman,1970,5174, 0.110 ,,8855,
Oman,1971,5228, 0.114 ,,9419,
Oman,1972,5713, 0.119 ,,10018,
Oman,1973,4911, 0.124 ,,10429,
Oman,1974,6288, 0.130 ,,11186,
Oman,1975,8102, 0.136 ,,12289,
Oman,1976,9645, 0.144 ,,13562,
Oman,1977,11339, 0.163 ,,15102,
Oman,1978,13014, 0.175 ,,16906,
Oman,1979,14080, 0.195 ,,18668,
Oman,1980,15357, 0.226 ,,20444,
Oman,1981,17980, 0.269 ,,22791,
Oman,1982,18858, 0.299 ,,25528,
Oman,1983,20960, 0.377 ,,28057,
Oman,1984,23170, 0.431 ,,30946,
Oman,1985,25031, 0.450 ,,34684,
Oman,1986,19338, 0.426 ,,37693,
Oman,1987,21229, 0.408 ,,38729,
Oman,1988,17274, 0.451 ,,39548,
Oman,1989,21120, 0.466 ,,40398,
Oman,1990,24784, 0.494 ,,41444,
Oman,1991,22862, 0.589 ,,42550,
Oman,1992,26009, 0.638 ,,44220,
Oman,1993,25229, 0.687 ,,46441,
Oman,1994,24496, 0.737 ,,47901,
Oman,1995,28261, 0.777 ,,49198,
Oman,1996,31187, 0.778 ,,50335,
Oman,1997,32706, 0.770 ,,53659,
Oman,1998,30222, 0.760 ,,60191,
Oman,1999,35911, 0.757 ,,67463,
Oman,2000,44622, 0.760 ,,76529,
Oman,2001,49455, 0.775 ,,89792,
Oman,2002,49958, 0.800 ,,107738,
Oman,2003,58973, 0.835 ,,133094,
Oman,2004,72956, 0.874 ,,164972,
Oman,2005,81677, 0.920 ,,196721,
Oman,2006,111392, 0.983 ,,228728,
Oman,2007,125763, 1.056 ,,268935,
Oman,2008,155077, 1.142 ,,325480,
Oman,2009,130913, 1.232 ,,381666,
Oman,2010,145865, 1.361 ,,427915,
Oman,2011,169208, 1.523 ,,468455,
Oman,2012,185715, 1.709 ,,481755,
Oman,2013,192940, 1.912 ,,526383,
Oman,2014,175003, 2.122 ,,538879,
Oman,2015,149519, 2.314 ,,622036,
Oman,2016,145109, 2.456 ,,677343,
Oman,2017,145009, 2.580 ,,686690,
Oman,2018,155122, 2.683 ,,727508,
Oman,2019,152848, 2.779 ,,768285,
Pakistan,1950,48223, 12.133 ,1.119964838,29503,
Pakistan,1951,49142, 12.284 ,1.120274186,30527,
Pakistan,1952,48278, 12.437 ,1.120583534,32132,
Pakistan,1953,50358, 12.593 ,1.120893121,33978,
Pakistan,1954,50824, 12.752 ,1.121202707,35795,
Pakistan,1955,50089, 12.913 ,1.121512294,37741,
Pakistan,1956,53635, 13.079 ,1.121679544,39316,
Pakistan,1957,53709, 13.249 ,1.121846914,41363,
Pakistan,1958,53838, 13.424 ,1.122014165,43614,
Pakistan,1959,58038, 13.604 ,1.122181535,46367,
Pakistan,1960,58358, 13.788 ,1.122348905,51798,
Pakistan,1961,60863, 14.082 ,1.129726887,57817,
Pakistan,1962,64854, 14.385 ,1.137153506,64860,
Pakistan,1963,69270, 14.696 ,1.144628763,73907,
Pakistan,1964,74541, 15.014 ,1.152153254,83427,
Pakistan,1965,81702, 15.340 ,1.159727216,94758,
Pakistan,1966,90188, 15.673 ,1.166064143,103997,
Pakistan,1967,91910, 16.013 ,1.172435522,112720,
Pakistan,1968,96706, 16.361 ,1.178841829,119243,
Pakistan,1969,104407, 16.717 ,1.185283065,124902,
Pakistan,1970,114706, 17.248 ,1.191759586,134244,2241.681599
Pakistan,1971,117092, 17.326 ,1.199490309,141947,2239.416302
Pakistan,1972,119913, 18.665 ,1.207271338,148229,2241.001045
Pakistan,1973,126188, 19.226 ,1.215102673,154055,2239.391378
Pakistan,1974,131172, 19.543 ,1.22298491,161490,2237.617541
Pakistan,1975,136103, 19.787 ,1.230918288,169195,2234.988497
Pakistan,1976,143513, 20.376 ,1.237585425,178795,2230.099577
Pakistan,1977,147896, 20.984 ,1.244288564,186905,2225.816514
Pakistan,1978,157939, 21.621 ,1.251028061,193380,2222.162259
Pakistan,1979,164845, 22.599 ,1.257804036,200129,2218.025531
Pakistan,1980,176910, 23.291 ,1.264616728,205041,2220.187302
Pakistan,1981,187843, 24.003 ,1.276185751,205993,2174.68885
Pakistan,1982,197241, 24.745 ,1.287860513,204307,2178.453111
Pakistan,1983,209838, 24.741 ,1.299642086,203392,2186.140524
Pakistan,1984,222201, 25.508 ,1.311531425,206097,2189.912827
Pakistan,1985,236354, 25.798 ,1.323529601,215227,2206.774692
Pakistan,1986,243657, 25.867 ,1.330360293,228398,2203.475905
Pakistan,1987,259489, 27.465 ,1.337226152,243412,2188.148836
Pakistan,1988,277762, 27.744 ,1.344127417,259358,2202.260601
Pakistan,1989,290711, 27.800 ,1.351064444,278633,2203.78831
Pakistan,1990,297547, 28.512 ,1.358037114,302605,2205.631763
Pakistan,1991,298364, 27.444 ,1.375899196,327004,2205.463396
Pakistan,1992,317333, 28.144 ,1.393996119,356843,2191.657205
Pakistan,1993,327528, 28.603 ,1.412331104,389775,2194.676277
Pakistan,1994,331803, 29.613 ,1.430907249,422032,2191.872363
Pakistan,1995,352035, 29.809 ,1.449727654,455019,2208.628638
Pakistan,1996,373045, 31.093 ,1.469274759,486855,2206.706672
Pakistan,1997,372389, 32.506 ,1.489085555,509682,2199.747746
Pakistan,1998,388392, 33.563 ,1.50916326,526633,2177.577558
Pakistan,1999,397869, 34.874 ,1.529511809,538203,2179.195425
Pakistan,2000,409861, 36.320 ,1.550134659,552776,2186.43677
Pakistan,2001,413115, 37.911 ,1.602514863,574456,2178.356192
Pakistan,2002,430874, 39.600 ,1.656665087,600275,2169.929183
Pakistan,2003,444675, 40.747 ,1.711785316,632933,2183.730807
Pakistan,2004,481927, 41.979 ,1.755204082,669557,2176.870137
Pakistan,2005,534467, 44.460 ,1.799724221,722398,2164.000895
Pakistan,2006,589117, 46.917 ,1.797615409,799581,2131.496631
Pakistan,2007,633686, 47.617 ,1.795508981,893727,2135.804359
Pakistan,2008,671476, 49.041 ,1.793405294,1010974,2128.708118
Pakistan,2009,709218, 50.790 ,1.791303873,1133118,2109.135278
Pakistan,2010,754369, 53.120 ,1.789204955,1253401,2127.923444
Pakistan,2011,818676, 53.835 ,1.787124753,1333814,2114.874235
Pakistan,2012,844425, 55.017 ,1.785052299,1396963,2101.502112
Pakistan,2013,848085, 56.004 ,1.782987595,1414897,2088.753034
Pakistan,2014,876362, 56.520 ,1.780930758,1473864,2058.523925
Pakistan,2015,927241, 57.420 ,1.778881311,1533487,2026.977697
Pakistan,2016,934094, 58.810 ,1.776839733,1536931,1997.125812
Pakistan,2017,986243, 60.251 ,1.774805784,1563952,1966.90718
Pakistan,2018,1052083, 61.704 ,1.772779346,1625235,1966.90718
Pakistan,2019,1088503, 63.085 ,1.770760417,1669777,1966.90718
Panama,1950,1922,,1.664753675,2386,
Panama,1951,1902,,1.676398754,2491,
Panama,1952,2050,,1.688125134,2609,
Panama,1953,2194,,1.699933529,2821,
Panama,1954,2332,,1.711167216,2969,
Panama,1955,2502,,1.720181227,3149,
Panama,1956,2601,,1.73608923,3397,
Panama,1957,2879,,1.752144337,3631,
Panama,1958,2915,,1.768347859,3911,
Panama,1959,3099,,1.784701228,4239,
Panama,1960,3289,,1.801205873,4511,
Panama,1961,3651,,1.812563896,4886,
Panama,1962,3968,,1.823993683,5325,
Panama,1963,4286,,1.835495591,5820,
Panama,1964,4504,,1.84706986,6231,
Panama,1965,4912,,1.858717084,6704,
Panama,1966,5291,,1.87043798,7398,
Panama,1967,5790,,1.882232666,8102,
Panama,1968,6209,,1.89410162,8903,
Panama,1969,6775, 0.420 ,1.906045556,9836,
Panama,1970,8087, 0.434 ,1.918064713,11342,
Panama,1971,8992, 0.441 ,1.935788155,12950,
Panama,1972,9551, 0.455 ,1.953675508,14961,
Panama,1973,10033, 0.464 ,1.971728086,16843,
Panama,1974,10602, 0.487 ,1.989947438,18401,
Panama,1975,10799, 0.461 ,2.008335114,20066,
Panama,1976,10886, 0.472 ,2.026892662,21650,
Panama,1977,10809, 0.470 ,2.045621872,22330,
Panama,1978,11657, 0.499 ,2.064523935,23351,
Panama,1979,12136, 0.527 ,2.08360076,24367,
Panama,1980,13404, 0.538 ,2.102854013,25771,
Panama,1981,14454, 0.550 ,2.128383636,27850,
Panama,1982,14414, 0.561 ,2.154223204,29868,
Panama,1983,15342, 0.597 ,2.18037653,30603,
Panama,1984,15229, 0.614 ,2.206847191,31058,
Panama,1985,14770, 0.627 ,2.233639479,31480,
Panama,1986,16402, 0.644 ,2.260756969,32291,
Panama,1987,17677, 0.678 ,2.288203716,33311,
Panama,1988,15779, 0.654 ,2.315983534,32821,
Panama,1989,15885, 0.686 ,2.344100714,32108,
Panama,1990,17178, 0.701 ,2.372559309,31676,
Panama,1991,19142, 0.715 ,2.394797564,32263,
Panama,1992,20527, 0.782 ,2.417244196,33846,
Panama,1993,21385, 0.816 ,2.439901352,36660,
Panama,1994,21965, 0.832 ,2.462770939,39568,
Panama,1995,21822, 0.867 ,2.485854864,42738,
Panama,1996,23141, 0.867 ,2.509155035,45737,
Panama,1997,25606, 0.909 ,2.532673597,49045,
Panama,1998,27817, 0.937 ,2.556412697,53148,
Panama,1999,28733, 0.961 ,2.573693514,57650,
Panama,2000,30396, 0.940 ,2.589910269,61512,
Panama,2001,30974, 0.984 ,2.605596304,63981,
Panama,2002,32624, 1.049 ,2.621377468,66433,
Panama,2003,36499, 1.081 ,2.637254,70223,
Panama,2004,37287, 1.135 ,2.653226852,75005,
Panama,2005,46041, 1.188 ,2.669296503,80616,
Panama,2006,50373, 1.211 ,2.68546319,87682,
Panama,2007,47282, 1.264 ,2.701727867,98744,
Panama,2008,52350, 1.422 ,2.718091249,113277,
Panama,2009,54310, 1.441 ,2.734553814,127509,
Panama,2010,59502, 1.455 ,2.751115799,143845,
Panama,2011,68095, 1.538 ,2.766025066,162881,
Panama,2012,77308, 1.617 ,2.781015396,192076,
Panama,2013,84138, 1.672 ,2.796086788,225417,
Panama,2014,92403, 1.695 ,2.811239958,268312,
Panama,2015,98365, 1.734 ,2.826475143,316195,
Panama,2016,107763, 1.771 ,2.84179306,366965,
Panama,2017,120982, 1.786 ,2.857193708,430519,
Panama,2018,124973, 1.867 ,2.872678041,471410,
Panama,2019,126883, 1.920 ,2.888246298,510780,
Peru,1950,17524, 2.637 ,1.389781237,22481,2508.684086
Peru,1951,18886, 2.685 ,1.399023175,24481,2496.584594
Peru,1952,19962, 2.738 ,1.408326507,26747,2484.543459
Peru,1953,21008, 2.793 ,1.417691708,28972,2472.560399
Peru,1954,22388, 2.850 ,1.427119255,30487,2460.635133
Peru,1955,23590, 2.909 ,1.436609387,32483,2448.767384
Peru,1956,24409, 2.970 ,1.444636345,34925,2436.956874
Peru,1957,26370, 3.034 ,1.452708006,37603,2425.203326
Peru,1958,26070, 3.099 ,1.460824728,39506,2413.506465
Peru,1959,26634, 3.167 ,1.468986869,40768,2401.86602
Peru,1960,29417, 3.237 ,1.477194667,42371,2390.281716
Peru,1961,31510, 3.294 ,1.490579844,44219,2378.753285
Peru,1962,34308, 3.352 ,1.504086375,46462,2367.280455
Peru,1963,36247, 3.410 ,1.517715216,48350,2355.862959
Peru,1964,38659, 3.470 ,1.531467676,50238,2344.500531
Peru,1965,41211, 3.534 ,1.545344591,52437,2333.192904
Peru,1966,44325, 3.597 ,1.562959433,55457,2321.939814
Peru,1967,46536, 3.662 ,1.580775142,58128,2310.740998
Peru,1968,46411, 3.728 ,1.598793864,59141,2299.596195
Peru,1969,48636, 3.796 ,1.617017865,60387,2288.505143
Peru,1970,51448, 3.964 ,1.635449767,61348,2277.467584
Peru,1971,54619, 4.138 ,1.669768095,63575,2266.48326
Peru,1972,56063, 4.309 ,1.704806447,65477,2255.551913
Peru,1973,60862, 4.479 ,1.732788324,69379,2244.673289
Peru,1974,66299, 4.669 ,1.760124445,75555,2237.43081
Peru,1975,69605, 4.782 ,1.787891746,81005,2230.211699
Peru,1976,70196, 4.916 ,1.817886949,84600,2223.01588
Peru,1977,69137, 5.016 ,1.848385215,87234,2215.843279
Peru,1978,67113, 5.117 ,1.879395247,89093,2208.69382
Peru,1979,68515, 5.231 ,1.910925508,92390,2201.56743
Peru,1980,75022, 5.426 ,1.9429847,98157,2194.464032
Peru,1981,81246, 5.642 ,1.965041757,107607,2187.383554
Peru,1982,81844, 5.822 ,1.987349153,117317,2180.325921
Peru,1983,75795, 6.113 ,2.009909868,123014,2173.29106
Peru,1984,79078, 6.329 ,2.032726526,129939,2166.278897
Peru,1985,79232, 6.477 ,2.055802345,137675,2159.289359
Peru,1986,91170, 7.028 ,2.084782839,149207,2152.322372
Peru,1987,102143, 7.294 ,2.114171743,165897,2145.377865
Peru,1988,96779, 7.332 ,2.143974781,184095,2138.455764
Peru,1989,80728, 7.504 ,2.174198151,200991,2131.555998
Peru,1990,81678, 7.723 ,2.204847336,223465,2124.678494
Peru,1991,85248, 8.248 ,2.237382412,252425,2120.477279
Peru,1992,87243, 8.249 ,2.270397425,279515,2126.325148
Peru,1993,93249, 8.504 ,2.303899527,313308,2119.629407
Peru,1994,108864, 8.960 ,2.33789587,355575,2117.724083
Peru,1995,122095, 9.450 ,2.372394085,399840,2117.344182
Peru,1996,129022, 9.839 ,2.422124147,433196,2112.009061
Peru,1997,137775, 10.084 ,2.472896576,463779,2111.495876
Peru,1998,135011, 10.530 ,2.524733067,491991,2104.992582
Peru,1999,134968, 10.854 ,2.571867943,509453,2101.355151
Peru,2000,138681, 11.320 ,2.608041525,523973,2101.234684
Peru,2001,139490, 11.484 ,2.640820503,538192,2100.584928
Peru,2002,148093, 11.723 ,2.67401123,553594,2098.308169
Peru,2003,157277, 11.922 ,2.707619429,570116,2100.921209
Peru,2004,169809, 12.220 ,2.741649628,589251,2099.539576
Peru,2005,187479, 12.480 ,2.776107788,613076,2100.569388
Peru,2006,212091, 12.900 ,2.757003307,639436,2100.764596
Peru,2007,235236, 13.269 ,2.738030195,668659,2116.982286
Peru,2008,257569, 13.563 ,2.719187737,710270,2123.133095
Peru,2009,258068, 13.867 ,2.700474739,740891,2123.404334
Peru,2010,293563, 14.223 ,2.681890726,785215,2132.456851
Peru,2011,322561, 14.579 ,2.698859453,841009,2132.875305
Peru,2012,341304, 14.942 ,2.71593523,918216,2134.473034
Peru,2013,349840, 15.207 ,2.733119011,995906,2137.358219
Peru,2014,353985, 15.560 ,2.750411749,1073832,2134.607513
Peru,2015,355357, 15.888 ,2.767813683,1156694,2133.84167
Peru,2016,363308, 16.056 ,2.785326004,1231832,2139.421772
Peru,2017,375968, 16.347 ,2.802948952,1316895,2139.601759
Peru,2018,388934, 16.650 ,2.820683479,1372680,2139.601759
Peru,2019,397821, 16.890 ,2.838530064,1433935,2139.601759
Philippines,1950,28958, 6.609 ,1.287236094,81399,
Philippines,1951,29760, 6.797 ,1.316660762,84702,
Philippines,1952,32555, 6.992 ,1.346758127,88922,
Philippines,1953,36324, 7.191 ,1.377543449,95150,
Philippines,1954,39030, 7.396 ,1.409032464,101451,
Philippines,1955,42259, 7.607 ,1.441241264,107704,
Philippines,1956,43869, 7.824 ,1.452361822,113678,
Philippines,1957,46697, 7.916 ,1.463568091,120524,
Philippines,1958,48452, 8.359 ,1.474860907,127231,
Philippines,1959,53415, 8.505 ,1.486240864,135506,
Philippines,1960,53555, 8.342 ,1.497708559,140894,
Philippines,1961,56192, 9.032 ,1.516836166,148086,
Philippines,1962,60515, 9.420 ,1.536208272,154936,
Philippines,1963,64212, 9.808 ,1.555827618,164556,
Philippines,1964,65625, 10.328 ,1.57569766,175483,
Philippines,1965,68698, 10.084 ,1.595821381,186545,
Philippines,1966,71612, 10.731 ,1.619098783,197310,
Philippines,1967,73231, 11.260 ,1.642715693,209245,
Philippines,1968,77989, 11.211 ,1.666677237,220481,
Philippines,1969,82291, 10.976 ,1.690988064,231782,
Philippines,1970,87710, 11.096 ,1.714051366,239938,2112.94576
Philippines,1971,93397, 12.254 ,1.734003782,234948,2115.551412
Philippines,1972,99098, 12.291 ,1.754188418,214813,2117.795545
Philippines,1973,107739, 13.545 ,1.774608016,195554,2107.331956
Philippines,1974,114758, 13.507 ,1.795265317,185168,2117.800086
Philippines,1975,125186, 14.183 ,1.816163063,191530,2121.594899
Philippines,1976,133442, 13.909 ,1.845387101,207213,2123.808402
Philippines,1977,138047, 14.004 ,1.87508142,223811,2159.951725
Philippines,1978,147050, 15.747 ,1.905253649,242181,2135.341801
Philippines,1979,150533, 15.891 ,1.935911298,265031,2134.464244
Philippines,1980,165462, 16.055 ,1.967062235,286120,2133.5128
Philippines,1981,173648, 17.048 ,1.999730468,309918,2134.425822
Philippines,1982,182450, 16.969 ,2.032941103,332712,2130.363931
Philippines,1983,184145, 18.769 ,2.066703558,356811,2140.723629
Philippines,1984,172408, 19.180 ,2.101026535,373515,2171.549636
Philippines,1985,163273, 19.340 ,2.135919571,378524,2172.676251
Philippines,1986,173339, 20.121 ,2.152556658,387034,2170.509448
Philippines,1987,191316, 20.315 ,2.169323206,402604,2179.306299
Philippines,1988,212067, 21.001 ,2.186220169,431070,2187.586592
Philippines,1989,231551, 21.345 ,2.203248978,471984,2197.496132
Philippines,1990,253961, 22.012 ,2.220410347,529809,2191.850747
Philippines,1991,259688, 22.449 ,2.244096518,587216,2176.25022
Philippines,1992,272281, 23.365 ,2.268035173,653034,2176.111048
Philippines,1993,289679, 23.879 ,2.292229176,726761,2136.093641
Philippines,1994,323274, 24.585 ,2.316681385,804517,2149.9869
Philippines,1995,357414, 25.105 ,2.341394186,876875,2130.213941
Philippines,1996,390627, 26.809 ,2.361701012,936762,2094.384317
Philippines,1997,384086, 27.245 ,2.382184029,978756,2146.593528
Philippines,1998,353017, 27.610 ,2.402844667,987874,2105.026705
Philippines,1999,344107, 28.334 ,2.42368412,977592,2115.579873
Philippines,2000,354156, 28.347 ,2.444704771,970085,2160.453679
Philippines,2001,357339, 29.151 ,2.460057735,961962,2067.629909
Philippines,2002,362433, 29.924 ,2.475507259,968141,2061.255751
Philippines,2003,371442, 30.642 ,2.491053581,990860,2077.352581
Philippines,2004,382399, 31.612 ,2.506697655,1020527,2084.007998
Philippines,2005,397555, 31.799 ,2.522439957,1071817,2103.090545
Philippines,2006,416798, 32.589 ,2.539097786,1151164,2077.185834
Philippines,2007,448819, 33.764 ,2.555865765,1274327,2092.114214
Philippines,2008,478224, 34.089 ,2.568567276,1443506,2112.77909
Philippines,2009,496690, 35.097 ,2.579975128,1630743,2117.418143
Philippines,2010,546331, 36.147 ,2.591434002,1827380,2124.379769
Philippines,2011,596160, 37.080 ,2.604868174,1968189,2127.208306
Philippines,2012,640257, 37.713 ,2.618371964,1978458,2131.92488
Philippines,2013,664862, 38.118 ,2.631946087,1989858,2140.264877
Philippines,2014,692098, 38.574 ,2.645590305,2010676,2142.983213
Philippines,2015,723858, 38.741 ,2.659305334,2085411,2149.714227
Philippines,2016,783427, 40.995 ,2.673091412,2173936,2159.475031
Philippines,2017,826499, 40.334 ,2.686949015,2245853,2168.2965
Philippines,2018,877652, 41.153 ,2.70087862,2446150,2168.2965
Philippines,2019,913427, 42.425 ,2.714880228,2640883,2168.2965
Poland,1950,,,,,
Poland,1951,,,,,
Poland,1952,,,,,
Poland,1953,,,,,
Poland,1954,,,,,
Poland,1955,,,,,
Poland,1956,,,,,
Poland,1957,,,,,
Poland,1958,,,,,
Poland,1959,,,,,
Poland,1960,,,,,
Poland,1961,,,,,
Poland,1962,,,,,
Poland,1963,,,,,
Poland,1964,,,,,
Poland,1965,,,,,
Poland,1966,,,,,
Poland,1967,,,,,
Poland,1968,,,,,
Poland,1969,,,,,
Poland,1970,188764, 14.167 ,2.300458193,276278,
Poland,1971,202702, 14.423 ,2.332807064,308715,
Poland,1972,212481, 14.775 ,2.365610838,341134,
Poland,1973,221769, 15.077 ,2.398875952,372767,
Poland,1974,237731, 15.328 ,2.432608843,406749,
Poland,1975,251015, 15.419 ,2.466815948,442893,
Poland,1976,258981, 15.381 ,2.472627401,471023,
Poland,1977,266783, 15.458 ,2.478452682,488256,
Poland,1978,270596, 15.898 ,2.484291792,501569,
Poland,1979,272529, 16.008 ,2.490144491,520297,
Poland,1980,246228, 16.109 ,2.496011019,551598,
Poland,1981,232802, 16.196 ,2.522981882,595407,
Poland,1982,230387, 15.810 ,2.550244331,662670,
Poland,1983,250726, 15.764 ,2.571965456,751760,
Poland,1984,274674, 15.797 ,2.590643644,855103,
Poland,1985,296218, 15.911 ,2.609457731,930051,
Poland,1986,316173, 15.934 ,2.633560419,966844,
Poland,1987,332220, 15.862 ,2.65788579,997383,
Poland,1988,354207, 15.767 ,2.682435989,1026483,
Poland,1989,370817, 15.761 ,2.707212925,1043544,
Poland,1990,324731, 15.083 ,2.732218504,1051911,
Poland,1991,323445, 14.195 ,2.764779568,1053516,
Poland,1992,348683, 14.059 ,2.7977283,1061630,
Poland,1993,378933, 13.730 ,2.831069946,1075440,
Poland,1994,407612, 13.871 ,2.864809036,1097180,
Poland,1995,449397, 14.127 ,2.8989501,1129518,2081.898367
Poland,1996,487837, 14.392 ,2.9225142,1178915,2082.046367
Poland,1997,519348, 14.767 ,2.946269989,1206944,2081.852367
Poland,1998,540107, 14.965 ,2.970218658,1246900,2081.795367
Poland,1999,570017, 14.836 ,2.994362354,1281806,2115.157373
Poland,2000,582819, 14.479 ,3.01870203,1318911,2081.697367
Poland,2001,585245, 14.152 ,3.03832674,1307963,2083.690859
Poland,2002,598602, 13.716 ,3.058079004,1320958,2078.475189
Poland,2003,603780, 13.549 ,3.077959776,1313891,2084.172099
Poland,2004,625303, 13.696 ,3.09796977,1436188,2084.532823
Poland,2005,658131, 13.986 ,3.118109703,1511245,2079.048446
Poland,2006,682457, 14.434 ,3.140255928,1501179,2080.579499
Poland,2007,742841, 15.091 ,3.162559271,1460843,2077.61446
Poland,2008,790771, 15.664 ,3.185021162,1633153,2069.599985
Poland,2009,818384, 15.738 ,3.207642555,1731144,2054.000025
Poland,2010,897993, 15.326 ,3.230424643,1996998,2048.800023
Poland,2011,961310, 15.388 ,3.254019737,2099278,2043.599982
Poland,2012,980559, 15.381 ,3.278010845,2211309,2038.39999
Poland,2013,977446, 15.352 ,3.302406073,2295927,2034.754588
Poland,2014,988262, 15.601 ,3.327214003,2394525,2041.321912
Poland,2015,1033508, 15.825 ,3.352443218,2541928,2049.009142
Poland,2016,1055274, 15.942 ,3.378103018,2659208,2051.479344
Poland,2017,1102457, 16.137 ,3.404202461,2674434,2029.358259
Poland,2018,1157453, 16.212 ,3.430751085,2772626,2002.151466
Poland,2019,1211846, 16.159 ,3.457758427,2881624,2022.632232
Portugal,1950,24054, 3.048 ,1.241876841,54232,2404.899411
Portugal,1951,26822, 3.047 ,1.247893691,56268,2389.619178
Portugal,1952,27907, 3.041 ,1.253939748,58958,2374.436033
Portugal,1953,29309, 3.041 ,1.260015011,62251,2359.349358
Portugal,1954,30560, 3.041 ,1.266119719,65488,2344.358541
Portugal,1955,31706, 3.044 ,1.27225399,68108,2329.462973
Portugal,1956,33130, 3.047 ,1.277517438,71281,2314.662048
Portugal,1957,34565, 2.985 ,1.282802582,75618,2299.955164
Portugal,1958,34876, 3.090 ,1.28810966,79682,2285.341726
Portugal,1959,36859, 3.111 ,1.293438673,83953,2270.821138
Portugal,1960,39560, 3.152 ,1.29878974,90233,2256.392811
Portugal,1961,41735, 3.155 ,1.307884216,97914,2243.965728
Portugal,1962,44678, 3.146 ,1.317042351,104477,2231.607087
Portugal,1963,47273, 3.137 ,1.326264501,112563,2219.316512
Portugal,1964,49149, 3.128 ,1.335551381,120964,2207.093627
Portugal,1965,52577, 3.119 ,1.344903231,130924,2194.93806
Portugal,1966,53881, 3.103 ,1.355054975,140658,2182.849439
Portugal,1967,57981, 3.084 ,1.365283251,149918,2170.827396
Portugal,1968,65857, 3.065 ,1.375588894,159448,2158.871565
Portugal,1969,67843, 3.046 ,1.385972261,168696,2146.98158
Portugal,1970,72844, 3.143 ,1.396433949,183468,2102.068946
Portugal,1971,78347, 3.236 ,1.41478467,199174,2101.826346
Portugal,1972,84562, 3.260 ,1.433376431,217587,2101.429279
Portugal,1973,93788, 3.277 ,1.452212453,237413,2100.072887
Portugal,1974,95375, 3.512 ,1.471296191,254747,2109.889958
Portugal,1975,90463, 3.606 ,1.490630507,268166,2110.025422
Portugal,1976,95983, 3.627 ,1.520378709,281046,2105.668541
Portugal,1977,101337, 3.682 ,1.550720572,295996,2106.602033
Portugal,1978,103817, 3.707 ,1.5816679,311818,2091.966986
Portugal,1979,109004, 3.785 ,1.613232851,327933,2076.958582
Portugal,1980,113197, 3.883 ,1.645427823,344851,2058.162734
Portugal,1981,112232, 3.901 ,1.680736423,368603,2040.819874
Portugal,1982,112590, 3.915 ,1.714916587,398009,2020.728746
Portugal,1983,110011, 4.104 ,1.742581129,428604,2002.732053
Portugal,1984,105909, 4.095 ,1.770691991,456909,1985.729114
Portugal,1985,107578, 4.075 ,1.799256206,486255,1971.313784
Portugal,1986,118065, 4.077 ,1.82656157,516121,1958.908759
Portugal,1987,127507, 4.175 ,1.854281187,557644,1974.262379
Portugal,1988,137986, 4.276 ,1.882421613,609820,1954.378094
Portugal,1989,147368, 4.368 ,1.910989046,669586,1982.848913
Portugal,1990,156697, 4.467 ,1.939990044,737754,1972.380018
Portugal,1991,163826, 4.620 ,1.966100454,808399,1893.143068
Portugal,1992,169565, 4.682 ,1.992562413,881858,1876.256043
Portugal,1993,174030, 4.602 ,2.019380569,948709,1863.66193
Portugal,1994,185586, 4.607 ,2.046559572,1007840,1859.329583
Portugal,1995,193267, 4.586 ,2.074104548,1058063,1897.717808
Portugal,1996,198678, 4.665 ,2.107091904,1095740,1898.771301
Portugal,1997,215236, 4.785 ,2.140604019,1100092,1893.720519
Portugal,1998,226936, 4.914 ,2.174649,1122898,1909.186662
Portugal,1999,241468, 4.981 ,2.209235668,1138436,1910.954261
Portugal,2000,255502, 5.076 ,2.244372129,1150475,1920.561459
Portugal,2001,254420, 5.151 ,2.241577864,1119461,1903.931705
Portugal,2002,255111, 5.165 ,2.238786936,1168641,1896.985396
Portugal,2003,253839, 5.117 ,2.235999584,1241719,1889.955472
Portugal,2004,253879, 5.089 ,2.23321557,1299554,1896.087619
Portugal,2005,279746, 5.074 ,2.230435133,1373608,1898.144004
Portugal,2006,293115, 5.102 ,2.256005526,1560355,1886.338686
Portugal,2007,299802, 5.107 ,2.281868696,1697395,1903.484288
Portugal,2008,299150, 5.129 ,2.308028698,1833502,1890.361861
Portugal,2009,293305, 4.989 ,2.334488392,1948284,1890.79404
Portugal,2010,305685, 4.912 ,2.361251354,2162823,1893.635619
Portugal,2011,299813, 4.811 ,2.37762332,2151195,1870.603321
Portugal,2012,299027, 4.614 ,2.394108534,2253158,1853.090179
Portugal,2013,289530, 4.484 ,2.410708189,2360619,1863.216461
Portugal,2014,289749, 4.548 ,2.427422762,2485715,1870.834192
Portugal,2015,297097, 4.608 ,2.444253445,2445003,1878.60165
Portugal,2016,304109, 4.678 ,2.461200714,2656712,1884.829651
Portugal,2017,313080, 4.826 ,2.478265524,2561830,1873.619081
Portugal,2018,317162, 4.931 ,2.495448589,2578900,1867.852012
Portugal,2019,325160, 4.962 ,2.512750864,2612466,1864.58836
Paraguay,1950,,,,,
Paraguay,1951,3635, 0.581 ,1.418139219,3746,
Paraguay,1952,3518, 0.591 ,1.428347588,3978,
Paraguay,1953,3337, 0.602 ,1.438629389,4287,
Paraguay,1954,3656, 0.612 ,1.448985219,4500,
Paraguay,1955,3972, 0.623 ,1.459415555,4630,
Paraguay,1956,4082, 0.633 ,1.470924139,4736,
Paraguay,1957,4043, 0.643 ,1.482523441,5066,
Paraguay,1958,4308, 0.654 ,1.494214177,5370,
Paraguay,1959,4372, 0.664 ,1.505997062,5597,
Paraguay,1960,4475, 0.674 ,1.51787293,5892,
Paraguay,1961,4763, 0.692 ,1.528248549,6204,
Paraguay,1962,4774, 0.709 ,1.538695097,6383,
Paraguay,1963,5029, 0.728 ,1.549213052,6603,
Paraguay,1964,5199, 0.746 ,1.55980289,6758,
Paraguay,1965,5523, 0.765 ,1.570465207,7149,
Paraguay,1966,5541, 0.786 ,1.586341858,7588,
Paraguay,1967,5980, 0.807 ,1.602379084,8138,
Paraguay,1968,6166, 0.828 ,1.618578315,8606,
Paraguay,1969,6494, 0.850 ,1.634941459,9114,
Paraguay,1970,7013, 0.872 ,1.651469946,9618,
Paraguay,1971,7417, 0.899 ,1.667012334,10187,
Paraguay,1972,7919, 0.925 ,1.682700992,10858,
Paraguay,1973,8340, 0.953 ,1.69853735,11839,
Paraguay,1974,8851, 0.981 ,1.713199615,13010,
Paraguay,1975,9268, 1.010 ,1.72533834,14058,
Paraguay,1976,9957, 1.041 ,1.744459033,15605,
Paraguay,1977,11163, 1.074 ,1.763791561,17494,
Paraguay,1978,12324, 1.108 ,1.783338428,19849,
Paraguay,1979,13167, 1.144 ,1.803101897,22747,
Paraguay,1980,14791, 1.182 ,1.823084354,26355,
Paraguay,1981,16439, 1.214 ,1.846054673,30707,
Paraguay,1982,16424, 1.247 ,1.869314432,34011,
Paraguay,1983,16231, 1.282 ,1.892867088,36324,
Paraguay,1984,16620, 1.318 ,1.916716695,38782,
Paraguay,1985,17172, 1.354 ,1.940866709,41337,
Paraguay,1986,16870, 1.392 ,1.959599972,44088,
Paraguay,1987,17783, 1.429 ,1.978514194,47145,
Paraguay,1988,19077, 1.467 ,1.997610807,50494,
Paraguay,1989,20027, 1.506 ,2.016891956,54429,
Paraguay,1990,22102, 1.544 ,2.036359072,58969,
Paraguay,1991,22740, 1.588 ,2.051855087,63480,
Paraguay,1992,23459, 1.625 ,2.06746912,67921,
Paraguay,1993,24688, 1.666 ,2.083201885,72604,
Paraguay,1994,26103, 1.712 ,2.099054575,77664,
Paraguay,1995,27384, 1.756 ,2.115027666,82945,
Paraguay,1996,27950, 1.801 ,2.104758978,88493,
Paraguay,1997,28778, 1.848 ,2.094540119,94381,
Paraguay,1998,29884, 1.899 ,2.084370852,99675,
Paraguay,1999,28609, 1.953 ,2.074250937,104443,
Paraguay,2000,27728, 2.012 ,2.064180136,109841,
Paraguay,2001,29301, 2.070 ,2.106127739,115770,
Paraguay,2002,38175, 2.128 ,2.14892745,122390,
Paraguay,2003,40166, 2.216 ,2.192597389,129743,
Paraguay,2004,42171, 2.397 ,2.237154245,137786,
Paraguay,2005,43302, 2.465 ,2.282617092,146471,
Paraguay,2006,46186, 2.431 ,2.300023317,157166,
Paraguay,2007,49209, 2.541 ,2.31756258,171830,
Paraguay,2008,52858, 2.601 ,2.335235596,191339,
Paraguay,2009,56758, 2.674 ,2.353043318,211303,
Paraguay,2010,65606, 2.677 ,2.3709867,231727,
Paraguay,2011,72856, 2.743 ,2.405944347,246319,
Paraguay,2012,72410, 2.949 ,2.441417456,243912,
Paraguay,2013,76162, 2.965 ,2.477413416,243360,
Paraguay,2014,79015, 2.939 ,2.513940096,242711,
Paraguay,2015,78441, 3.018 ,2.551005602,246714,
Paraguay,2016,81387, 3.092 ,2.579226017,247255,
Paraguay,2017,84791, 3.180 ,2.604767561,250040,
Paraguay,2018,86097, 3.307 ,2.630562067,260577,
Paraguay,2019,86789, 3.358 ,2.656612158,271291,
State of Palestine,1950,,,,,
State of Palestine,1951,,,,,
State of Palestine,1952,,,,,
State of Palestine,1953,,,,,
State of Palestine,1954,,,,,
State of Palestine,1955,,,,,
State of Palestine,1956,,,,,
State of Palestine,1957,,,,,
State of Palestine,1958,,,,,
State of Palestine,1959,,,,,
State of Palestine,1960,,,,,
State of Palestine,1961,,,,,
State of Palestine,1962,,,,,
State of Palestine,1963,,,,,
State of Palestine,1964,,,,,
State of Palestine,1965,,,,,
State of Palestine,1966,,,,,
State of Palestine,1967,,,,,
State of Palestine,1968,,,,,
State of Palestine,1969,,,,,
State of Palestine,1970,1565,,,5191,
State of Palestine,1971,1789,,,5353,
State of Palestine,1972,2128,,,5806,
State of Palestine,1973,2043,,,6223,
State of Palestine,1974,2621,,,7021,
State of Palestine,1975,2552,,,7630,
State of Palestine,1976,3018,,,8414,
State of Palestine,1977,2941,,,9195,
State of Palestine,1978,3411,,,10216,
State of Palestine,1979,3334,,,11189,
State of Palestine,1980,4008,,,12509,
State of Palestine,1981,3525,,,13507,
State of Palestine,1982,3964,,,14650,
State of Palestine,1983,3760,,,15556,
State of Palestine,1984,4001,,,16418,
State of Palestine,1985,3974,,,17412,
State of Palestine,1986,4760,,,18754,
State of Palestine,1987,4588,,,19901,
State of Palestine,1988,4545,,,21043,
State of Palestine,1989,4637,,,22204,
State of Palestine,1990,5497, 0.395 ,,23624,
State of Palestine,1991,5241, 0.413 ,,24906,
State of Palestine,1992,6531, 0.431 ,,26670,
State of Palestine,1993,7250, 0.450 ,,28668,
State of Palestine,1994,8443, 0.470 ,,31092,
State of Palestine,1995,9049, 0.492 ,,33373,
State of Palestine,1996,9030, 0.517 ,,35624,
State of Palestine,1997,10403, 0.539 ,,38213,
State of Palestine,1998,11866, 0.561 ,,41415,
State of Palestine,1999,12832, 0.585 ,,45903,
State of Palestine,2000,11637, 0.609 ,,48661,
State of Palestine,2001,10487, 0.503 ,,50651,
State of Palestine,2002,9360, 0.469 ,,52163,
State of Palestine,2003,10677, 0.551 ,,54563,
State of Palestine,2004,12679, 0.557 ,,56964,
State of Palestine,2005,13932, 0.604 ,,59715,
State of Palestine,2006,13835, 0.633 ,,61938,
State of Palestine,2007,14204, 0.683 ,,63241,
State of Palestine,2008,15654, 0.659 ,,65375,
State of Palestine,2009,16792, 0.707 ,,68031,
State of Palestine,2010,17662, 0.731 ,,70101,
State of Palestine,2011,19691, 0.818 ,,73001,
State of Palestine,2012,23465, 0.834 ,,71378,
State of Palestine,2013,24323, 0.854 ,,80837,
State of Palestine,2014,24791, 0.881 ,,83704,
State of Palestine,2015,28218, 0.918 ,,99737,
State of Palestine,2016,30342, 0.931 ,,106780,
State of Palestine,2017,31383, 0.943 ,,117398,
State of Palestine,2018,31993, 0.952 ,,123440,
State of Palestine,2019,36794, 1.000 ,,129442,
Qatar,1950,,,,,
Qatar,1951,,,,,
Qatar,1952,,,,,
Qatar,1953,,,,,
Qatar,1954,,,,,
Qatar,1955,,,,,
Qatar,1956,,,,,
Qatar,1957,,,,,
Qatar,1958,,,,,
Qatar,1959,,,,,
Qatar,1960,,,,,
Qatar,1961,,,,,
Qatar,1962,,,,,
Qatar,1963,,,,,
Qatar,1964,,,,,
Qatar,1965,,,,,
Qatar,1966,,,,,
Qatar,1967,,,,,
Qatar,1968,,,,,
Qatar,1969,,,,,
Qatar,1970,11442, 0.047 ,1.547574759,6718,
Qatar,1971,12294, 0.051 ,1.565959692,8089,
Qatar,1972,14776, 0.056 ,1.584563136,9561,
Qatar,1973,16372, 0.061 ,1.603387475,11035,
Qatar,1974,17438, 0.066 ,1.622435451,12668,
Qatar,1975,17919, 0.071 ,1.641709805,14402,
Qatar,1976,17979, 0.075 ,1.673250794,15785,
Qatar,1977,15720, 0.078 ,1.705397725,17574,
Qatar,1978,18050, 0.083 ,1.730973601,19119,
Qatar,1979,19435, 0.088 ,1.755980849,20168,
Qatar,1980,20262, 0.096 ,1.781349301,20893,
Qatar,1981,19119, 0.112 ,1.801792622,21937,
Qatar,1982,16472, 0.131 ,1.822470665,23487,
Qatar,1983,15352, 0.154 ,1.843385816,23802,
Qatar,1984,17458, 0.174 ,1.864541054,24053,
Qatar,1985,14141, 0.194 ,1.885939121,24390,
Qatar,1986,11492, 0.210 ,1.901291847,24333,
Qatar,1987,12316, 0.224 ,1.916769505,24271,
Qatar,1988,12527, 0.235 ,1.932373285,24526,
Qatar,1989,14014, 0.243 ,1.948103905,24946,
Qatar,1990,17077, 0.253 ,1.963962793,25687,
Qatar,1991,14828, 0.260 ,1.986269832,26245,
Qatar,1992,14923, 0.262 ,2.008830309,27273,
Qatar,1993,14507, 0.263 ,2.031646967,27763,
Qatar,1994,14596, 0.267 ,2.054723024,28681,
Qatar,1995,15791, 0.271 ,2.078060865,31151,
Qatar,1996,16200, 0.276 ,2.098715067,34061,
Qatar,1997,21327, 0.280 ,2.119574308,38619,
Qatar,1998,20490, 0.293 ,2.140640974,43765,
Qatar,1999,27140, 0.308 ,2.16191721,48550,
Qatar,2000,38924, 0.325 ,2.183404684,57918,
Qatar,2001,41995, 0.342 ,2.213602066,73977,
Qatar,2002,41172, 0.362 ,2.244217157,94202,
Qatar,2003,59017, 0.390 ,2.27525568,130172,
Qatar,2004,73432, 0.438 ,2.306723595,170664,
Qatar,2005,102003, 0.518 ,2.338626623,212385,
Qatar,2006,135085, 0.629 ,2.403137445,276052,
Qatar,2007,168119, 0.771 ,2.469427586,362497,
Qatar,2008,232053, 0.934 ,2.537546396,461531,
Qatar,2009,204151, 1.104 ,2.591907501,558794,
Qatar,2010,256146, 1.270 ,2.639830112,656943,
Qatar,2011,341661, 1.254 ,2.693986177,790468,
Qatar,2012,371576, 1.324 ,2.75122714,917306,
Qatar,2013,385461, 1.519 ,2.811772108,1033310,
Qatar,2014,362148, 1.612 ,2.875860691,977517,
Qatar,2015,277706, 1.929 ,2.943753242,1043014,
Qatar,2016,274272, 2.026 ,3.015734196,1222948,
Qatar,2017,300455, 2.023 ,3.092113495,1340909,
Qatar,2018,324852, 2.045 ,3.17323041,1468342,
Qatar,2019,323141, 2.084 ,3.259456396,1599699,
Romania,1950,,,,,
Romania,1951,,,,,
Romania,1952,,,,,
Romania,1953,,,,,
Romania,1954,,,,,
Romania,1955,,,,,
Romania,1956,,,,,
Romania,1957,,,,,
Romania,1958,,,,,
Romania,1959,,,,,
Romania,1960,28329, 10.143 ,1.832770348,55089,
Romania,1961,31183, 10.157 ,1.846871972,58186,
Romania,1962,34178, 10.170 ,1.861082077,61349,
Romania,1963,36973, 10.184 ,1.875401497,65906,
Romania,1964,39274, 10.198 ,1.889831185,69448,
Romania,1965,43147, 10.212 ,1.904371738,73268,
Romania,1966,45459, 10.226 ,1.942240238,77471,
Romania,1967,50556, 10.240 ,1.980861545,83342,
Romania,1968,54114, 10.254 ,2.020251036,89294,
Romania,1969,57898, 10.267 ,2.060423374,95446,
Romania,1970,61684, 10.281 ,2.101394892,102528,
Romania,1971,69743, 10.302 ,2.143848181,110969,
Romania,1972,77449, 10.330 ,2.187159061,120418,
Romania,1973,85684, 10.369 ,2.231345177,130756,
Romania,1974,95498, 10.388 ,2.276423693,145417,
Romania,1975,104553, 10.399 ,2.322412968,163262,
Romania,1976,119310, 10.390 ,2.354959011,179278,
Romania,1977,128438, 10.373 ,2.387961388,201578,
Romania,1978,138332, 10.371 ,2.421426296,226143,
Romania,1979,150794, 10.360 ,2.455360174,249664,
Romania,1980,155062, 10.357 ,2.489769459,273155,
Romania,1981,153391, 10.423 ,2.524581194,294777,
Romania,1982,160558, 10.461 ,2.55987978,312714,
Romania,1983,166541, 10.476 ,2.583956242,328324,
Romania,1984,172190, 10.505 ,2.608225346,345120,
Romania,1985,180412, 10.570 ,2.632722139,361571,
Romania,1986,187100, 10.607 ,2.655827284,376125,
Romania,1987,191435, 10.666 ,2.679135084,388580,
Romania,1988,195941, 10.733 ,2.702647448,400283,
Romania,1989,188329, 10.811 ,2.726366282,411482,
Romania,1990,192326, 10.901 ,2.750293255,407959,
Romania,1991,175805, 10.870 ,2.771375656,398001,
Romania,1992,166603, 10.937 ,2.792619467,392199,
Romania,1993,171285, 10.927 ,2.814026594,389514,
Romania,1994,181447, 10.914 ,2.835597515,391785,
Romania,1995,193860, 11.152 ,2.85733366,396731,1822.645406
Romania,1996,203930, 11.179 ,2.873183489,423962,1861.463547
Romania,1997,192954, 11.200 ,2.889121056,458457,1860.523919
Romania,1998,186202, 11.097 ,2.905147076,528252,1859.149325
Romania,1999,185436, 11.022 ,2.921262026,581146,1850.044678
Romania,2000,189928, 10.898 ,2.937466145,563468,1852.998997
Romania,2001,205140, 10.807 ,2.950609684,539247,1852.480459
Romania,2002,212189, 9.768 ,2.963812113,511376,1867.176177
Romania,2003,222645, 9.368 ,2.977073193,521654,1837.059899
Romania,2004,248149, 9.283 ,2.990394115,558059,1886.580571
Romania,2005,255696, 9.115 ,3.003774405,611567,1876.996102
Romania,2006,292078, 9.291 ,3.022711992,737267,1836.074541
Romania,2007,327959, 9.353 ,3.041769266,846037,1839.94077
Romania,2008,382008, 9.369 ,3.060946226,1063542,1835.252108
Romania,2009,371477, 9.243 ,3.080244541,1213013,1815.497111
Romania,2010,378045, 8.713 ,3.09966445,1269983,1840.668989
Romania,2011,377451, 8.528 ,3.118466377,1506474,1849.269246
Romania,2012,397241, 8.605 ,3.137382746,1646952,1811.542804
Romania,2013,397417, 8.549 ,3.156413555,1593773,1806.456928
Romania,2014,407228, 8.614 ,3.175559759,1534800,1792.533528
Romania,2015,429856, 8.535 ,3.194822311,1527466,1785.671089
Romania,2016,451742, 8.449 ,3.214201689,1481347,1809.028424
Romania,2017,499684, 8.671 ,3.233698606,1584685,1785.796761
Romania,2018,516811, 8.689 ,3.253313541,1624874,1787.766373
Romania,2019,540046, 8.680 ,3.273047924,1702482,1791.735429
Russian Federation,1950,,,,,
Russian Federation,1951,,,,,
Russian Federation,1952,,,,,
Russian Federation,1953,,,,,
Russian Federation,1954,,,,,
Russian Federation,1955,,,,,
Russian Federation,1956,,,,,
Russian Federation,1957,,,,,
Russian Federation,1958,,,,,
Russian Federation,1959,,,,,
Russian Federation,1960,,,,,
Russian Federation,1961,,,,,
Russian Federation,1962,,,,,
Russian Federation,1963,,,,,
Russian Federation,1964,,,,,
Russian Federation,1965,,,,,
Russian Federation,1966,,,,,
Russian Federation,1967,,,,,
Russian Federation,1968,,,,,
Russian Federation,1969,,,,,
Russian Federation,1970,,,,,
Russian Federation,1971,,,,,
Russian Federation,1972,,,,,
Russian Federation,1973,,,,,
Russian Federation,1974,,,,,
Russian Federation,1975,,,,,
Russian Federation,1976,,,,,
Russian Federation,1977,,,,,
Russian Federation,1978,,,,,
Russian Federation,1979,,,,,
Russian Federation,1980,,,,,
Russian Federation,1981,,,,,
Russian Federation,1982,,,,,
Russian Federation,1983,,,,,
Russian Federation,1984,,,,,
Russian Federation,1985,,,,,
Russian Federation,1986,,,,,
Russian Federation,1987,,,,,
Russian Federation,1988,,,,,
Russian Federation,1989,,,,,
Russian Federation,1990,2493860, 75.279 ,2.723373413,13700153,
Russian Federation,1991,2438441, 74.035 ,2.755905628,14140514,
Russian Federation,1992,2254152, 72.241 ,2.788826704,14304706,1933
Russian Federation,1993,1934672, 71.165 ,2.822140932,14239328,1939
Russian Federation,1994,1645076, 68.729 ,2.855853081,14090345,1895
Russian Federation,1995,1542873, 66.714 ,2.889967918,13902033,1891
Russian Federation,1996,1507701, 66.129 ,2.943562269,13777272,1894
Russian Federation,1997,1465640, 65.039 ,2.998150826,13076045,1951
Russian Federation,1998,1329592, 64.112 ,3.053751469,12403569,1946
Russian Federation,1999,1277746, 64.614 ,3.110383511,11611716,1964
Russian Federation,2000,1445963, 65.059 ,3.168065548,10890625,1982
Russian Federation,2001,1482250, 65.764 ,3.179853201,10212278,1980
Russian Federation,2002,1515788, 66.176 ,3.191684484,9645254,1982
Russian Federation,2003,1667651, 66.629 ,3.203559875,9883710,1993
Russian Federation,2004,1883162, 67.599 ,3.215479374,10192061,1993
Russian Federation,2005,2166315, 68.716 ,3.227443457,10544480,1989
Russian Federation,2006,2536100, 69.614 ,3.241448641,11312422,1998
Russian Federation,2007,2983109, 71.158 ,3.255514622,12140875,1999
Russian Federation,2008,3425708, 71.434 ,3.269641876,13002919,1997
Russian Federation,2009,3053678, 69.821 ,3.283830166,13184428,1974
Russian Federation,2010,3468686, 70.372 ,3.298079967,13374047,1976
Russian Federation,2011,3970287, 71.362 ,3.312629938,13575365,1979
Russian Federation,2012,4283520, 72.051 ,3.327325344,14212428,1982
Russian Federation,2013,4245878, 71.861 ,3.342167139,14854667,1980
Russian Federation,2014,4074534, 70.896 ,3.357157946,15546646,1985
Russian Federation,2015,3666054, 71.734 ,3.372299194,16689168,1978
Russian Federation,2016,3655025, 71.799 ,3.387592793,16978110,1974
Russian Federation,2017,3899889, 71.800 ,3.403040886,17552050,1979
Russian Federation,2018,4131929, 72.164 ,3.418645144,17642028,1970
Russian Federation,2019,4161195, 71.671 ,3.434407949,17784060,1965
Rwanda,1950,,,,,
Rwanda,1951,,,,,
Rwanda,1952,,,,,
Rwanda,1953,,,,,
Rwanda,1954,,,,,
Rwanda,1955,,,,,
Rwanda,1956,,,,,
Rwanda,1957,,,,,
Rwanda,1958,,,,,
Rwanda,1959,,,,,
Rwanda,1960,3142, 1.430 ,1.049065948,384,
Rwanda,1961,3004, 1.430 ,1.054329753,405,
Rwanda,1962,3308, 1.425 ,1.059619904,438,
Rwanda,1963,2966, 1.453 ,1.064936757,461,
Rwanda,1964,2639, 1.471 ,1.070280194,479,
Rwanda,1965,2803, 1.500 ,1.075650454,506,
Rwanda,1966,3037, 1.535 ,1.079933167,533,
Rwanda,1967,3233, 1.569 ,1.084233046,548,
Rwanda,1968,3471, 1.605 ,1.088549972,574,
Rwanda,1969,3832, 1.645 ,1.092884064,592,
Rwanda,1970,4142, 1.686 ,1.097235441,618,
Rwanda,1971,4121, 1.732 ,1.105228543,659,
Rwanda,1972,4329, 1.777 ,1.113279939,721,
Rwanda,1973,4523, 1.824 ,1.121389866,775,
Rwanda,1974,4636, 1.874 ,1.12955904,842,
Rwanda,1975,4662, 1.926 ,1.13778758,947,
Rwanda,1976,5399, 1.982 ,1.145385027,1043,
Rwanda,1977,5594, 2.040 ,1.153033376,1135,
Rwanda,1978,5812, 2.102 ,1.160732627,1216,
Rwanda,1979,6530, 2.167 ,1.168483377,1336,
Rwanda,1980,6608, 2.235 ,1.176285863,1413,
Rwanda,1981,7554, 2.306 ,1.185847282,1549,
Rwanda,1982,7301, 2.376 ,1.195486426,1756,
Rwanda,1983,7735, 2.438 ,1.205203891,1989,
Rwanda,1984,7347, 2.518 ,1.215000391,2289,
Rwanda,1985,7720, 2.606 ,1.224876523,2570,
Rwanda,1986,8095, 2.718 ,1.232836604,2857,
Rwanda,1987,7862, 2.850 ,1.240848541,3141,
Rwanda,1988,7957, 2.967 ,1.248912454,3430,
Rwanda,1989,8576, 3.087 ,1.257028818,3679,
Rwanda,1990,8202, 3.134 ,1.265197992,3910,
Rwanda,1991,7208, 3.086 ,1.272462964,4127,
Rwanda,1992,7669, 2.958 ,1.279769778,4467,
Rwanda,1993,6983, 2.800 ,1.287118554,4816,
Rwanda,1994,3206, 2.687 ,1.294509411,4868,
Rwanda,1995,3976, 2.676 ,1.301942825,5066,
Rwanda,1996,4938, 2.791 ,1.312608242,5367,
Rwanda,1997,5951, 2.910 ,1.323361039,5756,
Rwanda,1998,6655, 3.081 ,1.334201932,6261,
Rwanda,1999,7076, 3.238 ,1.345131636,6930,
Rwanda,2000,7608, 3.339 ,1.356150866,7725,
Rwanda,2001,8336, 3.376 ,1.375628233,8608,
Rwanda,2002,9716, 3.365 ,1.395385385,9614,
Rwanda,2003,9785, 3.510 ,1.415426135,10740,
Rwanda,2004,10661, 3.672 ,1.435754895,12021,
Rwanda,2005,11569, 3.855 ,1.456375599,13476,
Rwanda,2006,12836, 3.969 ,1.483113885,15183,
Rwanda,2007,13408, 4.088 ,1.510343194,17271,
Rwanda,2008,13915, 4.213 ,1.538072228,20003,
Rwanda,2009,14864, 4.344 ,1.566310525,22480,
Rwanda,2010,16322, 4.482 ,1.595067143,24776,
Rwanda,2011,17850, 4.324 ,1.628396869,26984,
Rwanda,2012,18911, 4.183 ,1.663946271,28208,
Rwanda,2013,19327, 4.293 ,1.701898932,30642,
Rwanda,2014,21014, 4.413 ,1.734196305,32343,
Rwanda,2015,22929, 4.545 ,1.76664412,33254,
Rwanda,2016,24023, 4.692 ,1.801177263,39477,
Rwanda,2017,24775, 4.898 ,1.83796072,40979,
Rwanda,2018,26959, 5.162 ,1.87717545,44357,
Rwanda,2019,28783, 5.275 ,1.919020295,49334,
Saudi Arabia,1950,,,,,
Saudi Arabia,1951,,,,,
Saudi Arabia,1952,,,,,
Saudi Arabia,1953,,,,,
Saudi Arabia,1954,,,,,
Saudi Arabia,1955,,,,,
Saudi Arabia,1956,,,,,
Saudi Arabia,1957,,,,,
Saudi Arabia,1958,,,,,
Saudi Arabia,1959,,,,,
Saudi Arabia,1960,,,,,
Saudi Arabia,1961,,,,,
Saudi Arabia,1962,,,,,
Saudi Arabia,1963,,,,,
Saudi Arabia,1964,,,,,
Saudi Arabia,1965,,,,,
Saudi Arabia,1966,,,,,
Saudi Arabia,1967,,,,,
Saudi Arabia,1968,,,,,
Saudi Arabia,1969,,,,,
Saudi Arabia,1970,142134, 1.169 ,1.532736421,161962,
Saudi Arabia,1971,167653, 1.349 ,1.539474368,174494,
Saudi Arabia,1972,197525, 1.615 ,1.546241879,192022,
Saudi Arabia,1973,233566, 1.858 ,1.553039193,216619,
Saudi Arabia,1974,314359, 1.862 ,1.559866428,229518,
Saudi Arabia,1975,293611, 2.022 ,1.566723585,269895,
Saudi Arabia,1976,346971, 2.325 ,1.59529388,328783,
Saudi Arabia,1977,362541, 2.461 ,1.624385238,402859,
Saudi Arabia,1978,356816, 2.624 ,1.654007077,486721,
Saudi Arabia,1979,376383, 2.873 ,1.684169054,554516,
Saudi Arabia,1980,412624, 3.058 ,1.713469505,606366,
Saudi Arabia,1981,423332, 3.526 ,1.73721087,665264,
Saudi Arabia,1982,363277, 3.489 ,1.761281133,726932,
Saudi Arabia,1983,327063, 3.610 ,1.785684943,778347,
Saudi Arabia,1984,314297, 4.010 ,1.810426831,813968,
Saudi Arabia,1985,260265, 4.492 ,1.835511565,833306,
Saudi Arabia,1986,270933, 4.666 ,1.86698997,854177,
Saudi Arabia,1987,260148, 4.428 ,1.899008274,874574,
Saudi Arabia,1988,279499, 4.738 ,1.931575775,888923,
Saudi Arabia,1989,277378, 4.688 ,1.964701653,903898,
Saudi Arabia,1990,305932, 5.022 ,1.998395681,933338,
Saudi Arabia,1991,339903, 5.420 ,2.018846273,972285,
Saudi Arabia,1992,367201, 5.610 ,2.039505959,1012529,
Saudi Arabia,1993,370433, 5.552 ,2.060377359,1059831,
Saudi Arabia,1994,359419, 5.555 ,2.081461906,1086749,
Saudi Arabia,1995,364969, 5.494 ,2.102762699,1119053,
Saudi Arabia,1996,377149, 5.607 ,2.12780714,1144948,
Saudi Arabia,1997,390203, 5.679 ,2.153149605,1176545,
Saudi Arabia,1998,358386, 5.767 ,2.178794146,1216872,
Saudi Arabia,1999,404119, 5.653 ,2.204744101,1263396,
Saudi Arabia,2000,464377, 5.775 ,2.231003284,1310028,
Saudi Arabia,2001,450136, 5.871 ,2.25860095,1361102,
Saudi Arabia,2002,485331, 5.977 ,2.286540508,1415233,
Saudi Arabia,2003,529963, 6.384 ,2.314825296,1482311,
Saudi Arabia,2004,624515, 6.790 ,2.343460321,1579095,
Saudi Arabia,2005,763585, 7.197 ,2.37244916,1711817,
Saudi Arabia,2006,895731, 7.604 ,2.398410082,1908758,
Saudi Arabia,2007,994088, 7.839 ,2.424655199,2209316,
Saudi Arabia,2008,1250125, 8.073 ,2.451187372,2610453,
Saudi Arabia,2009,1134154, 8.236 ,2.478010178,3046478,
Saudi Arabia,2010,1390218, 8.930 ,2.505125999,3528119,
Saudi Arabia,2011,1778790, 10.043 ,2.53374505,3997812,
Saudi Arabia,2012,1894426, 10.374 ,2.562088251,4225341,
Saudi Arabia,2013,1881719, 10.797 ,2.582332611,4614372,
Saudi Arabia,2014,1902269, 11.102 ,2.603033066,4711012,
Saudi Arabia,2015,1710466, 11.480 ,2.624201775,5484253,
Saudi Arabia,2016,1605346, 12.161 ,2.645852327,5965927,
Saudi Arabia,2017,1604993, 12.873 ,2.667998075,6149889,
Saudi Arabia,2018,1732983, 13.378 ,2.690653324,6367372,
Saudi Arabia,2019,1775962, 13.745 ,2.713832378,6609045,
Sudan,1950,,,,,
Sudan,1951,,,,,
Sudan,1952,,,,,
Sudan,1953,,,,,
Sudan,1954,,,,,
Sudan,1955,,,,,
Sudan,1956,,,,,
Sudan,1957,,,,,
Sudan,1958,,,,,
Sudan,1959,,,,,
Sudan,1960,,,,,
Sudan,1961,,,,,
Sudan,1962,,,,,
Sudan,1963,,,,,
Sudan,1964,,,,,
Sudan,1965,,,,,
Sudan,1966,,,,,
Sudan,1967,,,,,
Sudan,1968,,,,,
Sudan,1969,,,,,
Sudan,1970,18362, 2.353 ,1.082243323,20222,
Sudan,1971,19647, 2.426 ,1.08542645,20872,
Sudan,1972,19058, 2.501 ,1.088618875,22100,
Sudan,1973,18994, 2.580 ,1.091820598,23625,
Sudan,1974,22955, 2.663 ,1.095031857,25810,
Sudan,1975,26365, 2.751 ,1.098252535,28263,
Sudan,1976,30019, 2.844 ,1.104273558,30215,
Sudan,1977,33683, 2.941 ,1.110327482,31955,
Sudan,1978,34165, 3.042 ,1.116414666,34723,
Sudan,1979,32725, 3.146 ,1.12253511,37859,
Sudan,1980,33553, 3.253 ,1.12868917,40914,
Sudan,1981,35643, 3.374 ,1.134229898,43905,
Sudan,1982,38013, 3.499 ,1.139797807,45959,
Sudan,1983,33045, 3.627 ,1.145393014,46013,
Sudan,1984,33761, 3.756 ,1.151015759,46045,
Sudan,1985,34183, 3.886 ,1.15666604,47153,
Sudan,1986,37527, 4.015 ,1.169542193,48992,
Sudan,1987,38300, 4.144 ,1.182561755,50786,
Sudan,1988,39534, 4.277 ,1.195726156,52260,
Sudan,1989,38726, 4.421 ,1.209037185,53756,
Sudan,1990,40938, 4.580 ,1.222496271,56370,
Sudan,1991,45086, 4.790 ,1.238122702,59733,
Sudan,1992,46590, 5.021 ,1.253948808,64331,
Sudan,1993,43495, 5.276 ,1.269977212,67695,
Sudan,1994,45976, 5.594 ,1.286210537,71117,
Sudan,1995,45341, 5.897 ,1.302651405,73571,
Sudan,1996,46402, 6.133 ,1.318995476,76108,
Sudan,1997,51437, 6.296 ,1.335544825,80307,
Sudan,1998,54796, 6.444 ,1.352301598,88268,
Sudan,1999,60235, 6.586 ,1.369268775,92085,
Sudan,2000,61781, 6.751 ,1.386448741,94379,
Sudan,2001,62933, 6.932 ,1.404699802,99949,
Sudan,2002,66977, 7.118 ,1.42319119,108617,
Sudan,2003,67640, 7.319 ,1.441925883,115064,
Sudan,2004,71976, 7.525 ,1.46090734,122624,
Sudan,2005,90054, 7.724 ,1.480138659,134753,
Sudan,2006,110404, 7.900 ,1.488187671,156073,
Sudan,2007,107842, 8.064 ,1.496280551,194253,
Sudan,2008,103938, 8.205 ,1.504417419,260743,
Sudan,2009,122365, 8.477 ,1.512598634,381298,
Sudan,2010,141243, 8.412 ,1.520824194,581822,
Sudan,2011,162299, 8.403 ,1.530671954,745469,
Sudan,2012,139387, 8.628 ,1.540583372,460010,
Sudan,2013,142009, 8.874 ,1.550559044,420019,
Sudan,2014,164254, 9.116 ,1.560599208,370513,
Sudan,2015,161233, 9.330 ,1.57070446,302431,
Sudan,2016,167317, 9.551 ,1.580875158,221662,
Sudan,2017,175232, 9.776 ,1.59111166,283894,
Sudan,2018,179208, 10.025 ,1.601414561,287478,
Sudan,2019,181136, 10.322 ,1.611784101,292487,
Senegal,1950,,,,,
Senegal,1951,,,,,
Senegal,1952,,,,,
Senegal,1953,,,,,
Senegal,1954,,,,,
Senegal,1955,,,,,
Senegal,1956,,,,,
Senegal,1957,,,,,
Senegal,1958,,,,,
Senegal,1959,,,,,
Senegal,1960,9247, 0.775 ,1.052568078,30186,
Senegal,1961,9245, 0.791 ,1.052687526,29534,
Senegal,1962,9293, 0.809 ,1.052806973,28861,
Senegal,1963,9386, 0.828 ,1.052926421,28415,
Senegal,1964,9659, 0.854 ,1.053045869,28075,
Senegal,1965,9788, 0.877 ,1.053165317,27758,
Senegal,1966,10354, 0.902 ,1.053284764,27453,
Senegal,1967,10285, 0.926 ,1.053404212,27229,
Senegal,1968,10482, 0.949 ,1.053523779,27023,
Senegal,1969,9455, 0.974 ,1.053643227,26936,
Senegal,1970,10312, 1.001 ,1.053762794,27282,
Senegal,1971,10356, 1.050 ,1.057399869,27462,
Senegal,1972,10747, 1.103 ,1.061049581,27780,
Senegal,1973,10320, 1.147 ,1.064711928,27988,
Senegal,1974,11302, 1.193 ,1.068386912,28352,
Senegal,1975,11687, 1.277 ,1.072074533,28672,
Senegal,1976,12606, 1.343 ,1.075774908,28883,
Senegal,1977,12626, 1.394 ,1.079488039,29008,
Senegal,1978,12429, 1.462 ,1.083213925,29079,
Senegal,1979,13398, 1.540 ,1.086952806,29331,
Senegal,1980,12928, 1.612 ,1.09070456,29593,
Senegal,1981,13294, 1.687 ,1.09981823,28817,
Senegal,1982,15718, 1.784 ,1.109008193,26989,
Senegal,1983,16703, 1.851 ,1.118274927,25113,
Senegal,1984,17710, 1.932 ,1.127619028,23876,
Senegal,1985,19240, 2.016 ,1.13704133,23598,
Senegal,1986,20050, 2.122 ,1.146542311,24333,
Senegal,1987,20429, 2.250 ,1.156122565,25846,
Senegal,1988,21121, 2.366 ,1.165783048,28218,
Senegal,1989,21462, 2.487 ,1.175524116,31545,
Senegal,1990,21647, 2.602 ,1.185346603,35929,
Senegal,1991,21193, 2.725 ,1.197479248,41745,
Senegal,1992,21325, 2.765 ,1.209736109,49730,
Senegal,1993,20918, 2.781 ,1.222118258,59813,
Senegal,1994,21844, 2.807 ,1.234627247,71782,
Senegal,1995,22102, 2.869 ,1.247264266,83180,
Senegal,1996,25493, 2.911 ,1.260030627,89715,
Senegal,1997,25624, 2.971 ,1.272927642,90340,
Senegal,1998,25446, 3.075 ,1.28595674,89907,
Senegal,1999,27677, 3.156 ,1.299119115,87904,
Senegal,2000,27249, 3.229 ,1.312416196,85438,
Senegal,2001,28507, 3.290 ,1.325894952,83613,
Senegal,2002,28833, 3.376 ,1.33951211,82594,
Senegal,2003,29002, 3.471 ,1.3532691,82453,
Senegal,2004,29771, 3.587 ,1.367167354,84072,
Senegal,2005,32381, 3.680 ,1.38120842,87616,
Senegal,2006,32757, 3.808 ,1.39539361,93597,
Senegal,2007,34771, 3.985 ,1.409724474,101610,
Senegal,2008,35092, 4.077 ,1.424202561,111755,
Senegal,2009,37462, 4.185 ,1.438829303,121806,
Senegal,2010,39353, 4.326 ,1.453606367,131108,
Senegal,2011,40399, 4.522 ,1.47096777,138255,
Senegal,2012,42462, 4.696 ,1.488536596,139084,
Senegal,2013,41221, 4.914 ,1.506315231,127535,
Senegal,2014,42371, 5.129 ,1.524306178,127171,
Senegal,2015,44751, 5.318 ,1.542512059,129459,
Senegal,2016,46486, 5.539 ,1.560935378,128515,
Senegal,2017,48342, 5.770 ,1.579578638,133591,
Senegal,2018,50599, 5.955 ,1.5984447,143265,
Senegal,2019,52928, 6.143 ,1.617536068,153762,
Singapore,1950,,,,,
Singapore,1951,,,,,
Singapore,1952,,,,,
Singapore,1953,,,,,
Singapore,1954,,,,,
Singapore,1955,,,,,
Singapore,1956,,,,,
Singapore,1957,,,,,
Singapore,1958,,,,,
Singapore,1959,,,,,
Singapore,1960,4547, 0.486 ,1.457710028,11950,2400.390426
Singapore,1961,5344, 0.505 ,1.478258133,12446,2395.05101
Singapore,1962,6232, 0.522 ,1.499096036,12983,2389.72347
Singapore,1963,7101, 0.539 ,1.520227551,14096,2384.407781
Singapore,1964,7308, 0.556 ,1.541656971,14955,2379.103916
Singapore,1965,7891, 0.573 ,1.563388586,16051,2373.811849
Singapore,1966,8972, 0.591 ,1.581364989,17319,2368.531554
Singapore,1967,10279, 0.607 ,1.599548221,19031,2363.263004
Singapore,1968,11364, 0.621 ,1.617940426,20994,2358.006174
Singapore,1969,13167, 0.634 ,1.636544108,23905,2352.761037
Singapore,1970,14953, 0.648 ,1.655361772,28021,2347.527567
Singapore,1971,17361, 0.708 ,1.660476446,32834,2347.471125
Singapore,1972,19519, 0.788 ,1.665606976,37844,2347.383976
Singapore,1973,21516, 0.796 ,1.670753241,42770,2347.305265
Singapore,1974,24655, 0.820 ,1.67591548,47810,2347.299773
Singapore,1975,26313, 0.829 ,1.681093693,53203,2326.007704
Singapore,1976,29585, 0.866 ,1.675007224,58070,2352.151568
Singapore,1977,31988, 0.900 ,1.66894269,62255,2297.760959
Singapore,1978,36979, 0.951 ,1.662900209,67467,2297.007599
Singapore,1979,42652, 1.013 ,1.656879544,73067,2272.61871
Singapore,1980,47817, 1.064 ,1.650880694,80148,2281.191385
Singapore,1981,48142, 1.148 ,1.710605741,89538,2308.312885
Singapore,1982,50782, 1.215 ,1.75741303,101925,2314.785306
Singapore,1983,56282, 1.245 ,1.805501103,114430,2320.068125
Singapore,1984,62920, 1.263 ,1.85490489,128968,2329.584559
Singapore,1985,56310, 1.229 ,1.905660748,140264,2288.495209
Singapore,1986,58908, 1.208 ,1.933102727,149252,2322.786802
Singapore,1987,66756, 1.261 ,1.960939884,158305,2353.905845
Singapore,1988,72382, 1.325 ,1.989177942,168491,2367.778114
Singapore,1989,74596, 1.387 ,2.017822504,179861,2427.18135
Singapore,1990,86285, 1.530 ,2.046879768,193389,2431.68753
Singapore,1991,82751, 1.580 ,2.111344099,207300,2451.962451
Singapore,1992,82367, 1.617 ,2.177838564,223381,2455.633331
Singapore,1993,80112, 1.615 ,2.246427536,241588,2482.595945
Singapore,1994,76443, 1.661 ,2.317176342,261493,2498.540061
Singapore,1995,79247, 1.694 ,2.390153408,283804,2512.188753
Singapore,1996,99372, 1.758 ,2.467643499,312760,2533.226532
Singapore,1997,104451, 1.868 ,2.547646046,346593,2547.505948
Singapore,1998,118769, 1.930 ,2.607076168,382132,2535.098275
Singapore,1999,122707, 1.975 ,2.66368556,423365,2556.511323
Singapore,2000,163270, 2.085 ,2.721524239,484346,2574.278334
Singapore,2001,160527, 2.133 ,2.707609415,554819,2553.507889
Singapore,2002,174030, 2.198 ,2.693765879,634845,2545.019339
Singapore,2003,167407, 2.187 ,2.679993153,726315,2550.024046
Singapore,2004,192438, 2.259 ,2.666290522,830956,2515.584112
Singapore,2005,264816, 2.373 ,2.652658463,922741,2515.724801
Singapore,2006,296613, 2.548 ,2.729603529,1008289,2507.100873
Singapore,2007,326441, 2.797 ,2.808780909,1111941,2484.901276
Singapore,2008,299015, 2.952 ,2.890254736,1233349,2477.46908
Singapore,2009,291633, 2.992 ,2.974092007,1359756,2440.514338
Singapore,2010,369290, 3.108 ,3.060360909,1488260,2476.23146
Singapore,2011,399595, 3.230 ,3.161694288,1593937,2433.726248
Singapore,2012,403047, 3.359 ,3.271183729,1650065,2441.263749
Singapore,2013,392165, 3.497 ,3.389663219,1719732,2430.666637
Singapore,2014,425132, 3.623 ,3.518072605,1774937,2390.985746
Singapore,2015,421381, 3.655 ,3.657472849,1825381,2362.423602
Singapore,2016,427075, 3.673 ,3.809063911,1845086,2351.111284
Singapore,2017,464890, 3.669 ,3.974208117,1867296,2333.344698
Singapore,2018,476501, 3.715 ,4.154453754,1934015,2306.008688
Singapore,2019,477908, 3.760 ,4.351568222,1998095,2330.165875
Sierra Leone,1950,,,,,
Sierra Leone,1951,,,,,
Sierra Leone,1952,,,,,
Sierra Leone,1953,,,,,
Sierra Leone,1954,,,,,
Sierra Leone,1955,,,,,
Sierra Leone,1956,,,,,
Sierra Leone,1957,,,,,
Sierra Leone,1958,,,,,
Sierra Leone,1959,,,,,
Sierra Leone,1960,,,,,
Sierra Leone,1961,2152,,1.065665483,837,
Sierra Leone,1962,2443,,1.067556024,825,
Sierra Leone,1963,2628,,1.069449782,829,
Sierra Leone,1964,2707,,1.071346879,840,
Sierra Leone,1965,2763,,1.073247433,855,
Sierra Leone,1966,2812,,1.074770808,886,
Sierra Leone,1967,2645,,1.076296329,895,
Sierra Leone,1968,2920,,1.077824116,902,
Sierra Leone,1969,3115,,1.079353929,924,
Sierra Leone,1970,3789,,1.080886006,980,
Sierra Leone,1971,3855,,1.08521533,1021,
Sierra Leone,1972,4017,,1.089561939,1053,
Sierra Leone,1973,4161,,1.093925953,1083,
Sierra Leone,1974,4262,,1.09830749,1128,
Sierra Leone,1975,4243,,1.102706552,1170,
Sierra Leone,1976,4156,,1.109671831,1196,
Sierra Leone,1977,4183,,1.116681099,1220,
Sierra Leone,1978,4323,,1.123734593,1252,
Sierra Leone,1979,4379,,1.130832672,1301,
Sierra Leone,1980,4205, 1.195 ,1.137975693,1375,
Sierra Leone,1981,4518, 1.215 ,1.146595836,1444,
Sierra Leone,1982,4852, 1.235 ,1.155281305,1492,
Sierra Leone,1983,4777, 1.259 ,1.164032578,1527,
Sierra Leone,1984,5020, 1.282 ,1.172850132,1547,
Sierra Leone,1985,5059, 1.315 ,1.181734562,1568,
Sierra Leone,1986,5160, 1.349 ,1.192252636,1635,
Sierra Leone,1987,5555, 1.384 ,1.202864408,1758,
Sierra Leone,1988,5927, 1.425 ,1.213570595,1979,
Sierra Leone,1989,6336, 1.457 ,1.224372149,2343,
Sierra Leone,1990,6813, 1.475 ,1.235269785,2837,
Sierra Leone,1991,7027, 1.479 ,1.247955441,3604,
Sierra Leone,1992,6585, 1.483 ,1.260771513,4887,
Sierra Leone,1993,7288, 1.472 ,1.273719192,6908,
Sierra Leone,1994,7901, 1.464 ,1.286799788,10842,
Sierra Leone,1995,7999, 1.464 ,1.300014734,17708,
Sierra Leone,1996,7079, 1.463 ,1.311845064,23516,
Sierra Leone,1997,5754, 1.473 ,1.32378304,22202,
Sierra Leone,1998,5145, 1.488 ,1.335829735,20313,
Sierra Leone,1999,3922, 1.516 ,1.347985983,17905,
Sierra Leone,2000,4767, 1.555 ,1.360252857,15907,
Sierra Leone,2001,5439, 1.617 ,1.37434566,14412,
Sierra Leone,2002,6333, 1.680 ,1.388584375,13293,
Sierra Leone,2003,6392, 1.759 ,1.402970552,12563,
Sierra Leone,2004,6309, 1.901 ,1.41750586,12175,
Sierra Leone,2005,6269, 1.956 ,1.43219173,12264,
Sierra Leone,2006,6375, 1.996 ,1.446788073,12645,
Sierra Leone,2007,6721, 2.029 ,1.461533189,13261,
Sierra Leone,2008,7238, 2.056 ,1.476428628,14131,
Sierra Leone,2009,7768, 2.077 ,1.49147594,15070,
Sierra Leone,2010,8107, 2.103 ,1.506676435,18041,
Sierra Leone,2011,9624, 2.127 ,1.521464586,21603,
Sierra Leone,2012,10974, 2.153 ,1.536397815,21241,
Sierra Leone,2013,13916, 2.180 ,1.55147779,16514,
Sierra Leone,2014,14148, 2.209 ,1.566705585,15037,
Sierra Leone,2015,13174, 2.287 ,1.582082987,17466,
Sierra Leone,2016,13518, 2.346 ,1.597611189,17709,
Sierra Leone,2017,12978, 2.408 ,1.613291979,15575,
Sierra Leone,2018,15149, 2.472 ,1.62912643,15558,
Sierra Leone,2019,14651, 2.536 ,1.645116448,15617,
El Salvador,1950,1321,,1.221767426,866,
El Salvador,1951,1322,,1.227317929,935,
El Salvador,1952,1425,,1.232893586,1001,
El Salvador,1953,1530,,1.238494754,1066,
El Salvador,1954,1542,,1.244121194,1121,
El Salvador,1955,1621,,1.249773264,1177,
El Salvador,1956,1719,,1.253708124,1277,
El Salvador,1957,1808,,1.257655263,1387,
El Salvador,1958,1876,,1.261614919,1452,
El Salvador,1959,1946,,1.265586972,1476,
El Salvador,1960,1960,,1.269571543,1603,
El Salvador,1961,2082,,1.274122119,1701,
El Salvador,1962,2337,,1.278689027,1793,
El Salvador,1963,2415,,1.283272266,1898,
El Salvador,1964,2582,,1.287871957,2095,
El Salvador,1965,2740,,1.292488098,2254,
El Salvador,1966,2919,,1.29712081,2448,
El Salvador,1967,3116,,1.30177021,2580,
El Salvador,1968,3264,,1.306436181,2622,
El Salvador,1969,3390,,1.311118841,2698,
El Salvador,1970,3489,,1.31581831,2800,
El Salvador,1971,3592,,1.326030731,2949,
El Salvador,1972,3787,,1.336322308,3193,
El Salvador,1973,4015,,1.346693873,3360,
El Salvador,1974,4208,,1.357145786,3579,
El Salvador,1975,4450, 1.220 ,1.367679,3922,
El Salvador,1976,4629, 1.272 ,1.378293872,4244,
El Salvador,1977,4783, 1.324 ,1.388991117,4691,
El Salvador,1978,5122, 1.377 ,1.399771333,5113,
El Salvador,1979,5172, 1.440 ,1.410635233,5356,
El Salvador,1980,4869, 1.387 ,1.421583533,5392,
El Salvador,1981,4634, 1.387 ,1.441555977,5462,
El Salvador,1982,4589, 1.386 ,1.461809158,5529,
El Salvador,1983,4748, 1.383 ,1.482346773,5584,
El Salvador,1984,5012, 1.378 ,1.503172994,5690,
El Salvador,1985,5097, 1.373 ,1.524291635,5863,
El Salvador,1986,5537, 1.428 ,1.545707107,6097,
El Salvador,1987,5546, 1.483 ,1.567423463,6404,
El Salvador,1988,5828, 1.540 ,1.589444995,6754,
El Salvador,1989,5887, 1.597 ,1.611775875,7180,
El Salvador,1990,5527, 1.657 ,1.634420395,7519,
El Salvador,1991,5708, 1.718 ,1.662663221,7962,
El Salvador,1992,6268, 1.782 ,1.691394091,8617,
El Salvador,1993,7336, 1.866 ,1.717790842,9462,
El Salvador,1994,7890, 1.951 ,1.740116954,10479,
El Salvador,1995,9127, 1.973 ,1.76273334,11740,
El Salvador,1996,9974, 2.056 ,1.785643458,12866,
El Salvador,1997,11028, 2.076 ,1.80885148,14238,
El Salvador,1998,11619, 2.162 ,1.832361221,15947,
El Salvador,1999,12402, 2.182 ,1.856176376,17784,
El Salvador,2000,13682, 2.199 ,1.880300999,19948,
El Salvador,2001,14455, 2.275 ,1.893698096,22508,
El Salvador,2002,15927, 2.220 ,1.907190561,25594,
El Salvador,2003,17476, 2.281 ,1.920779228,29233,
El Salvador,2004,18836, 2.254 ,1.934464693,33387,
El Salvador,2005,22143, 2.284 ,1.948247671,38423,
El Salvador,2006,24407, 2.337 ,1.962128878,44933,
El Salvador,2007,26977, 2.419 ,1.976108909,52921,
El Salvador,2008,30067, 2.429 ,1.990188718,61972,
El Salvador,2009,32161, 2.446 ,2.004368544,71260,
El Salvador,2010,37411, 2.480 ,2.018649578,82055,
El Salvador,2011,44811, 2.551 ,2.048793554,95168,
El Salvador,2012,45987, 2.647 ,2.079387426,107558,
El Salvador,2013,46181, 2.719 ,2.110438108,115504,
El Salvador,2014,47731, 2.735 ,2.141952515,124922,
El Salvador,2015,47973, 2.758 ,2.173937559,133018,
El Salvador,2016,48993, 2.820 ,2.206400156,145926,
El Salvador,2017,50735, 2.846 ,2.239347458,160334,
El Salvador,2018,51289, 2.911 ,2.272787094,166656,
El Salvador,2019,52379, 3.008 ,2.30672574,174602,
Serbia,1950,,,,,
Serbia,1951,,,,,
Serbia,1952,,,,,
Serbia,1953,,,,,
Serbia,1954,,,,,
Serbia,1955,,,,,
Serbia,1956,,,,,
Serbia,1957,,,,,
Serbia,1958,,,,,
Serbia,1959,,,,,
Serbia,1960,,,,,
Serbia,1961,,,,,
Serbia,1962,,,,,
Serbia,1963,,,,,
Serbia,1964,,,,,
Serbia,1965,,,,,
Serbia,1966,,,,,
Serbia,1967,,,,,
Serbia,1968,,,,,
Serbia,1969,,,,,
Serbia,1970,,,,,
Serbia,1971,,,,,
Serbia,1972,,,,,
Serbia,1973,,,,,
Serbia,1974,,,,,
Serbia,1975,,,,,
Serbia,1976,,,,,
Serbia,1977,,,,,
Serbia,1978,,,,,
Serbia,1979,,,,,
Serbia,1980,,,,,
Serbia,1981,,,,,
Serbia,1982,,,,,
Serbia,1983,,,,,
Serbia,1984,,,,,
Serbia,1985,,,,,
Serbia,1986,,,,,
Serbia,1987,,,,,
Serbia,1988,,,,,
Serbia,1989,,,,,
Serbia,1990,116169, 4.614 ,2.546650887,377001,
Serbia,1991,102646, 4.536 ,2.581237793,373414,
Serbia,1992,73693, 4.450 ,2.61183548,368541,
Serbia,1993,50824, 4.368 ,2.642795563,362197,
Serbia,1994,52032, 4.311 ,2.67412281,356526,
Serbia,1995,55175, 4.256 ,2.705821276,351198,
Serbia,1996,54598, 4.220 ,2.727016211,350978,
Serbia,1997,58905, 4.449 ,2.748376846,350822,
Serbia,1998,62911, 4.405 ,2.76990509,350574,
Serbia,1999,58242, 3.149 ,2.791601658,346727,
Serbia,2000,62400, 3.085 ,2.813468456,345253,
Serbia,2001,60640, 3.114 ,2.845028639,343673,
Serbia,2002,65872, 3.008 ,2.876942396,349193,
Serbia,2003,69023, 2.923 ,2.909214258,357136,
Serbia,2004,72568, 2.933 ,2.941848278,366337,
Serbia,2005,81170, 2.734 ,2.97484827,375485,
Serbia,2006,93664, 2.631 ,3.005843401,473817,
Serbia,2007,96662, 2.656 ,3.037161589,499637,
Serbia,2008,107399, 2.822 ,3.068805933,551548,
Serbia,2009,106884, 2.618 ,3.100780249,536363,
Serbia,2010,108498, 2.399 ,3.133087397,538485,
Serbia,2011,112809, 2.250 ,3.167173147,550478,
Serbia,2012,113027, 2.224 ,3.202131987,539805,
Serbia,2013,110521, 2.306 ,3.237992287,570983,
Serbia,2014,107925, 2.553 ,3.274783373,557228,
Serbia,2015,109324, 2.567 ,3.312534809,477517,
Serbia,2016,111133, 2.710 ,3.35127902,521413,
Serbia,2017,112918, 2.791 ,3.391047955,515348,
Serbia,2018,116051, 2.834 ,3.431876183,521043,
Serbia,2019,120448, 2.905 ,3.473798752,531527,
Sao Tome and Principe,1950,,,,,
Sao Tome and Principe,1951,,,,,
Sao Tome and Principe,1952,,,,,
Sao Tome and Principe,1953,,,,,
Sao Tome and Principe,1954,,,,,
Sao Tome and Principe,1955,,,,,
Sao Tome and Principe,1956,,,,,
Sao Tome and Principe,1957,,,,,
Sao Tome and Principe,1958,,,,,
Sao Tome and Principe,1959,,,,,
Sao Tome and Principe,1960,,,,,
Sao Tome and Principe,1961,,,,,
Sao Tome and Principe,1962,,,,,
Sao Tome and Principe,1963,,,,,
Sao Tome and Principe,1964,,,,,
Sao Tome and Principe,1965,,,,,
Sao Tome and Principe,1966,,,,,
Sao Tome and Principe,1967,,,,,
Sao Tome and Principe,1968,,,,,
Sao Tome and Principe,1969,,,,,
Sao Tome and Principe,1970,172,,,165,
Sao Tome and Principe,1971,181,,,166,
Sao Tome and Principe,1972,186,,,167,
Sao Tome and Principe,1973,194,,,166,
Sao Tome and Principe,1974,206,,,166,
Sao Tome and Principe,1975,219,,,168,
Sao Tome and Principe,1976,224,,,172,
Sao Tome and Principe,1977,269,,,186,
Sao Tome and Principe,1978,293,,,190,
Sao Tome and Principe,1979,343,,,200,
Sao Tome and Principe,1980,283, 0.027 ,,213,
Sao Tome and Principe,1981,254, 0.028 ,,223,
Sao Tome and Principe,1982,262, 0.028 ,,234,
Sao Tome and Principe,1983,249, 0.029 ,,241,
Sao Tome and Principe,1984,244, 0.029 ,,248,
Sao Tome and Principe,1985,241, 0.030 ,,255,
Sao Tome and Principe,1986,228, 0.030 ,,260,
Sao Tome and Principe,1987,220, 0.031 ,,263,
Sao Tome and Principe,1988,220, 0.032 ,,274,
Sao Tome and Principe,1989,253, 0.032 ,,291,
Sao Tome and Principe,1990,233, 0.033 ,,311,
Sao Tome and Principe,1991,223, 0.034 ,,336,
Sao Tome and Principe,1992,233, 0.035 ,,361,
Sao Tome and Principe,1993,209, 0.035 ,,381,
Sao Tome and Principe,1994,211, 0.035 ,,407,
Sao Tome and Principe,1995,212, 0.036 ,,463,
Sao Tome and Principe,1996,216, 0.036 ,,499,
Sao Tome and Principe,1997,233, 0.037 ,,522,
Sao Tome and Principe,1998,285, 0.037 ,,529,
Sao Tome and Principe,1999,269, 0.037 ,,541,
Sao Tome and Principe,2000,281, 0.038 ,,548,
Sao Tome and Principe,2001,364, 0.044 ,,574,
Sao Tome and Principe,2002,361, 0.045 ,,597,
Sao Tome and Principe,2003,371, 0.046 ,,624,
Sao Tome and Principe,2004,399, 0.043 ,,653,
Sao Tome and Principe,2005,438, 0.044 ,,689,
Sao Tome and Principe,2006,457, 0.044 ,,648,
Sao Tome and Principe,2007,452, 0.046 ,,559,
Sao Tome and Principe,2008,494, 0.048 ,,482,
Sao Tome and Principe,2009,513, 0.050 ,,429,
Sao Tome and Principe,2010,568, 0.052 ,,408,
Sao Tome and Principe,2011,830, 0.054 ,,420,
Sao Tome and Principe,2012,733, 0.056 ,,4433,
Sao Tome and Principe,2013,787, 0.057 ,,3722,
Sao Tome and Principe,2014,876, 0.058 ,,5641,
Sao Tome and Principe,2015,871, 0.060 ,,4473,
Sao Tome and Principe,2016,833, 0.061 ,,3794,
Sao Tome and Principe,2017,842, 0.062 ,,3528,
Sao Tome and Principe,2018,800, 0.063 ,,3527,
Sao Tome and Principe,2019,814, 0.065 ,,3511,
Suriname,1950,,,,,
Suriname,1951,,,,,
Suriname,1952,,,,,
Suriname,1953,,,,,
Suriname,1954,,,,,
Suriname,1955,,,,,
Suriname,1956,,,,,
Suriname,1957,,,,,
Suriname,1958,,,,,
Suriname,1959,,,,,
Suriname,1960,,,,,
Suriname,1961,,,,,
Suriname,1962,,,,,
Suriname,1963,,,,,
Suriname,1964,,,,,
Suriname,1965,,,,,
Suriname,1966,,,,,
Suriname,1967,,,,,
Suriname,1968,,,,,
Suriname,1969,,,,,
Suriname,1970,1806,,,3289,
Suriname,1971,1940,,,3429,
Suriname,1972,1915,,,3651,
Suriname,1973,2063, 0.075 ,,3885,
Suriname,1974,1869, 0.078 ,,4196,
Suriname,1975,2056, 0.080 ,,4520,
Suriname,1976,2194, 0.082 ,,4921,
Suriname,1977,2337, 0.089 ,,5276,
Suriname,1978,2646, 0.095 ,,5592,
Suriname,1979,2615, 0.095 ,,5755,
Suriname,1980,2345, 0.091 ,,5883,
Suriname,1981,2446, 0.086 ,,6191,
Suriname,1982,2308, 0.082 ,,6476,
Suriname,1983,2369, 0.080 ,,6525,
Suriname,1984,2370, 0.078 ,,6541,
Suriname,1985,2603, 0.076 ,,6628,
Suriname,1986,2513, 0.075 ,,6757,
Suriname,1987,2386, 0.079 ,,6825,
Suriname,1988,2599, 0.083 ,,6924,
Suriname,1989,2668, 0.088 ,,7161,
Suriname,1990,2846, 0.092 ,,7345,
Suriname,1991,2990, 0.096 ,,7551,
Suriname,1992,3104, 0.101 ,,7821,
Suriname,1993,2798, 0.105 ,,8015,
Suriname,1994,2631, 0.110 ,,8699,
Suriname,1995,2661, 0.115 ,,9557,
Suriname,1996,3089, 0.119 ,,10176,
Suriname,1997,3316, 0.124 ,,10765,
Suriname,1998,3467, 0.128 ,,11395,
Suriname,1999,3068, 0.133 ,,13637,
Suriname,2000,3535, 0.137 ,,15059,
Suriname,2001,3773, 0.142 ,,16889,
Suriname,2002,3881, 0.147 ,,18628,
Suriname,2003,4431, 0.152 ,,20021,
Suriname,2004,4530, 0.157 ,,22196,
Suriname,2005,4962, 0.166 ,,24790,
Suriname,2006,5275, 0.176 ,,27150,
Suriname,2007,5612, 0.185 ,,29982,
Suriname,2008,6102, 0.195 ,,33204,
Suriname,2009,6369, 0.205 ,,36557,
Suriname,2010,7050, 0.210 ,,38773,
Suriname,2011,7556, 0.211 ,,41317,
Suriname,2012,8523, 0.211 ,,42271,
Suriname,2013,8833, 0.219 ,,43330,
Suriname,2014,9105, 0.223 ,,44516,
Suriname,2015,8253, 0.212 ,,46069,
Suriname,2016,7322, 0.214 ,,46686,
Suriname,2017,7803, 0.216 ,,51194,
Suriname,2018,8214, 0.219 ,,51934,
Suriname,2019,8419, 0.221 ,,52719,
Slovakia,1950,,,,,
Slovakia,1951,,,,,
Slovakia,1952,,,,,
Slovakia,1953,,,,,
Slovakia,1954,,,,,
Slovakia,1955,,,,,
Slovakia,1956,,,,,
Slovakia,1957,,,,,
Slovakia,1958,,,,,
Slovakia,1959,,,,,
Slovakia,1960,,,,,
Slovakia,1961,,,,,
Slovakia,1962,,,,,
Slovakia,1963,,,,,
Slovakia,1964,,,,,
Slovakia,1965,,,,,
Slovakia,1966,,,,,
Slovakia,1967,,,,,
Slovakia,1968,,,,,
Slovakia,1969,,,,,
Slovakia,1970,,,,,
Slovakia,1971,,,,,
Slovakia,1972,,,,,
Slovakia,1973,,,,,
Slovakia,1974,,,,,
Slovakia,1975,,,,,
Slovakia,1976,,,,,
Slovakia,1977,,,,,
Slovakia,1978,,,,,
Slovakia,1979,,,,,
Slovakia,1980,,,,,
Slovakia,1981,,,,,
Slovakia,1982,,,,,
Slovakia,1983,,,,,
Slovakia,1984,,,,,
Slovakia,1985,,,,,
Slovakia,1986,,,,,
Slovakia,1987,,,,,
Slovakia,1988,,,,,
Slovakia,1989,,,,,
Slovakia,1990,104279, 2.450 ,3.087144613,338843,1827.645492
Slovakia,1991,82625, 2.261 ,3.114013672,346344,1827.734313
Slovakia,1992,77273, 2.124 ,3.141116381,353940,1827.675099
Slovakia,1993,78253, 2.123 ,3.168454885,360248,1827.803396
Slovakia,1994,80969, 2.081 ,3.196031332,365220,1827.428373
Slovakia,1995,84715, 2.127 ,3.223847866,369440,1853.048372
Slovakia,1996,89792, 2.171 ,3.229552269,379574,1819.63219
Slovakia,1997,92290, 2.147 ,3.235267162,349353,1829.99798
Slovakia,1998,89860, 2.135 ,3.240991592,329041,1821.860709
Slovakia,1999,85683, 2.080 ,3.246726513,307988,1816.240636
Slovakia,2000,89553, 2.043 ,3.252471447,302539,1815.606094
Slovakia,2001,94553, 2.059 ,3.299450159,299086,1800.735572
Slovakia,2002,96160, 2.061 ,3.347107649,282579,1754.074009
Slovakia,2003,96840, 2.085 ,3.395453453,291570,1697.565119
Slovakia,2004,97362, 2.080 ,3.444497585,309146,1741.994328
Slovakia,2005,111118, 2.114 ,3.494249821,331894,1769.487915
Slovakia,2006,118125, 2.157 ,3.517637491,373251,1774.454016
Slovakia,2007,127734, 2.202 ,3.541181326,406814,1791.201073
Slovakia,2008,141016, 2.271 ,3.564882755,450366,1793.356889
Slovakia,2009,133371, 2.225 ,3.588742971,478073,1780.338241
Slovakia,2010,146742, 2.190 ,3.612762928,484718,1805.150197
Slovakia,2011,148676, 2.228 ,3.637505531,509392,1793.012756
Slovakia,2012,149614, 2.228 ,3.662609577,547862,1789.042423
Slovakia,2013,144108, 2.211 ,3.688081741,569630,1771.614095
Slovakia,2014,149793, 2.243 ,3.713928938,633486,1759.613162
Slovakia,2015,150162, 2.288 ,3.740157843,631307,1754.086278
Slovakia,2016,143673, 2.342 ,3.766775608,654488,1740.010771
Slovakia,2017,144190, 2.393 ,3.793789625,664757,1713.780951
Slovakia,2018,146128, 2.440 ,3.821207047,677437,1703.925369
Slovakia,2019,149921, 2.469 ,3.849035501,693622,1694.940165
Slovenia,1950,,,,,
Slovenia,1951,,,,,
Slovenia,1952,,,,,
Slovenia,1953,,,,,
Slovenia,1954,,,,,
Slovenia,1955,,,,,
Slovenia,1956,,,,,
Slovenia,1957,,,,,
Slovenia,1958,,,,,
Slovenia,1959,,,,,
Slovenia,1960,,,,,
Slovenia,1961,,,,,
Slovenia,1962,,,,,
Slovenia,1963,,,,,
Slovenia,1964,,,,,
Slovenia,1965,,,,,
Slovenia,1966,,,,,
Slovenia,1967,,,,,
Slovenia,1968,,,,,
Slovenia,1969,,,,,
Slovenia,1970,,,,,
Slovenia,1971,,,,,
Slovenia,1972,,,,,
Slovenia,1973,,,,,
Slovenia,1974,,,,,
Slovenia,1975,,,,,
Slovenia,1976,,,,,
Slovenia,1977,,,,,
Slovenia,1978,,,,,
Slovenia,1979,,,,,
Slovenia,1980,,,,,
Slovenia,1981,,,,,
Slovenia,1982,,,,,
Slovenia,1983,,,,,
Slovenia,1984,,,,,
Slovenia,1985,,,,,
Slovenia,1986,,,,,
Slovenia,1987,,,,,
Slovenia,1988,,,,,
Slovenia,1989,,,,,
Slovenia,1990,40194, 1.129 ,3.119560719,173961,
Slovenia,1991,36639, 1.042 ,3.133481741,175721,
Slovenia,1992,34944, 0.985 ,3.147464991,177089,
Slovenia,1993,37690, 0.956 ,3.161510706,180114,
Slovenia,1994,39927, 0.931 ,3.175618887,184440,
Slovenia,1995,42179, 0.926 ,3.189790249,190923,1755.704916
Slovenia,1996,43671, 0.907 ,3.204533339,196076,1727.595474
Slovenia,1997,44447, 0.891 ,3.219344616,201558,1715.105669
Slovenia,1998,44096, 0.892 ,3.234224558,208237,1728.294652
Slovenia,1999,45509, 0.906 ,3.249172926,215744,1730.075522
Slovenia,2000,47352, 0.917 ,3.264190674,220441,1710.072808
Slovenia,2001,47763, 0.921 ,3.270853996,217993,1695.8553
Slovenia,2002,48673, 0.934 ,3.277530909,206484,1720.49054
Slovenia,2003,49835, 0.931 ,3.284221888,209827,1723.788565
Slovenia,2004,51786, 0.934 ,3.29092598,237544,1736.525145
Slovenia,2005,56365, 0.931 ,3.2976439,262648,1696.547867
Slovenia,2006,56499, 0.946 ,3.316124678,270558,1667.418764
Slovenia,2007,58627, 0.980 ,3.334709167,269187,1654.910257
Slovenia,2008,64960, 1.005 ,3.353397608,290339,1673.481055
Slovenia,2009,59699, 0.985 ,3.372190952,300856,1678.988283
Slovenia,2010,60950, 0.964 ,3.391089439,323131,1680.332565
Slovenia,2011,63456, 0.950 ,3.41049099,339039,1663.359198
Slovenia,2012,62796, 0.942 ,3.430138826,391052,1644.352432
Slovenia,2013,62011, 0.932 ,3.450036764,416753,1662.239277
Slovenia,2014,62828, 0.937 ,3.470188856,411684,1681.749976
Slovenia,2015,61785, 0.951 ,3.490599394,418514,1687.312737
Slovenia,2016,63279, 0.968 ,3.511272192,444007,1652.38467
Slovenia,2017,65603, 0.998 ,3.532211781,445231,1621.498747
Slovenia,2018,69826, 1.026 ,3.553422213,448051,1598.703856
Slovenia,2019,70869, 1.047 ,3.574908018,453203,1592.933904
Sweden,1950,73513, 3.376 ,2.317561865,240462,2005.262608
Sweden,1951,75832, 3.409 ,2.331608534,252066,1995.464908
Sweden,1952,76560, 3.381 ,2.345740318,261591,1995.464908
Sweden,1953,79404, 3.373 ,2.359957695,269155,1975.869508
Sweden,1954,83496, 3.401 ,2.374261141,280449,1986.755841
Sweden,1955,85859, 3.433 ,2.388651371,293086,1975.869508
Sweden,1956,88708, 3.484 ,2.414146662,305040,1950.830941
Sweden,1957,90408, 3.490 ,2.439913988,317128,1950.830941
Sweden,1958,92613, 3.515 ,2.465956688,328820,1919.260574
Sweden,1959,97934, 3.561 ,2.492277145,341505,1893.133374
Sweden,1960,100915, 3.661 ,2.51887846,357370,1888.778841
Sweden,1961,107409, 3.690 ,2.546132088,374540,1890.956107
Sweden,1962,111678, 3.710 ,2.569196701,391684,1878.981141
Sweden,1963,117534, 3.729 ,2.587879181,409142,1872.449341
Sweden,1964,126071, 3.783 ,2.606697559,430098,1841.967607
Sweden,1965,130148, 3.809 ,2.625653028,453607,1831.081274
Sweden,1966,132432, 3.814 ,2.644746304,473692,1816.92904
Sweden,1967,137519, 3.773 ,2.663978338,493475,1786.447307
Sweden,1968,142357, 3.813 ,2.683350086,512710,1742.901973
Sweden,1969,149113, 3.885 ,2.70286274,534468,1720.040673
Sweden,1970,159252, 3.961 ,2.72251749,563336,1703.711173
Sweden,1971,161105, 3.946 ,2.743097305,590876,1672.18317
Sweden,1972,165259, 3.963 ,2.763832569,618803,1633.287166
Sweden,1973,172541, 3.982 ,2.784724474,643578,1617.405165
Sweden,1974,176408, 4.061 ,2.80577445,669473,1599.072163
Sweden,1975,179796, 4.136 ,2.82698369,697385,1575.38616
Sweden,1976,181141, 4.149 ,2.848353148,718638,1588.146162
Sweden,1977,177233, 4.156 ,2.869884014,735724,1557.852158
Sweden,1978,181657, 4.173 ,2.891577721,747216,1520.778155
Sweden,1979,187246, 4.236 ,2.913435459,760485,1511.573154
Sweden,1980,188504, 4.283 ,2.935458422,777012,1514.605154
Sweden,1981,191496, 4.290 ,2.954866409,793534,1506.222153
Sweden,1982,193479, 4.281 ,2.974403143,810382,1520.332155
Sweden,1983,198670, 4.290 ,2.994068861,825787,1529.616156
Sweden,1984,208440, 4.326 ,3.013864517,845166,1531.790156
Sweden,1985,213470, 4.373 ,3.033790827,869604,1535.822156
Sweden,1986,228884, 4.404 ,3.053849459,896441,1533.843156
Sweden,1987,239475, 4.443 ,3.074040413,930376,1543.946157
Sweden,1988,249193, 4.507 ,3.094364882,976007,1563.488159
Sweden,1989,255706, 4.569 ,3.11482358,1040403,1562.341159
Sweden,1990,259599, 4.604 ,3.1354177,1113820,1558.671159
Sweden,1991,258554, 4.534 ,3.140028477,1184347,1545.425157
Sweden,1992,256745, 4.338 ,3.144645929,1244448,1563.008159
Sweden,1993,248053, 4.116 ,3.149270535,1296533,1594.681162
Sweden,1994,263276, 4.071 ,3.153901815,1345005,1633.44326
Sweden,1995,281410, 4.133 ,3.158539534,1380502,1638.931002
Sweden,1996,290623, 4.104 ,3.163184404,1406709,1651.480749
Sweden,1997,301126, 4.054 ,3.167836189,1370315,1656.306574
Sweden,1998,313759, 4.121 ,3.17249465,1337942,1655.183735
Sweden,1999,331123, 4.205 ,3.177160025,1296847,1664.776788
Sweden,2000,353287, 4.305 ,3.181832075,1266196,1643.43843
Sweden,2001,343555, 4.392 ,3.19793129,1234794,1620.152109
Sweden,2002,345104, 4.391 ,3.214112043,1191975,1597.025015
Sweden,2003,354679, 4.365 ,3.230374575,1216761,1583.299757
Sweden,2004,371480, 4.336 ,3.246719122,1192782,1606.849094
Sweden,2005,387040, 4.346 ,3.263146877,1143875,1605.513842
Sweden,2006,403906, 4.429 ,3.279657364,1314113,1603.951416
Sweden,2007,431162, 4.532 ,3.296251535,1493365,1616.890264
Sweden,2008,442047, 4.564 ,3.312929392,1617882,1627.131851
Sweden,2009,412821, 4.468 ,3.329692125,1678182,1613.096306
Sweden,2010,434925, 4.495 ,3.346539259,1799198,1640.514111
Sweden,2011,467381, 4.602 ,3.356361866,1858369,1640.991422
Sweden,2012,468806, 4.639 ,3.366213083,1984268,1627.294535
Sweden,2013,468068, 4.680 ,3.376093149,2152983,1617.955908
Sweden,2014,471941, 4.735 ,3.386002541,2131156,1619.430489
Sweden,2015,489265, 4.791 ,3.395940542,2163541,1620.925637
Sweden,2016,496576, 4.853 ,3.405908108,2251251,1634.169305
Sweden,2017,515378, 4.940 ,3.41590476,2306150,1621.472711
Sweden,2018,516270, 4.996 ,3.425930977,2343227,1620.734841
Sweden,2019,526241, 5.002 ,3.43598628,2380619,1605.276602
Eswatini,1950,,,,,
Eswatini,1951,,,,,
Eswatini,1952,,,,,
Eswatini,1953,,,,,
Eswatini,1954,,,,,
Eswatini,1955,,,,,
Eswatini,1956,,,,,
Eswatini,1957,,,,,
Eswatini,1958,,,,,
Eswatini,1959,,,,,
Eswatini,1960,,,,,
Eswatini,1961,,,,,
Eswatini,1962,,,,,
Eswatini,1963,,,,,
Eswatini,1964,,,,,
Eswatini,1965,,,,,
Eswatini,1966,,,,,
Eswatini,1967,,,,,
Eswatini,1968,,,,,
Eswatini,1969,,,,,
Eswatini,1970,1031,,1.337787747,372,
Eswatini,1971,1086,,1.362463832,451,
Eswatini,1972,1262,,1.387595057,532,
Eswatini,1973,1231,,1.413189888,635,
Eswatini,1974,1382,,1.439256668,764,
Eswatini,1975,1905,,1.465804458,908,
Eswatini,1976,2217,,1.493487954,1045,
Eswatini,1977,2226,,1.521694303,1199,
Eswatini,1978,2123,,1.550433517,1501,
Eswatini,1979,2108,,1.579715371,1844,
Eswatini,1980,2297, 0.135 ,1.609550238,2024,
Eswatini,1981,2481, 0.138 ,1.637325048,2274,
Eswatini,1982,2618, 0.143 ,1.665579081,2494,
Eswatini,1983,2714, 0.148 ,1.694320679,2913,
Eswatini,1984,2785, 0.153 ,1.720000386,3204,
Eswatini,1985,3031, 0.158 ,1.742324471,3345,
Eswatini,1986,3664, 0.164 ,1.747806907,3448,
Eswatini,1987,4436, 0.169 ,1.753306627,3964,
Eswatini,1988,4358, 0.176 ,1.758823633,4455,
Eswatini,1989,4717, 0.181 ,1.764358044,5225,
Eswatini,1990,5560, 0.187 ,1.769909859,6264,
Eswatini,1991,5873, 0.194 ,1.766300917,7544,
Eswatini,1992,6318, 0.200 ,1.762699366,9361,
Eswatini,1993,6992, 0.206 ,1.759105206,11719,
Eswatini,1994,6877, 0.213 ,1.755518317,14660,
Eswatini,1995,8034, 0.219 ,1.751938701,17661,
Eswatini,1996,8980, 0.223 ,1.738208532,19543,
Eswatini,1997,8496, 0.227 ,1.724585891,20416,
Eswatini,1998,8296, 0.230 ,1.711070061,21198,
Eswatini,1999,8107, 0.233 ,1.693920732,21122,
Eswatini,2000,8742, 0.235 ,1.676330209,20778,
Eswatini,2001,8503, 0.237 ,1.644034624,20627,
Eswatini,2002,7798, 0.238 ,1.612361312,20501,
Eswatini,2003,7885, 0.238 ,1.581298232,20401,
Eswatini,2004,7938, 0.238 ,1.550833583,20545,
Eswatini,2005,9174, 0.238 ,1.52095592,20856,
Eswatini,2006,8705, 0.240 ,1.557643294,22028,
Eswatini,2007,9082, 0.241 ,1.595215678,24719,
Eswatini,2008,8350, 0.247 ,1.63369441,29387,
Eswatini,2009,8879, 0.249 ,1.673101187,36373,
Eswatini,2010,9330, 0.253 ,1.712398052,44561,
Eswatini,2011,9450, 0.259 ,1.74842751,48614,
Eswatini,2012,9784, 0.264 ,1.787123084,43747,
Eswatini,2013,9691, 0.270 ,1.828727365,41485,
Eswatini,2014,9638, 0.277 ,1.873510718,39694,
Eswatini,2015,9641, 0.283 ,1.921774387,35117,
Eswatini,2016,9566, 0.292 ,1.973855257,31028,
Eswatini,2017,9338, 0.299 ,2.030130148,28239,
Eswatini,2018,9804, 0.305 ,2.091022968,28771,
Eswatini,2019,8987, 0.313 ,2.15700984,28794,
Sint Maarten (Dutch part),1950,,,,,
Sint Maarten (Dutch part),1951,,,,,
Sint Maarten (Dutch part),1952,,,,,
Sint Maarten (Dutch part),1953,,,,,
Sint Maarten (Dutch part),1954,,,,,
Sint Maarten (Dutch part),1955,,,,,
Sint Maarten (Dutch part),1956,,,,,
Sint Maarten (Dutch part),1957,,,,,
Sint Maarten (Dutch part),1958,,,,,
Sint Maarten (Dutch part),1959,,,,,
Sint Maarten (Dutch part),1960,,,,,
Sint Maarten (Dutch part),1961,,,,,
Sint Maarten (Dutch part),1962,,,,,
Sint Maarten (Dutch part),1963,,,,,
Sint Maarten (Dutch part),1964,,,,,
Sint Maarten (Dutch part),1965,,,,,
Sint Maarten (Dutch part),1966,,,,,
Sint Maarten (Dutch part),1967,,,,,
Sint Maarten (Dutch part),1968,,,,,
Sint Maarten (Dutch part),1969,,,,,
Sint Maarten (Dutch part),1970,,,,,
Sint Maarten (Dutch part),1971,,,,,
Sint Maarten (Dutch part),1972,,,,,
Sint Maarten (Dutch part),1973,,,,,
Sint Maarten (Dutch part),1974,,,,,
Sint Maarten (Dutch part),1975,,,,,
Sint Maarten (Dutch part),1976,,,,,
Sint Maarten (Dutch part),1977,,,,,
Sint Maarten (Dutch part),1978,,,,,
Sint Maarten (Dutch part),1979,,,,,
Sint Maarten (Dutch part),1980,,,,,
Sint Maarten (Dutch part),1981,,,,,
Sint Maarten (Dutch part),1982,,,,,
Sint Maarten (Dutch part),1983,,,,,
Sint Maarten (Dutch part),1984,,,,,
Sint Maarten (Dutch part),1985,,,,,
Sint Maarten (Dutch part),1986,,,,,
Sint Maarten (Dutch part),1987,,,,,
Sint Maarten (Dutch part),1988,,,,,
Sint Maarten (Dutch part),1989,,,,,
Sint Maarten (Dutch part),1990,,,,,
Sint Maarten (Dutch part),1991,,,,,
Sint Maarten (Dutch part),1992,,,,,
Sint Maarten (Dutch part),1993,,,,,
Sint Maarten (Dutch part),1994,,,,,
Sint Maarten (Dutch part),1995,,,,,
Sint Maarten (Dutch part),1996,,,,,
Sint Maarten (Dutch part),1997,,,,,
Sint Maarten (Dutch part),1998,,,,,
Sint Maarten (Dutch part),1999,,,,,
Sint Maarten (Dutch part),2000,,,,,
Sint Maarten (Dutch part),2001,,,,,
Sint Maarten (Dutch part),2002,,,,,
Sint Maarten (Dutch part),2003,,,,,
Sint Maarten (Dutch part),2004,,,,,
Sint Maarten (Dutch part),2005,1164,,,,
Sint Maarten (Dutch part),2006,1363,,,,
Sint Maarten (Dutch part),2007,1347,,,,
Sint Maarten (Dutch part),2008,1423,,,,
Sint Maarten (Dutch part),2009,1308,,,,
Sint Maarten (Dutch part),2010,1303,,,,
Sint Maarten (Dutch part),2011,1246,,,,
Sint Maarten (Dutch part),2012,373,,,,
Sint Maarten (Dutch part),2013,1201,,,,
Sint Maarten (Dutch part),2014,195,,,,
Sint Maarten (Dutch part),2015,995,,,,
Sint Maarten (Dutch part),2016,362,,,,
Sint Maarten (Dutch part),2017,684,,,,
Sint Maarten (Dutch part),2018,1123,,,,
Sint Maarten (Dutch part),2019,1318,,,,
Seychelles,1950,,,,,
Seychelles,1951,,,,,
Seychelles,1952,,,,,
Seychelles,1953,,,,,
Seychelles,1954,,,,,
Seychelles,1955,,,,,
Seychelles,1956,,,,,
Seychelles,1957,,,,,
Seychelles,1958,,,,,
Seychelles,1959,,,,,
Seychelles,1960,264,,,376,
Seychelles,1961,267,,,389,
Seychelles,1962,285,,,407,
Seychelles,1963,317,,,428,
Seychelles,1964,344,,,451,
Seychelles,1965,317,,,475,
Seychelles,1966,308,,,496,
Seychelles,1967,331,,,515,
Seychelles,1968,392,,,535,
Seychelles,1969,364,,,590,
Seychelles,1970,471,,,709,
Seychelles,1971,802,,,842,
Seychelles,1972,861,,,974,
Seychelles,1973,905,,,1110,
Seychelles,1974,887,,,1245,
Seychelles,1975,979,,,1378,
Seychelles,1976,1160,,,1530,
Seychelles,1977,1053,,,1692,
Seychelles,1978,1313,,,1864,
Seychelles,1979,1565,,,2068,
Seychelles,1980,1120,,,2250,
Seychelles,1981,1010,,,2415,
Seychelles,1982,886,,,2555,
Seychelles,1983,947,,,2674,
Seychelles,1984,1027,,,2803,
Seychelles,1985,1012,,,2945,
Seychelles,1986,962,,,3073,
Seychelles,1987,1170,,,3217,
Seychelles,1988,1219,,,3407,
Seychelles,1989,1349,,,3632,
Seychelles,1990,1385,,,3867,
Seychelles,1991,1418,,,4046,
Seychelles,1992,1420, 0.034 ,,4261,
Seychelles,1993,1653, 0.035 ,,4587,
Seychelles,1994,1728, 0.036 ,,4876,
Seychelles,1995,1562, 0.036 ,,5166,
Seychelles,1996,1642, 0.037 ,,5589,
Seychelles,1997,1794, 0.037 ,,6053,
Seychelles,1998,1707, 0.037 ,,6521,
Seychelles,1999,1784, 0.038 ,,7024,
Seychelles,2000,1927, 0.038 ,,7444,
Seychelles,2001,1729, 0.039 ,,8061,
Seychelles,2002,1787, 0.040 ,,8482,
Seychelles,2003,1784, 0.040 ,,8642,
Seychelles,2004,1460, 0.041 ,,8647,
Seychelles,2005,1875, 0.042 ,,9013,
Seychelles,2006,2086, 0.042 ,,9312,
Seychelles,2007,2457, 0.042 ,,9566,
Seychelles,2008,1535, 0.043 ,,9729,
Seychelles,2009,1816, 0.043 ,,9846,
Seychelles,2010,1895, 0.043 ,,10170,
Seychelles,2011,2203, 0.043 ,,10444,
Seychelles,2012,2336, 0.044 ,,11086,
Seychelles,2013,2191, 0.046 ,,9836,
Seychelles,2014,2366, 0.047 ,,11982,
Seychelles,2015,2268, 0.048 ,,12023,
Seychelles,2016,1976, 0.049 ,,13218,
Seychelles,2017,2244, 0.051 ,,14899,
Seychelles,2018,2449, 0.052 ,,15178,
Seychelles,2019,2715, 0.052 ,,15507,
Syrian Arab Republic,1950,,,,,
Syrian Arab Republic,1951,,,,,
Syrian Arab Republic,1952,,,,,
Syrian Arab Republic,1953,,,,,
Syrian Arab Republic,1954,,,,,
Syrian Arab Republic,1955,,,,,
Syrian Arab Republic,1956,,,,,
Syrian Arab Republic,1957,,,,,
Syrian Arab Republic,1958,,,,,
Syrian Arab Republic,1959,,,,,
Syrian Arab Republic,1960,11950, 1.404 ,1.22565937,35541,
Syrian Arab Republic,1961,12649, 1.435 ,1.235452771,36616,
Syrian Arab Republic,1962,16526, 1.467 ,1.245324373,38670,
Syrian Arab Republic,1963,14384, 1.499 ,1.255274892,39889,
Syrian Arab Republic,1964,18029, 1.531 ,1.265304923,41465,
Syrian Arab Republic,1965,18008, 1.564 ,1.275415063,42480,
Syrian Arab Republic,1966,16156, 1.598 ,1.285605907,44024,
Syrian Arab Republic,1967,18193, 1.632 ,1.295878291,45443,
Syrian Arab Republic,1968,19001, 1.666 ,1.306232691,47441,
Syrian Arab Republic,1969,22648, 1.701 ,1.316669941,50505,
Syrian Arab Republic,1970,22806, 1.737 ,1.327190518,52405,
Syrian Arab Republic,1971,25088, 1.795 ,1.344140291,54383,
Syrian Arab Republic,1972,31420, 1.856 ,1.361306548,57534,
Syrian Arab Republic,1973,28727, 1.918 ,1.37869215,59998,
Syrian Arab Republic,1974,35962, 1.983 ,1.396299601,64255,
Syrian Arab Republic,1975,42770, 2.050 ,1.414131999,70876,
Syrian Arab Republic,1976,37354, 2.118 ,1.432192206,75242,
Syrian Arab Republic,1977,27504, 2.188 ,1.450483084,73254,
Syrian Arab Republic,1978,25846, 2.260 ,1.469007373,65456,
Syrian Arab Republic,1979,23100, 2.336 ,1.487768412,57291,
Syrian Arab Republic,1980,22879, 2.416 ,1.506769061,51211,
Syrian Arab Republic,1981,22449, 2.499 ,1.531204939,46160,
Syrian Arab Republic,1982,22728, 2.585 ,1.556037188,42083,
Syrian Arab Republic,1983,20945, 2.674 ,1.581272244,38616,
Syrian Arab Republic,1984,18585, 2.764 ,1.606916428,35832,
Syrian Arab Republic,1985,20842, 2.855 ,1.632976532,33786,
Syrian Arab Republic,1986,19326, 2.945 ,1.659459352,31654,
Syrian Arab Republic,1987,18166, 3.035 ,1.686371565,29200,
Syrian Arab Republic,1988,19055, 3.125 ,1.712595224,27095,
Syrian Arab Republic,1989,18272, 3.215 ,1.733487725,25386,
Syrian Arab Republic,1990,18223, 3.307 ,1.754635215,24095,
Syrian Arab Republic,1991,16130, 3.446 ,1.791771412,23078,
Syrian Arab Republic,1992,16330, 3.531 ,1.829693675,22800,
Syrian Arab Republic,1993,15530, 3.646 ,1.868418455,22778,
Syrian Arab Republic,1994,14725, 3.784 ,1.907962799,23205,
Syrian Arab Republic,1995,15889, 3.943 ,1.948344111,23764,
Syrian Arab Republic,1996,16112, 4.027 ,1.989580035,24476,
Syrian Arab Republic,1997,18668, 4.108 ,2.03168869,25967,
Syrian Arab Republic,1998,20926, 4.188 ,2.074688673,29275,
Syrian Arab Republic,1999,22809, 4.344 ,2.1185987,34573,
Syrian Arab Republic,2000,28547, 4.406 ,2.163438082,43020,
Syrian Arab Republic,2001,32952, 4.391 ,2.18481946,57606,
Syrian Arab Republic,2002,41073, 4.504 ,2.206412315,83874,
Syrian Arab Republic,2003,50425, 4.609 ,2.228218555,133320,
Syrian Arab Republic,2004,70642, 4.664 ,2.250240326,220842,
Syrian Arab Republic,2005,108136, 4.737 ,2.272479534,300755,
Syrian Arab Republic,2006,105548, 4.890 ,2.294938564,320204,
Syrian Arab Republic,2007,113006, 5.013 ,2.317619562,336883,
Syrian Arab Republic,2008,119704, 5.075 ,2.340524912,352330,
Syrian Arab Republic,2009,121409, 5.198 ,2.363656521,369855,
Syrian Arab Republic,2010,132627, 5.264 ,2.387016773,390202,
Syrian Arab Republic,2011,134236, 5.256 ,2.412527084,404763,
Syrian Arab Republic,2012,111503, 5.174 ,2.43868351,408073,
Syrian Arab Republic,2013,96531, 5.054 ,2.465506077,406201,
Syrian Arab Republic,2014,102283, 4.936 ,2.49301672,408504,
Syrian Arab Republic,2015,102854, 4.839 ,2.521237135,402841,
Syrian Arab Republic,2016,112670, 4.755 ,2.550190449,399325,
Syrian Arab Republic,2017,113876, 4.716 ,2.573375463,397566,
Syrian Arab Republic,2018,116458, 4.721 ,2.593813181,397727,
Syrian Arab Republic,2019,123085, 4.761 ,2.614711046,401233,
Turks and Caicos Islands,1950,,,,,
Turks and Caicos Islands,1951,,,,,
Turks and Caicos Islands,1952,,,,,
Turks and Caicos Islands,1953,,,,,
Turks and Caicos Islands,1954,,,,,
Turks and Caicos Islands,1955,,,,,
Turks and Caicos Islands,1956,,,,,
Turks and Caicos Islands,1957,,,,,
Turks and Caicos Islands,1958,,,,,
Turks and Caicos Islands,1959,,,,,
Turks and Caicos Islands,1960,,,,,
Turks and Caicos Islands,1961,,,,,
Turks and Caicos Islands,1962,,,,,
Turks and Caicos Islands,1963,,,,,
Turks and Caicos Islands,1964,,,,,
Turks and Caicos Islands,1965,,,,,
Turks and Caicos Islands,1966,,,,,
Turks and Caicos Islands,1967,,,,,
Turks and Caicos Islands,1968,,,,,
Turks and Caicos Islands,1969,,,,,
Turks and Caicos Islands,1970,56,,,14,
Turks and Caicos Islands,1971,62,,,17,
Turks and Caicos Islands,1972,69,,,19,
Turks and Caicos Islands,1973,76,,,22,
Turks and Caicos Islands,1974,84,,,26,
Turks and Caicos Islands,1975,93,,,29,
Turks and Caicos Islands,1976,103,,,33,
Turks and Caicos Islands,1977,114,,,37,
Turks and Caicos Islands,1978,126,,,42,
Turks and Caicos Islands,1979,140,,,47,
Turks and Caicos Islands,1980,154,,,53,
Turks and Caicos Islands,1981,171,,,61,
Turks and Caicos Islands,1982,189,,,69,
Turks and Caicos Islands,1983,210,,,78,
Turks and Caicos Islands,1984,232,,,88,
Turks and Caicos Islands,1985,237,,,99,
Turks and Caicos Islands,1986,258,,,111,
Turks and Caicos Islands,1987,292,,,125,
Turks and Caicos Islands,1988,333,,,141,
Turks and Caicos Islands,1989,380,,,159,
Turks and Caicos Islands,1990,421,,,181,
Turks and Caicos Islands,1991,456,,,203,
Turks and Caicos Islands,1992,484,,,225,
Turks and Caicos Islands,1993,541,,,255,
Turks and Caicos Islands,1994,595,,,292,
Turks and Caicos Islands,1995,650,,,333,
Turks and Caicos Islands,1996,590,,,359,
Turks and Caicos Islands,1997,446,,,403,
Turks and Caicos Islands,1998,417,,,459,
Turks and Caicos Islands,1999,493,,,518,
Turks and Caicos Islands,2000,583,,,563,
Turks and Caicos Islands,2001,542, 0.010 ,,618,
Turks and Caicos Islands,2002,640, 0.012 ,,695,
Turks and Caicos Islands,2003,28, 0.014 ,,776,
Turks and Caicos Islands,2004,385, 0.015 ,,907,
Turks and Caicos Islands,2005,436, 0.017 ,,1111,
Turks and Caicos Islands,2006,302, 0.018 ,,1406,
Turks and Caicos Islands,2007,300, 0.020 ,,1709,
Turks and Caicos Islands,2008,531, 0.022 ,,1998,
Turks and Caicos Islands,2009,405,,,2121,
Turks and Caicos Islands,2010,274,,,2171,
Turks and Caicos Islands,2011,317,,,2188,
Turks and Caicos Islands,2012,345,,,2334,
Turks and Caicos Islands,2013,350,,,2514,
Turks and Caicos Islands,2014,247,,,2677,
Turks and Caicos Islands,2015,372,,,2876,
Turks and Caicos Islands,2016,366,,,3137,
Turks and Caicos Islands,2017,556,,,3560,
Turks and Caicos Islands,2018,567,,,3662,
Turks and Caicos Islands,2019,611,,,3776,
Chad,1950,,,,,
Chad,1951,,,,,
Chad,1952,,,,,
Chad,1953,,,,,
Chad,1954,,,,,
Chad,1955,,,,,
Chad,1956,,,,,
Chad,1957,,,,,
Chad,1958,,,,,
Chad,1959,,,,,
Chad,1960,4289, 1.198 ,,2656,
Chad,1961,4495, 1.217 ,,2948,
Chad,1962,5155, 1.237 ,,3168,
Chad,1963,4651, 1.258 ,,3469,
Chad,1964,4700, 1.280 ,,3751,
Chad,1965,4923, 1.307 ,,3918,
Chad,1966,4725, 1.334 ,,4134,
Chad,1967,4577, 1.362 ,,4412,
Chad,1968,4561, 1.389 ,,4666,
Chad,1969,4664, 1.417 ,,4991,
Chad,1970,5112, 1.445 ,,5380,
Chad,1971,5232, 1.477 ,,5729,
Chad,1972,4752, 1.511 ,,6085,
Chad,1973,4514, 1.547 ,,6418,
Chad,1974,5227, 1.582 ,,6961,
Chad,1975,6039, 1.616 ,,7787,
Chad,1976,5704, 1.649 ,,8490,
Chad,1977,5414, 1.680 ,,9055,
Chad,1978,5593, 1.712 ,,9460,
Chad,1979,4434, 1.745 ,,9528,
Chad,1980,4112, 1.780 ,,9515,
Chad,1981,3718, 1.813 ,,9518,
Chad,1982,3999, 1.849 ,,9499,
Chad,1983,5191, 1.888 ,,9344,
Chad,1984,5656, 1.932 ,,9176,
Chad,1985,6208, 1.980 ,,9112,
Chad,1986,6063, 2.033 ,,9101,
Chad,1987,6212, 2.091 ,,9185,
Chad,1988,6776, 2.153 ,,9300,
Chad,1989,7072, 2.217 ,,9423,
Chad,1990,7134, 2.283 ,,9501,
Chad,1991,7444, 2.355 ,,9610,
Chad,1992,7518, 2.403 ,,9770,
Chad,1993,7405, 2.587 ,,9914,
Chad,1994,7727, 2.703 ,,10064,
Chad,1995,8138, 2.768 ,,10183,
Chad,1996,7751, 2.831 ,,10341,
Chad,1997,8608, 2.929 ,,10499,
Chad,1998,8646, 3.033 ,,10723,
Chad,1999,8847, 3.146 ,,10958,
Chad,2000,8617, 3.270 ,,11215,
Chad,2001,9409, 3.395 ,,12665,
Chad,2002,7056, 3.525 ,,15533,
Chad,2003,8294, 3.637 ,,17794,
Chad,2004,12466, 3.725 ,,19704,
Chad,2005,15761, 3.834 ,,21754,
Chad,2006,17133, 3.957 ,,24776,
Chad,2007,19065, 4.083 ,,27760,
Chad,2008,20462, 4.208 ,,31005,
Chad,2009,19236, 4.327 ,,34500,
Chad,2010,25525, 4.460 ,,38306,
Chad,2011,24978, 4.602 ,,42718,
Chad,2012,27034, 4.748 ,,39856,
Chad,2013,23854, 4.899 ,,38651,
Chad,2014,24748, 5.054 ,,47015,
Chad,2015,27413, 5.232 ,,48688,
Chad,2016,24482, 5.413 ,,58111,
Chad,2017,23715, 5.588 ,,43903,
Chad,2018,25088, 5.766 ,,44795,
Chad,2019,25756, 5.955 ,,45987,
Togo,1950,,,,,
Togo,1951,,,,,
Togo,1952,,,,,
Togo,1953,,,,,
Togo,1954,,,,,
Togo,1955,,,,,
Togo,1956,,,,,
Togo,1957,,,,,
Togo,1958,,,,,
Togo,1959,,,,,
Togo,1960,1942,,1.047603607,6731,
Togo,1961,2111,,1.049781919,6602,
Togo,1962,2173,,1.051964879,6528,
Togo,1963,2321,,1.054152369,6514,
Togo,1964,2678,,1.056344271,6708,
Togo,1965,3059,,1.058540821,6991,
Togo,1966,3365,,1.060236573,7158,
Togo,1967,3528,,1.061935067,7221,
Togo,1968,3632,,1.063636184,7245,
Togo,1969,4093,,1.065340161,7372,
Togo,1970,4159,,1.067046762,7570,
Togo,1971,4433,,1.082562208,7883,
Togo,1972,4631,,1.098303199,8248,
Togo,1973,4550,,1.11427319,8575,
Togo,1974,4977,,1.130475283,8923,
Togo,1975,4852,,1.146913052,9540,
Togo,1976,4961,,1.16854322,10033,
Togo,1977,5908,,1.190581441,11000,
Togo,1978,6716,,1.213035226,12383,
Togo,1979,7110,,1.235912442,13813,
Togo,1980,6597, 1.070 ,1.259221196,14513,
Togo,1981,5967, 1.105 ,1.281226277,14895,
Togo,1982,5842, 1.147 ,1.303615928,15070,
Togo,1983,5381, 1.193 ,1.326396823,14985,
Togo,1984,5189, 1.236 ,1.349575758,14902,
Togo,1985,5375, 1.281 ,1.373159885,14869,
Togo,1986,5586, 1.326 ,1.396164894,14917,
Togo,1987,5542, 1.374 ,1.419555426,14996,
Togo,1988,6360, 1.417 ,1.443337679,15094,
Togo,1989,6424, 1.462 ,1.467518449,15555,
Togo,1990,7171, 1.509 ,1.492104292,15915,
Togo,1991,6612, 1.545 ,1.513903022,15925,
Togo,1992,6678, 1.579 ,1.53602016,15801,
Togo,1993,5511, 1.617 ,1.558460474,15426,
Togo,1994,6139, 1.654 ,1.581228614,15261,
Togo,1995,6262, 1.698 ,1.604329467,15266,
Togo,1996,7463, 1.754 ,1.623746872,15321,
Togo,1997,8170, 1.817 ,1.643399358,15328,
Togo,1998,7102, 1.887 ,1.663289666,15633,
Togo,1999,7824, 1.955 ,1.683420658,15653,
Togo,2000,7338, 2.026 ,1.703795314,15895,
Togo,2001,7352, 2.088 ,1.713900924,16196,
Togo,2002,7668, 2.147 ,1.722733021,16564,
Togo,2003,7884, 2.206 ,1.731610656,16956,
Togo,2004,7787, 2.270 ,1.740534067,17301,
Togo,2005,7510, 2.336 ,1.749503374,17726,
Togo,2006,13220, 2.405 ,1.752863526,18841,
Togo,2007,7666, 2.457 ,1.756229997,21117,
Togo,2008,7525, 2.509 ,1.759603024,25012,
Togo,2009,7828, 2.563 ,1.762982607,30780,
Togo,2010,8332, 2.617 ,1.766368508,37436,
Togo,2011,9202, 2.672 ,1.769806623,42158,
Togo,2012,10600, 2.714 ,1.773266554,40145,
Togo,2013,11353, 2.756 ,1.776748776,40456,
Togo,2014,12527, 2.797 ,1.780253291,40535,
Togo,2015,14190, 2.838 ,1.783780456,41638,
Togo,2016,15357, 2.917 ,1.787330389,41278,
Togo,2017,15795, 2.999 ,1.790903211,42521,
Togo,2018,16947, 3.082 ,1.79449904,43966,
Togo,2019,18066, 3.172 ,1.798118234,45573,
Thailand,1950,24300, 9.319 ,1.211704135,46011,
Thailand,1951,23497, 9.542 ,1.224767923,47257,
Thailand,1952,23473, 9.772 ,1.237972498,48940,
Thailand,1953,21670, 10.016 ,1.251319408,50518,
Thailand,1954,23637, 10.277 ,1.264810205,52257,
Thailand,1955,21862, 10.553 ,1.278446555,54342,
Thailand,1956,22996, 10.838 ,1.291734338,55938,
Thailand,1957,26064, 11.119 ,1.305160284,58503,
Thailand,1958,26831, 11.398 ,1.318725705,61223,
Thailand,1959,29709, 11.681 ,1.332432151,65030,
Thailand,1960,32988, 11.969 ,1.346281052,69359,
Thailand,1961,35089, 12.282 ,1.354767442,73542,
Thailand,1962,37074, 12.606 ,1.363307357,79841,
Thailand,1963,39615, 12.930 ,1.371901035,88090,
Thailand,1964,42928, 13.256 ,1.380548954,96073,
Thailand,1965,47873, 13.577 ,1.389251351,104818,
Thailand,1966,55947, 13.895 ,1.398008585,117313,
Thailand,1967,57420, 14.211 ,1.406821012,130493,
Thailand,1968,61527, 14.532 ,1.415688992,144983,
Thailand,1969,67976, 14.861 ,1.42461288,162570,
Thailand,1970,91711, 15.205 ,1.433593035,185120,2455.393983
Thailand,1971,96459, 15.630 ,1.445798635,205855,2455.359404
Thailand,1972,100697, 16.057 ,1.458108068,225185,2352.250486
Thailand,1973,109692, 16.495 ,1.470522404,244700,2471.673112
Thailand,1974,114194, 16.948 ,1.483042359,263984,2489.017171
Thailand,1975,120056, 17.410 ,1.495668888,281808,2461.744941
Thailand,1976,130763, 17.881 ,1.508402944,296783,2457.493108
Thailand,1977,145107, 18.359 ,1.52124536,312055,2453.686057
Thailand,1978,159677, 19.442 ,1.534197211,323836,2528.999188
Thailand,1979,168979, 19.122 ,1.547259331,330057,2619.876586
Thailand,1980,177034, 20.313 ,1.560432553,333020,2710.093818
Thailand,1981,187471, 20.869 ,1.612677336,340631,2632.85031
Thailand,1982,194600, 21.420 ,1.666671276,347982,2348.657751
Thailand,1983,205078, 22.933 ,1.719183922,359900,2682.073214
Thailand,1984,216330, 24.282 ,1.762392163,377036,2700.727267
Thailand,1985,223672, 24.334 ,1.806686401,397064,2672.274867
Thailand,1986,227546, 25.109 ,1.852093935,423505,2671.415894
Thailand,1987,247932, 26.404 ,1.89864254,467778,2625.665319
Thailand,1988,276851, 27.776 ,1.946361184,537800,2648.563846
Thailand,1989,303262, 28.479 ,1.995278955,640195,2715.418308
Thailand,1990,335174, 28.705 ,2.045426369,796134,2579.754681
Thailand,1991,356749, 29.032 ,2.064236403,996615,2627.615541
Thailand,1992,395548, 30.344 ,2.083219528,1256489,2643.707779
Thailand,1993,429723, 30.317 ,2.102377176,1589928,2564.596325
Thailand,1994,468360, 30.343 ,2.121711016,1996790,2614.280356
Thailand,1995,531390, 30.928 ,2.141222477,2427275,2609.088437
Thailand,1996,587974, 30.698 ,2.160913467,2776098,2555.235223
Thailand,1997,539805, 31.580 ,2.180785656,2877671,2485.23087
Thailand,1998,456835, 30.615 ,2.200840473,2764988,2533.818656
Thailand,1999,472419, 30.578 ,2.221079826,2630079,2498.467839
Thailand,2000,488188, 31.474 ,2.241505146,2469560,2502.659605
Thailand,2001,506629, 32.090 ,2.270840168,2342118,2404.506689
Thailand,2002,547570, 33.048 ,2.300559044,2277481,2393.93961
Thailand,2003,588623, 33.823 ,2.330666542,2248636,2383.696761
Thailand,2004,635383, 34.700 ,2.361168385,2272430,2389.00122
Thailand,2005,695141, 35.209 ,2.39206934,2358602,2337.942739
Thailand,2006,733309, 35.620 ,2.423374653,2518898,2325.651891
Thailand,2007,783734, 36.189 ,2.455089569,2756838,2329.801127
Thailand,2008,835993, 36.978 ,2.48721981,3068754,2342.091993
Thailand,2009,823401, 37.681 ,2.519770384,3396729,2354.111942
Thailand,2010,933518, 38.012 ,2.552746773,3748099,2349.356403
Thailand,2011,987365, 37.913 ,2.579838276,3986834,2357.546464
Thailand,2012,1093635, 38.279 ,2.605253458,4075451,2312.429854
Thailand,2013,1101013, 38.150 ,2.63137722,4163276,2273.493797
Thailand,2014,1070844, 38.016 ,2.658234119,4178545,2247.321066
Thailand,2015,1070242, 37.953 ,2.685849905,4170070,2186.46082
Thailand,2016,1090809, 37.614 ,2.714250803,4183659,2207.703751
Thailand,2017,1153408, 37.372 ,2.743464708,4257519,2092.9901
Thailand,2018,1175340, 37.792 ,2.773520708,4362395,2092.9901
Thailand,2019,1191733, 37.541 ,2.804448605,4478949,2092.9901
Tajikistan,1950,,,,,
Tajikistan,1951,,,,,
Tajikistan,1952,,,,,
Tajikistan,1953,,,,,
Tajikistan,1954,,,,,
Tajikistan,1955,,,,,
Tajikistan,1956,,,,,
Tajikistan,1957,,,,,
Tajikistan,1958,,,,,
Tajikistan,1959,,,,,
Tajikistan,1960,,,,,
Tajikistan,1961,,,,,
Tajikistan,1962,,,,,
Tajikistan,1963,,,,,
Tajikistan,1964,,,,,
Tajikistan,1965,,,,,
Tajikistan,1966,,,,,
Tajikistan,1967,,,,,
Tajikistan,1968,,,,,
Tajikistan,1969,,,,,
Tajikistan,1970,,,,,
Tajikistan,1971,,,,,
Tajikistan,1972,,,,,
Tajikistan,1973,,,,,
Tajikistan,1974,,,,,
Tajikistan,1975,,,,,
Tajikistan,1976,,,,,
Tajikistan,1977,,,,,
Tajikistan,1978,,,,,
Tajikistan,1979,,,,,
Tajikistan,1980,,,,,
Tajikistan,1981,,,,,
Tajikistan,1982,,,,,
Tajikistan,1983,,,,,
Tajikistan,1984,,,,,
Tajikistan,1985,,,,,
Tajikistan,1986,,,,,
Tajikistan,1987,,,,,
Tajikistan,1988,,,,,
Tajikistan,1989,,,,,
Tajikistan,1990,37712, 1.943 ,2.84784174,81669,
Tajikistan,1991,37419, 1.969 ,2.886538982,79087,
Tajikistan,1992,19218, 1.910 ,2.925762177,78858,
Tajikistan,1993,16872, 1.871 ,2.965518475,77261,
Tajikistan,1994,11325, 1.880 ,3.005815029,76164,
Tajikistan,1995,11391, 1.881 ,3.046658754,74321,
Tajikistan,1996,9479, 1.757 ,3.069699764,72354,
Tajikistan,1997,10381, 1.814 ,3.092915297,71597,
Tajikistan,1998,8911, 1.809 ,3.116306067,72431,
Tajikistan,1999,7576, 1.740 ,3.139873981,74312,
Tajikistan,2000,7837, 1.742 ,3.163619995,77227,
Tajikistan,2001,8546, 1.823 ,3.164700508,81275,
Tajikistan,2002,9296, 1.850 ,3.16578126,86913,
Tajikistan,2003,11374, 1.878 ,3.166862488,94132,
Tajikistan,2004,13116, 2.080 ,3.167943954,103163,
Tajikistan,2005,14028, 2.104 ,3.169026136,112706,
Tajikistan,2006,16110, 2.125 ,3.158856153,124728,
Tajikistan,2007,17536, 2.146 ,3.148718596,142078,
Tajikistan,2008,19415, 2.158 ,3.138613939,165590,
Tajikistan,2009,19252, 2.215 ,3.12854147,195384,
Tajikistan,2010,22948, 2.245 ,3.118501425,228480,
Tajikistan,2011,25908, 2.270 ,3.108621597,257154,
Tajikistan,2012,28621, 2.324 ,3.098814964,269841,
Tajikistan,2013,26728, 2.351 ,3.089081049,275804,
Tajikistan,2014,32635, 2.383 ,3.079419374,497920,
Tajikistan,2015,27879, 2.456 ,3.069828987,304004,
Tajikistan,2016,29727, 2.480 ,3.06030941,318910,
Tajikistan,2017,35591, 2.524 ,3.050859928,336679,
Tajikistan,2018,34027, 2.601 ,3.041479588,334016,
Tajikistan,2019,36294, 2.683 ,3.03216815,335252,
Turkmenistan,1950,,,,,
Turkmenistan,1951,,,,,
Turkmenistan,1952,,,,,
Turkmenistan,1953,,,,,
Turkmenistan,1954,,,,,
Turkmenistan,1955,,,,,
Turkmenistan,1956,,,,,
Turkmenistan,1957,,,,,
Turkmenistan,1958,,,,,
Turkmenistan,1959,,,,,
Turkmenistan,1960,,,,,
Turkmenistan,1961,,,,,
Turkmenistan,1962,,,,,
Turkmenistan,1963,,,,,
Turkmenistan,1964,,,,,
Turkmenistan,1965,,,,,
Turkmenistan,1966,,,,,
Turkmenistan,1967,,,,,
Turkmenistan,1968,,,,,
Turkmenistan,1969,,,,,
Turkmenistan,1970,,,,,
Turkmenistan,1971,,,,,
Turkmenistan,1972,,,,,
Turkmenistan,1973,,,,,
Turkmenistan,1974,,,,,
Turkmenistan,1975,,,,,
Turkmenistan,1976,,,,,
Turkmenistan,1977,,,,,
Turkmenistan,1978,,,,,
Turkmenistan,1979,,,,,
Turkmenistan,1980,,,,,
Turkmenistan,1981,,,,,
Turkmenistan,1982,,,,,
Turkmenistan,1983,,,,,
Turkmenistan,1984,,,,,
Turkmenistan,1985,,,,,
Turkmenistan,1986,,,,,
Turkmenistan,1987,,,,,
Turkmenistan,1988,,,,,
Turkmenistan,1989,,,,,
Turkmenistan,1990,43304, 1.486 ,,162139,
Turkmenistan,1991,40962, 1.545 ,,170297,
Turkmenistan,1992,35106, 1.607 ,,177466,
Turkmenistan,1993,39559, 1.667 ,,186419,
Turkmenistan,1994,28168, 1.739 ,,189777,
Turkmenistan,1995,25015, 1.805 ,,190801,
Turkmenistan,1996,27762, 1.842 ,,198583,
Turkmenistan,1997,29258, 1.883 ,,203758,
Turkmenistan,1998,31647, 1.904 ,,211805,
Turkmenistan,1999,33224, 1.913 ,,218783,
Turkmenistan,2000,36285, 1.965 ,,225292,
Turkmenistan,2001,34466, 2.000 ,,231919,
Turkmenistan,2002,35956, 2.044 ,,237439,
Turkmenistan,2003,38328, 2.085 ,,242061,
Turkmenistan,2004,40489, 2.147 ,,246614,
Turkmenistan,2005,48081, 2.215 ,,253293,
Turkmenistan,2006,51506, 2.285 ,,259163,
Turkmenistan,2007,55440, 2.366 ,,265569,
Turkmenistan,2008,58413, 2.453 ,,285229,
Turkmenistan,2009,87494, 2.536 ,,317354,
Turkmenistan,2010,91654, 2.621 ,,354937,
Turkmenistan,2011,94283, 2.699 ,,397184,
Turkmenistan,2012,100745, 2.772 ,,435956,
Turkmenistan,2013,112830, 2.841 ,,485125,
Turkmenistan,2014,120570, 2.913 ,,542801,
Turkmenistan,2015,124587, 2.985 ,,591254,
Turkmenistan,2016,134119, 3.043 ,,644161,
Turkmenistan,2017,141747, 3.109 ,,701565,
Turkmenistan,2018,150274, 3.178 ,,761263,
Turkmenistan,2019,154649, 3.236 ,,823007,
Trinidad and Tobago,1950,3822, 0.212 ,1.818294644,3527,
Trinidad and Tobago,1951,4228, 0.217 ,1.832988977,3914,
Trinidad and Tobago,1952,4432, 0.219 ,1.847802162,4261,
Trinidad and Tobago,1953,4588, 0.223 ,1.862735033,4514,
Trinidad and Tobago,1954,4874, 0.227 ,1.877788663,4767,
Trinidad and Tobago,1955,5549, 0.232 ,1.892963886,5167,
Trinidad and Tobago,1956,6189, 0.237 ,1.899745226,5565,
Trinidad and Tobago,1957,6851, 0.242 ,1.906551003,6203,
Trinidad and Tobago,1958,7606, 0.247 ,1.9133811,6906,
Trinidad and Tobago,1959,8246, 0.254 ,1.920235634,7694,
Trinidad and Tobago,1960,9099, 0.259 ,1.927114725,8497,
Trinidad and Tobago,1961,10576, 0.265 ,1.93908,9108,
Trinidad and Tobago,1962,10685, 0.273 ,1.951119542,9816,
Trinidad and Tobago,1963,11600, 0.278 ,1.963233829,10302,
Trinidad and Tobago,1964,12510, 0.286 ,1.975423336,10761,
Trinidad and Tobago,1965,12353, 0.305 ,1.987688541,11412,
Trinidad and Tobago,1966,13026, 0.302 ,1.995777011,11812,
Trinidad and Tobago,1967,13809, 0.312 ,2.003898382,11933,
Trinidad and Tobago,1968,14702, 0.307 ,2.012053013,12202,
Trinidad and Tobago,1969,15934, 0.317 ,2.020240784,12263,
Trinidad and Tobago,1970,15701, 0.317 ,2.028461695,12825,
Trinidad and Tobago,1971,14919, 0.321 ,2.056300402,14105,
Trinidad and Tobago,1972,17225, 0.322 ,2.084521294,14994,
Trinidad and Tobago,1973,17132, 0.324 ,2.113129139,15601,
Trinidad and Tobago,1974,17468, 0.337 ,2.142129898,16881,
Trinidad and Tobago,1975,17742, 0.332 ,2.171528578,18647,
Trinidad and Tobago,1976,19665, 0.351 ,2.198521614,20495,
Trinidad and Tobago,1977,20765, 0.371 ,2.225850105,22334,
Trinidad and Tobago,1978,23138, 0.388 ,2.253518343,24945,
Trinidad and Tobago,1979,23967, 0.397 ,2.28153038,27343,
Trinidad and Tobago,1980,25498, 0.388 ,2.309890747,30633,
Trinidad and Tobago,1981,26669, 0.390 ,2.335908175,33035,
Trinidad and Tobago,1982,27579, 0.401 ,2.362218857,35416,
Trinidad and Tobago,1983,24513, 0.399 ,2.388825655,37360,
Trinidad and Tobago,1984,22765, 0.411 ,2.415732384,38920,
Trinidad and Tobago,1985,21359, 0.400 ,2.442942142,39940,
Trinidad and Tobago,1986,18877, 0.391 ,2.462799311,39627,
Trinidad and Tobago,1987,16664, 0.372 ,2.482818127,37810,
Trinidad and Tobago,1988,15444, 0.371 ,2.502999783,34895,
Trinidad and Tobago,1989,14372, 0.366 ,2.523345232,32399,
Trinidad and Tobago,1990,14884, 0.374 ,2.543856144,30215,
Trinidad and Tobago,1991,14549, 0.401 ,2.570188284,28499,1585.060053
Trinidad and Tobago,1992,13842, 0.406 ,2.59143734,26856,1564.750649
Trinidad and Tobago,1993,12968, 0.405 ,2.61286211,25638,1580.242383
Trinidad and Tobago,1994,12930, 0.416 ,2.634464025,25125,1591.537626
Trinidad and Tobago,1995,12998, 0.432 ,2.656244516,25341,1602.291619
Trinidad and Tobago,1996,12775, 0.444 ,2.678848267,25861,1618.53929
Trinidad and Tobago,1997,13024, 0.460 ,2.701644421,27629,1627.136567
Trinidad and Tobago,1998,12844, 0.479 ,2.724634409,29265,1630.515239
Trinidad and Tobago,1999,15187, 0.489 ,2.747819901,30178,1636.525061
Trinidad and Tobago,2000,18501, 0.503 ,2.771203041,31697,1663.895338
Trinidad and Tobago,2001,17567, 0.514 ,2.794570208,34644,1668.044695
Trinidad and Tobago,2002,18230, 0.525 ,2.818134308,37721,1634.80046
Trinidad and Tobago,2003,23580, 0.534 ,2.841897249,43151,
Trinidad and Tobago,2004,26160, 0.562 ,2.865860462,49637,
Trinidad and Tobago,2005,31927, 0.574 ,2.890025616,60549,
Trinidad and Tobago,2006,38434, 0.586 ,2.913143158,71963,
Trinidad and Tobago,2007,42103, 0.588 ,2.936445713,86043,
Trinidad and Tobago,2008,49106, 0.598 ,2.959934473,104120,
Trinidad and Tobago,2009,36662, 0.588 ,2.983611107,128669,
Trinidad and Tobago,2010,42359, 0.582 ,3.007477283,152060,
Trinidad and Tobago,2011,47839, 0.608 ,3.016028643,165719,
Trinidad and Tobago,2012,47265, 0.621 ,3.024604559,131462,
Trinidad and Tobago,2013,47050, 0.626 ,3.033204556,77712,
Trinidad and Tobago,2014,45341, 0.637 ,3.041829109,70665,
Trinidad and Tobago,2015,40055, 0.623 ,3.05047822,89107,
Trinidad and Tobago,2016,36639, 0.613 ,3.059151888,80709,
Trinidad and Tobago,2017,36123, 0.614 ,3.067850113,70580,
Trinidad and Tobago,2018,38292, 0.616 ,3.076573133,73142,
Trinidad and Tobago,2019,39957, 0.614 ,3.08532095,74219,
Tunisia,1950,,,,,
Tunisia,1951,,,,,
Tunisia,1952,,,,,
Tunisia,1953,,,,,
Tunisia,1954,,,,,
Tunisia,1955,,,,,
Tunisia,1956,,,,,
Tunisia,1957,,,,,
Tunisia,1958,,,,,
Tunisia,1959,,,,,
Tunisia,1960,7699, 1.201 ,1.089583039,13472,
Tunisia,1961,7951, 1.213 ,1.092287183,13749,
Tunisia,1962,8029, 1.223 ,1.094997883,14341,
Tunisia,1963,8832, 1.239 ,1.097715378,15087,
Tunisia,1964,9080, 1.255 ,1.100439548,15950,
Tunisia,1965,9450, 1.272 ,1.103170514,16785,
Tunisia,1966,9834, 1.292 ,1.111244678,17560,
Tunisia,1967,9869, 1.312 ,1.119377851,18315,
Tunisia,1968,10696, 1.331 ,1.12757051,19091,
Tunisia,1969,11135, 1.347 ,1.13582325,19904,
Tunisia,1970,14619, 1.374 ,1.14413631,21089,
Tunisia,1971,15933, 1.417 ,1.153553009,22400,
Tunisia,1972,18679, 1.500 ,1.163047075,23963,
Tunisia,1973,18863, 1.531 ,1.172619462,25424,
Tunisia,1974,20937, 1.571 ,1.182270527,27289,
Tunisia,1975,22450, 1.470 ,1.192000985,29731,
Tunisia,1976,23938, 1.542 ,1.214993715,32469,
Tunisia,1977,25060, 1.582 ,1.238429904,35174,
Tunisia,1978,26604, 1.632 ,1.262318134,37898,
Tunisia,1979,28519, 1.681 ,1.286667228,40850,
Tunisia,1980,31530, 1.726 ,1.311486006,43817,
Tunisia,1981,33451, 1.778 ,1.332599521,47539,
Tunisia,1982,34211, 1.833 ,1.35405302,52279,
Tunisia,1983,36456, 1.891 ,1.37585187,57606,
Tunisia,1984,38726, 1.949 ,1.398001552,64462,
Tunisia,1985,40390, 2.006 ,1.420507908,71397,
Tunisia,1986,40451, 2.066 ,1.451746464,78136,
Tunisia,1987,43405, 2.115 ,1.483672142,86252,
Tunisia,1988,45471, 2.173 ,1.516299725,96966,
Tunisia,1989,47708, 2.229 ,1.549644947,112065,
Tunisia,1990,51332, 2.283 ,1.583723307,132753,
Tunisia,1991,53533, 2.338 ,1.613787174,159730,
Tunisia,1992,59757, 2.403 ,1.644421816,197995,
Tunisia,1993,64226, 2.479 ,1.675637841,247983,
Tunisia,1994,70128, 2.556 ,1.707446575,307031,
Tunisia,1995,76384, 2.643 ,1.732247114,362091,
Tunisia,1996,87635, 2.725 ,1.759360552,392660,
Tunisia,1997,88314, 2.806 ,1.786898255,394242,
Tunisia,1998,87205, 2.875 ,1.814867139,382622,
Tunisia,1999,86711, 2.939 ,1.84327364,364436,
Tunisia,2000,89411, 3.000 ,1.872124791,342854,
Tunisia,2001,91175, 3.066 ,1.904421449,328519,
Tunisia,2002,90177, 3.106 ,1.93727529,317467,
Tunisia,2003,90783, 3.151 ,1.970695734,311110,
Tunisia,2004,92433, 3.205 ,2.004693031,310775,
Tunisia,2005,98043, 3.272 ,2.0392766,318547,
Tunisia,2006,102088, 3.362 ,2.073808432,340769,
Tunisia,2007,109196, 3.419 ,2.108925343,380874,
Tunisia,2008,115409, 3.472 ,2.144636631,441229,
Tunisia,2009,120414, 3.506 ,2.180952787,523417,
Tunisia,2010,127879, 3.575 ,2.217883825,606654,
Tunisia,2011,126175, 3.399 ,2.27330327,657942,
Tunisia,2012,128178, 3.494 ,2.330107212,590438,
Tunisia,2013,123666, 3.545 ,2.388330936,519382,
Tunisia,2014,123897, 3.582 ,2.448009253,455113,
Tunisia,2015,120725, 3.595 ,2.509178877,401531,
Tunisia,2016,122304, 3.599 ,2.567984104,350502,
Tunisia,2017,124740, 3.627 ,2.611011744,310991,
Tunisia,2018,127728, 3.646 ,2.654759884,317117,
Tunisia,2019,129699, 3.687 ,2.6992414,323799,
Turkey,1950,70226, 9.448 ,1.141769409,147919,
Turkey,1951,86965, 9.581 ,1.149555326,152641,
Turkey,1952,97249, 9.715 ,1.157394171,161234,
Turkey,1953,108719, 9.856 ,1.16528666,171225,
Turkey,1954,99278, 10.007 ,1.173232794,182050,
Turkey,1955,108534, 10.172 ,1.181233168,194235,
Turkey,1956,109221, 9.703 ,1.189169526,206789,
Turkey,1957,133024, 9.826 ,1.197159052,223497,
Turkey,1958,146551, 9.950 ,1.205202341,247081,
Turkey,1959,143634, 10.071 ,1.213299632,265457,
Turkey,1960,141207, 10.296 ,1.221451402,281777,
Turkey,1961,143903, 10.415 ,1.234321237,299601,
Turkey,1962,153057, 10.396 ,1.247326612,318260,
Turkey,1963,167907, 10.553 ,1.260469079,340090,
Turkey,1964,173420, 10.688 ,1.273749948,361669,
Turkey,1965,177497, 10.787 ,1.287170768,381757,
Turkey,1966,204556, 10.915 ,1.291937113,414455,
Turkey,1967,210225, 10.935 ,1.296720982,446739,
Turkey,1968,225294, 10.984 ,1.301522493,482775,
Turkey,1969,236162, 11.006 ,1.306341887,518487,
Turkey,1970,251502, 11.373 ,1.311179161,569149,2086
Turkey,1971,259013, 11.581 ,1.320658326,609295,2077
Turkey,1972,282291, 11.892 ,1.330206037,659814,2069
Turkey,1973,295297, 12.082 ,1.339822769,712520,2060
Turkey,1974,335374, 12.363 ,1.34950912,800018,2044
Turkey,1975,359578, 12.489 ,1.359265447,892509,2028
Turkey,1976,399348, 12.663 ,1.380540609,1015656,2012
Turkey,1977,392811, 13.076 ,1.402148724,1081121,1996
Turkey,1978,380368, 13.268 ,1.424094915,1123663,1980
Turkey,1979,374008, 13.488 ,1.446384788,1174257,1964
Turkey,1980,369811, 13.693 ,1.469023466,1204790,1957
Turkey,1981,414065, 13.813 ,1.512836695,1274523,1950
Turkey,1982,409847, 14.318 ,1.557956576,1335225,1943
Turkey,1983,429354, 14.614 ,1.604422212,1389356,1935
Turkey,1984,454959, 14.949 ,1.652273655,1445364,1871
Turkey,1985,480259, 15.463 ,1.701552153,1515906,1898
Turkey,1986,511320, 16.182 ,1.72277844,1561808,1883
Turkey,1987,569041, 16.910 ,1.742355108,1610871,1844
Turkey,1988,573380, 17.647 ,1.762154222,1610623,1837
Turkey,1989,573044, 18.040 ,1.782178402,1581757,1867
Turkey,1990,617188, 17.739 ,1.802430034,1562965,1866
Turkey,1991,590029, 18.459 ,1.812666893,1531002,1870
Turkey,1992,619450, 18.525 ,1.822961926,1510959,1897
Turkey,1993,682644, 17.571 ,1.833315372,1538773,1917
Turkey,1994,624674, 18.950 ,1.843727708,1535078,1886
Turkey,1995,692755, 19.410 ,1.854199052,1558471,1876
Turkey,1996,763157, 19.911 ,1.881823897,1619843,1892
Turkey,1997,802769, 19.832 ,1.909860253,1747078,1878
Turkey,1998,800282, 20.335 ,1.938314438,1869715,1884
Turkey,1999,764369, 20.567 ,1.967192411,1964004,1925
Turkey,2000,828606, 20.093 ,1.996500611,2029505,1937
Turkey,2001,809973, 20.013 ,2.017451048,1807209,1942
Turkey,2002,802634, 19.855 ,2.038621426,1501711,1943
Turkey,2003,786019, 19.667 ,2.060014009,1590735,1943
Turkey,2004,876370, 19.571 ,2.081631184,1817291,1918
Turkey,2005,971374, 20.067 ,2.103474855,1987330,1936
Turkey,2006,1108663, 20.447 ,2.125199795,2736273,1944
Turkey,2007,1207560, 20.766 ,2.147148848,3658775,1911
Turkey,2008,1286609, 21.225 ,2.169324636,3917047,1900
Turkey,2009,1245101, 21.260 ,2.191729546,3839462,1881
Turkey,2010,1430262, 22.582 ,2.214365721,4660638,1877
Turkey,2011,1600381, 24.076 ,2.245840788,4852698,1864
Turkey,2012,1682288, 24.798 ,2.27776289,5754042,1855
Turkey,2013,1796671, 25.523 ,2.310139179,6493510,1832
Turkey,2014,1890410, 25.931 ,2.342975378,7675241,1832
Turkey,2015,2022863, 26.620 ,2.3762784,8296090,1832
Turkey,2016,2020322, 27.205 ,2.410054684,8721540,1832
Turkey,2017,2158605, 28.189 ,2.44431138,8669485,1832
Turkey,2018,2264387, 28.741 ,2.479054689,9238967,1832
Turkey,2019,2248226, 28.087 ,2.514292002,9685274,1832
Taiwan,1950,,,,,
Taiwan,1951,12574, 3.082 ,1.451182961,21763,2356.400126
Taiwan,1952,14492, 3.136 ,1.464792609,22939,2353.476914
Taiwan,1953,16027, 3.176 ,1.47852993,23581,2350.557329
Taiwan,1954,17531, 3.222 ,1.492395997,24749,2347.641365
Taiwan,1955,18852, 3.254 ,1.506392241,25382,2344.729019
Taiwan,1956,20353, 3.290 ,1.522023439,26875,2341.820286
Taiwan,1957,22066, 3.332 ,1.537816882,27881,2338.915161
Taiwan,1958,23668, 3.367 ,1.553774238,29427,2336.01364
Taiwan,1959,25847, 3.389 ,1.569897175,30991,2333.115718
Taiwan,1960,27807, 3.434 ,1.586187363,33085,2330.221392
Taiwan,1961,30315, 3.559 ,1.592103243,35343,2327.330656
Taiwan,1962,32503, 3.680 ,1.598041058,37699,2324.443506
Taiwan,1963,35690, 3.809 ,1.604001045,40763,2321.559938
Taiwan,1964,40280, 3.858 ,1.609983206,44049,2318.679946
Taiwan,1965,45831, 3.884 ,1.615987659,48383,2315.803528
Taiwan,1966,49458, 3.985 ,1.623901248,53849,2312.930678
Taiwan,1967,56063, 4.190 ,1.63185358,60805,2310.061392
Taiwan,1968,62314, 4.378 ,1.639844894,69065,2307.195665
Taiwan,1969,68513, 4.554 ,1.647875309,78116,2304.333494
Taiwan,1970,78168, 4.750 ,1.655945063,88084,2301.474873
Taiwan,1971,88813, 4.916 ,1.671615362,100678,2305.107096
Taiwan,1972,101260, 5.139 ,1.687433958,115343,2307.107539
Taiwan,1973,115732, 5.536 ,1.703402162,130438,2305.335832
Taiwan,1974,122489, 5.697 ,1.716963053,147008,2307.024828
Taiwan,1975,122819, 5.732 ,1.729195356,168170,2308.479862
Taiwan,1976,141924, 5.885 ,1.767424107,188304,2307.995769
Taiwan,1977,154575, 6.217 ,1.80649817,209389,2306.340565
Taiwan,1978,177038, 6.485 ,1.846436024,233384,2303.027619
Taiwan,1979,194693, 6.714 ,1.887256742,261582,2336.617381
Taiwan,1980,210370, 6.849 ,1.928980112,293385,2313.90881
Taiwan,1981,223627, 6.977 ,1.968637586,326832,2310.124048
Taiwan,1982,230600, 7.142 ,2.009110451,360026,2269.437857
Taiwan,1983,247597, 7.424 ,2.050415516,390012,2254.771905
Taiwan,1984,269092, 7.662 ,2.09256959,422706,2254.29881
Taiwan,1985,272119, 7.785 ,2.135590315,452836,2244.36381
Taiwan,1986,310067, 8.121 ,2.177501678,486925,2242.944524
Taiwan,1987,357424, 8.394 ,2.220235825,530886,2276.534286
Taiwan,1988,384007, 8.488 ,2.263808489,584259,2250.514048
Taiwan,1989,418249, 8.644 ,2.308236361,645207,2231.590238
Taiwan,1990,455793, 8.649 ,2.353536129,711421,2230.644047
Taiwan,1991,486784, 8.767 ,2.396707773,782052,2217.870476
Taiwan,1992,523227, 8.977 ,2.440671444,861022,2220.235952
Taiwan,1993,552491, 9.084 ,2.485441446,949124,2240.579048
Taiwan,1994,576884, 9.282 ,2.531032801,1045004,2184.753809
Taiwan,1995,605740, 9.368 ,2.571736336,1144491,2224.49381
Taiwan,1996,646417, 9.275 ,2.602967024,1241055,2198.000476
Taiwan,1997,685123, 9.390 ,2.634576797,1348453,2141.229047
Taiwan,1998,717350, 9.425 ,2.666570425,1466837,2192.323334
Taiwan,1999,748595, 9.458 ,2.698952675,1579048,2190.430952
Taiwan,2000,788858, 9.597 ,2.731728077,1696851,2180.495953
Taiwan,2001,766050, 9.383 ,2.773245096,1775387,2125.616905
Taiwan,2002,790818, 9.454 ,2.815392971,1854604,2111.897143
Taiwan,2003,810433, 9.574 ,2.858181477,1933964,2117.10119
Taiwan,2004,851909, 9.784 ,2.901620388,2033946,2135.551905
Taiwan,2005,913995, 9.943 ,2.945719242,2149721,2127.509286
Taiwan,2006,924954, 10.113 ,2.97183919,2306271,2134.605714
Taiwan,2007,955064, 10.292 ,2.998190403,2543406,2129.874762
Taiwan,2008,921003, 10.404 ,3.024775267,2821361,2073.576429
Taiwan,2009,883761, 10.279 ,3.051596165,3142743,2054.179524
Taiwan,2010,964466, 10.493 ,3.078654766,3483864,2062.695238
Taiwan,2011,1003914, 10.709 ,3.106996775,3677695,2052.760238
Taiwan,2012,1015384, 10.860 ,3.135961056,3638505,2066.953095
Taiwan,2013,1009084, 10.967 ,3.165565014,3662728,2062.222143
Taiwan,2014,1044386, 11.079 ,3.195826054,3663499,
Taiwan,2015,1037210, 11.198 ,3.226762533,3614061,2152.289784
Taiwan,2016,1030849, 11.267 ,3.258393526,3546085,2123.758263
Taiwan,2017,1068841, 11.351 ,3.290738106,3549967,2092.53818
Taiwan,2018,1075540, 11.435 ,3.323816776,3629686,2090.070564
Taiwan,2019,1103380, 11.500 ,3.357650518,3739328,2085.135333
U.R. of Tanzania: Mainland,1950,,,,,
U.R. of Tanzania: Mainland,1951,,,,,
U.R. of Tanzania: Mainland,1952,,,,,
U.R. of Tanzania: Mainland,1953,,,,,
U.R. of Tanzania: Mainland,1954,,,,,
U.R. of Tanzania: Mainland,1955,,,,,
U.R. of Tanzania: Mainland,1956,,,,,
U.R. of Tanzania: Mainland,1957,,,,,
U.R. of Tanzania: Mainland,1958,,,,,
U.R. of Tanzania: Mainland,1959,,,,,
U.R. of Tanzania: Mainland,1960,11682, 4.320 ,1.304900289,19162,
U.R. of Tanzania: Mainland,1961,12000, 4.535 ,1.304900289,20008,
U.R. of Tanzania: Mainland,1962,13158, 4.599 ,1.304900289,20750,
U.R. of Tanzania: Mainland,1963,14124, 4.674 ,1.304900289,21430,
U.R. of Tanzania: Mainland,1964,16337, 4.766 ,1.304900289,22944,
U.R. of Tanzania: Mainland,1965,16516, 4.871 ,1.304900289,24800,
U.R. of Tanzania: Mainland,1966,17761, 4.995 ,1.304900289,26914,
U.R. of Tanzania: Mainland,1967,18757, 5.114 ,1.304900289,29475,
U.R. of Tanzania: Mainland,1968,20043, 5.311 ,1.304900289,32276,
U.R. of Tanzania: Mainland,1969,20976, 5.502 ,1.304900289,34541,
U.R. of Tanzania: Mainland,1970,22697, 5.732 ,1.304900289,38841,
U.R. of Tanzania: Mainland,1971,23811, 5.913 ,1.305250764,43926,
U.R. of Tanzania: Mainland,1972,25127, 6.097 ,1.305601358,48312,
U.R. of Tanzania: Mainland,1973,27007, 6.277 ,1.305951953,52154,
U.R. of Tanzania: Mainland,1974,27996, 6.480 ,1.306302786,55869,
U.R. of Tanzania: Mainland,1975,30167, 6.681 ,1.306653619,59641,
U.R. of Tanzania: Mainland,1976,33140, 6.971 ,1.307004452,63589,
U.R. of Tanzania: Mainland,1977,32221, 7.228 ,1.307355523,68054,
U.R. of Tanzania: Mainland,1978,33053, 7.510 ,1.307706594,72075,
U.R. of Tanzania: Mainland,1979,33870, 7.720 ,1.308057904,76536,
U.R. of Tanzania: Mainland,1980,32246, 7.913 ,1.308409214,79650,
U.R. of Tanzania: Mainland,1981,28639, 8.124 ,1.308744192,85725,
U.R. of Tanzania: Mainland,1982,28942, 8.350 ,1.309079409,99410,
U.R. of Tanzania: Mainland,1983,30606, 8.539 ,1.309414744,119083,
U.R. of Tanzania: Mainland,1984,32498, 8.818 ,1.30975008,144051,
U.R. of Tanzania: Mainland,1985,37142, 9.103 ,1.310085535,157894,
U.R. of Tanzania: Mainland,1986,25189, 9.340 ,1.31042099,155929,
U.R. of Tanzania: Mainland,1987,20855, 9.651 ,1.310756683,154106,
U.R. of Tanzania: Mainland,1988,27297, 9.969 ,1.311092377,150819,
U.R. of Tanzania: Mainland,1989,26266, 10.270 ,1.311428189,147450,
U.R. of Tanzania: Mainland,1990,26849, 10.569 ,1.311764002,147411,
U.R. of Tanzania: Mainland,1991,27257, 10.889 ,1.3293643,147311,
U.R. of Tanzania: Mainland,1992,25942, 11.212 ,1.347200632,147949,
U.R. of Tanzania: Mainland,1993,24758, 11.474 ,1.365276456,147301,
U.R. of Tanzania: Mainland,1994,24557, 11.763 ,1.383594632,146714,
U.R. of Tanzania: Mainland,1995,26638, 12.029 ,1.402158737,144532,
U.R. of Tanzania: Mainland,1996,28383, 12.304 ,1.42097187,142947,
U.R. of Tanzania: Mainland,1997,31518, 12.591 ,1.44003737,141753,
U.R. of Tanzania: Mainland,1998,33906, 12.873 ,1.459358692,141838,
U.R. of Tanzania: Mainland,1999,36162, 13.161 ,1.478939295,141407,
U.R. of Tanzania: Mainland,2000,38668, 13.440 ,1.498782635,141272,
U.R. of Tanzania: Mainland,2001,42012, 13.758 ,1.508247495,142452,
U.R. of Tanzania: Mainland,2002,46124, 14.140 ,1.517772079,146025,
U.R. of Tanzania: Mainland,2003,49446, 14.672 ,1.527356982,151143,
U.R. of Tanzania: Mainland,2004,52621, 15.258 ,1.537002325,158238,
U.R. of Tanzania: Mainland,2005,59615, 15.914 ,1.546708465,171158,
U.R. of Tanzania: Mainland,2006,66071, 16.644 ,1.556475997,190091,
U.R. of Tanzania: Mainland,2007,72606, 16.991 ,1.566305161,227510,
U.R. of Tanzania: Mainland,2008,79839, 17.383 ,1.576196551,289934,
U.R. of Tanzania: Mainland,2009,85677, 17.776 ,1.586150289,370932,
U.R. of Tanzania: Mainland,2010,98451, 18.242 ,1.596166849,475403,
U.R. of Tanzania: Mainland,2011,115992, 18.739 ,1.609234691,560172,
U.R. of Tanzania: Mainland,2012,108956, 19.098 ,1.622409344,484519,
U.R. of Tanzania: Mainland,2013,113288, 19.516 ,1.635692,429992,
U.R. of Tanzania: Mainland,2014,114265, 20.030 ,1.649083376,394317,
U.R. of Tanzania: Mainland,2015,123524, 20.775 ,1.662584305,370205,
U.R. of Tanzania: Mainland,2016,123973, 21.461 ,1.67619586,339083,
U.R. of Tanzania: Mainland,2017,122196, 22.173 ,1.689918876,312092,
U.R. of Tanzania: Mainland,2018,126885, 22.911 ,1.703754187,348610,
U.R. of Tanzania: Mainland,2019,132987, 23.670 ,1.715594053,391569,
Uganda,1950,4849, 2.257 ,1.1111269,2374,
Uganda,1951,6045, 2.310 ,1.115081429,2701,
Uganda,1952,5698, 2.365 ,1.119050145,3200,
Uganda,1953,4700, 2.498 ,1.123033047,3661,
Uganda,1954,5131, 2.544 ,1.127030015,4072,
Uganda,1955,5175, 2.564 ,1.131041288,4563,
Uganda,1956,5246, 2.566 ,1.134261727,5026,
Uganda,1957,6101, 2.584 ,1.137491345,5324,
Uganda,1958,5861, 2.606 ,1.140730143,5620,
Uganda,1959,6171, 2.576 ,1.143978119,5825,
Uganda,1960,6085, 2.630 ,1.147235394,6011,
Uganda,1961,6203, 2.567 ,1.145892382,6302,
Uganda,1962,6350, 2.611 ,1.14455092,6625,
Uganda,1963,6491, 2.659 ,1.143210888,7102,
Uganda,1964,7037, 2.709 ,1.141872525,7851,
Uganda,1965,7109, 2.792 ,1.140535831,8493,
Uganda,1966,7507, 2.874 ,1.142593145,9065,
Uganda,1967,7366, 2.965 ,1.144654155,9795,
Uganda,1968,7773, 3.071 ,1.146718979,10537,
Uganda,1969,8510, 3.171 ,1.148787379,11483,
Uganda,1970,10398, 3.226 ,1.150859594,12112,
Uganda,1971,10343, 3.274 ,1.162609816,12785,
Uganda,1972,11428, 3.316 ,1.174479961,13384,
Uganda,1973,11860, 3.371 ,1.186471224,13849,
Uganda,1974,11262, 3.425 ,1.198585033,14293,
Uganda,1975,12008, 3.481 ,1.210822463,14656,
Uganda,1976,12606, 3.538 ,1.223715067,14928,
Uganda,1977,13080, 3.597 ,1.236745,15195,
Uganda,1978,12900, 3.658 ,1.249913692,15363,
Uganda,1979,10963, 3.720 ,1.263222575,15409,
Uganda,1980,10303, 3.784 ,1.276673198,15414,
Uganda,1981,10878, 3.860 ,1.291949987,15677,
Uganda,1982,12287, 3.937 ,1.307409644,15984,
Uganda,1983,13357, 4.017 ,1.323054314,16172,
Uganda,1984,13029, 4.100 ,1.338886142,16348,
Uganda,1985,12669, 4.186 ,1.354907393,16474,
Uganda,1986,12857, 4.274 ,1.373221874,16861,
Uganda,1987,13773, 4.366 ,1.391783834,17928,
Uganda,1988,14623, 4.461 ,1.410596728,19043,
Uganda,1989,15054, 4.559 ,1.429663897,20181,
Uganda,1990,15557, 4.662 ,1.448988795,21504,
Uganda,1991,15883, 4.784 ,1.473056674,22592,
Uganda,1992,16506, 4.934 ,1.497524261,23610,
Uganda,1993,17294, 5.096 ,1.522398233,24837,
Uganda,1994,23174, 5.270 ,1.547685385,26552,
Uganda,1995,23450, 5.459 ,1.57339263,29097,
Uganda,1996,23529, 5.666 ,1.593799233,31467,
Uganda,1997,24774, 5.894 ,1.614470601,34003,
Uganda,1998,27130, 6.145 ,1.63541007,37084,
Uganda,1999,28600, 6.424 ,1.656621099,40265,
Uganda,2000,30290, 6.736 ,1.678107262,43426,
Uganda,2001,32279, 7.086 ,1.703820109,47009,
Uganda,2002,34146, 7.483 ,1.724788547,51176,
Uganda,2003,35988, 8.008 ,1.744670868,56017,
Uganda,2004,38145, 8.272 ,1.76478231,61762,
Uganda,2005,42136, 8.549 ,1.785125732,69035,
Uganda,2006,45081, 8.840 ,1.821036458,79547,
Uganda,2007,48118, 9.156 ,1.857669592,97309,
Uganda,2008,51987, 9.480 ,1.895039678,123182,
Uganda,2009,57534, 9.868 ,1.933161497,158194,
Uganda,2010,63123, 10.105 ,1.97205019,200290,
Uganda,2011,68782, 10.347 ,2.018983364,236535,
Uganda,2012,66465, 10.601 ,2.067033291,221597,
Uganda,2013,67684, 11.670 ,2.116226673,208074,
Uganda,2014,70359, 12.088 ,2.166590929,196783,
Uganda,2015,75931, 12.596 ,2.218153954,179973,
Uganda,2016,75389, 13.387 ,2.27094388,166486,
Uganda,2017,79338, 14.224 ,2.324990273,153943,
Uganda,2018,85140, 14.836 ,2.380322933,165164,
Uganda,2019,92619, 15.492 ,2.43697238,177838,
Ukraine,1950,,,,,
Ukraine,1951,,,,,
Ukraine,1952,,,,,
Ukraine,1953,,,,,
Ukraine,1954,,,,,
Ukraine,1955,,,,,
Ukraine,1956,,,,,
Ukraine,1957,,,,,
Ukraine,1958,,,,,
Ukraine,1959,,,,,
Ukraine,1960,,,,,
Ukraine,1961,,,,,
Ukraine,1962,,,,,
Ukraine,1963,,,,,
Ukraine,1964,,,,,
Ukraine,1965,,,,,
Ukraine,1966,,,,,
Ukraine,1967,,,,,
Ukraine,1968,,,,,
Ukraine,1969,,,,,
Ukraine,1970,,,,,
Ukraine,1971,,,,,
Ukraine,1972,,,,,
Ukraine,1973,,,,,
Ukraine,1974,,,,,
Ukraine,1975,,,,,
Ukraine,1976,,,,,
Ukraine,1977,,,,,
Ukraine,1978,,,,,
Ukraine,1979,,,,,
Ukraine,1980,,,,,
Ukraine,1981,,,,,
Ukraine,1982,,,,,
Ukraine,1983,,,,,
Ukraine,1984,,,,,
Ukraine,1985,,,,,
Ukraine,1986,,,,,
Ukraine,1987,,,,,
Ukraine,1988,,,,,
Ukraine,1989,,,,,
Ukraine,1990,614836, 25.068 ,2.765498161,2893033,
Ukraine,1991,571082, 24.597 ,2.799876213,2946823,
Ukraine,1992,524222, 24.029 ,2.834681749,3017706,
Ukraine,1993,419867, 23.426 ,2.869920015,3027906,
Ukraine,1994,343169, 22.561 ,2.905596018,3004624,
Ukraine,1995,301517, 23.705 ,2.941715717,2958491,
Ukraine,1996,290502, 23.745 ,2.967165709,2897247,
Ukraine,1997,261243, 23.414 ,2.992835999,2824091,
Ukraine,1998,247677, 22.662 ,3.018728256,2748209,
Ukraine,1999,239277, 19.751 ,3.044844627,2653038,
Ukraine,2000,237865, 19.886 ,3.071186781,2552387,
Ukraine,2001,252439, 19.708 ,3.091333866,2466424,
Ukraine,2002,264554, 19.836 ,3.111612797,2390405,
Ukraine,2003,294260, 19.900 ,3.132025003,2331512,
Ukraine,2004,323805, 20.024 ,3.152570963,2294957,
Ukraine,2005,375066, 20.408 ,3.173251629,2273001,
Ukraine,2006,416075, 20.661 ,3.181306839,2263835,
Ukraine,2007,472385, 20.818 ,3.189382792,2269817,
Ukraine,2008,508444, 21.004 ,3.197478771,2280689,
Ukraine,2009,425954, 20.193 ,3.205595732,2248297,
Ukraine,2010,440252, 20.253 ,3.213732958,2211308,
Ukraine,2011,492156, 20.284 ,3.221972466,2186528,
Ukraine,2012,524208, 20.274 ,3.230260849,2622620,
Ukraine,2013,543766, 20.307 ,3.23859787,3068193,
Ukraine,2014,522991, 18.386 ,3.246984243,3596534,
Ukraine,2015,466740, 16.587 ,3.255420208,4445436,
Ukraine,2016,488486, 16.411 ,3.263906479,5294900,
Ukraine,2017,537900, 16.263 ,3.272443056,6488015,
Ukraine,2018,561325, 16.381 ,3.281030178,6541193,
Ukraine,2019,578291, 16.499 ,3.28966856,6535627,
Uruguay,1950,14250, 0.834 ,1.721686363,8152,
Uruguay,1951,16781, 0.848 ,1.728944778,12193,
Uruguay,1952,15943, 0.858 ,1.736233711,15451,
Uruguay,1953,16730, 0.867 ,1.743553638,17877,
Uruguay,1954,18449, 0.878 ,1.750904202,21284,
Uruguay,1955,19022, 0.889 ,1.758285761,23954,
Uruguay,1956,19006, 0.901 ,1.768059373,26249,
Uruguay,1957,19624, 0.912 ,1.777887225,28777,
Uruguay,1958,18596, 0.923 ,1.787769794,30159,
Uruguay,1959,18022, 0.934 ,1.7977072,32182,
Uruguay,1960,18814, 0.945 ,1.807699919,33451,
Uruguay,1961,19071, 0.955 ,1.814166427,35186,
Uruguay,1962,19305, 0.966 ,1.820656061,37286,
Uruguay,1963,18942, 0.976 ,1.827168941,37936,
Uruguay,1964,19685, 0.985 ,1.833705068,40351,
Uruguay,1965,19664, 0.993 ,1.840264559,40663,
Uruguay,1966,20437, 1.001 ,1.859355211,42159,
Uruguay,1967,19815, 1.009 ,1.87864387,42451,
Uruguay,1968,20139, 1.016 ,1.898132682,43103,
Uruguay,1969,21488, 1.023 ,1.917823672,44523,
Uruguay,1970,23006, 1.028 ,1.937718868,46139,
Uruguay,1971,23140, 1.032 ,1.952311039,48224,
Uruguay,1972,22478, 1.033 ,1.967013001,48831,
Uruguay,1973,22997, 1.034 ,1.981825709,50326,
Uruguay,1974,23428, 1.034 ,1.996749997,52094,
Uruguay,1975,24340, 1.037 ,2.011786699,53032,
Uruguay,1976,24633, 1.041 ,2.037751913,55935,
Uruguay,1977,24411, 1.047 ,2.064052105,60898,
Uruguay,1978,25698, 1.054 ,2.090692043,68204,
Uruguay,1979,28035, 1.062 ,2.117675543,79112,
Uruguay,1980,29880, 1.069 ,2.14500761,88258,
Uruguay,1981,30236, 1.088 ,2.171497345,94687,
Uruguay,1982,27164, 1.107 ,2.19831419,98749,
Uruguay,1983,24300, 1.126 ,2.225462198,98063,
Uruguay,1984,24138, 1.145 ,2.252945662,98264,
Uruguay,1985,23956, 1.164 ,2.280768394,98579,
Uruguay,1986,27217, 1.183 ,2.293541908,98057,
Uruguay,1987,30300, 1.203 ,2.306386948,99766,
Uruguay,1988,30097, 1.223 ,2.319303989,101074,
Uruguay,1989,30284, 1.243 ,2.332293272,104097,
Uruguay,1990,30051, 1.264 ,2.345355272,105496,1788
Uruguay,1991,31658, 1.278 ,2.354188919,110193,1781.500989
Uruguay,1992,35659, 1.310 ,2.363055706,114586,1775.0256
Uruguay,1993,36983, 1.306 ,2.371955872,119670,1768.573748
Uruguay,1994,40104, 1.345 ,2.380889416,124787,1762.145347
Uruguay,1995,39837, 1.378 ,2.389856815,128423,1755.740312
Uruguay,1996,42274, 1.394 ,2.420107126,131906,1749.358558
Uruguay,1997,42688, 1.411 ,2.450740099,134873,1743
Uruguay,1998,43364, 1.429 ,2.481760979,137904,1736.664554
Uruguay,1999,41018, 1.412 ,2.513174534,138706,1722
Uruguay,2000,39230, 1.393 ,2.544985533,138145,1704.076864
Uruguay,2001,37432, 1.390 ,2.54196763,137830,1672.772102
Uruguay,2002,34424, 1.338 ,2.538953304,136874,1635.878761
Uruguay,2003,34093, 1.327 ,2.535942554,136853,1612.803773
Uruguay,2004,35255, 1.383 ,2.532935381,138716,1638.448166
Uruguay,2005,37303, 1.406 ,2.529931784,142908,1628.001196
Uruguay,2006,39443, 1.457 ,2.54152894,151818,1622.795805
Uruguay,2007,43549, 1.519 ,2.553179264,167408,1608.597664
Uruguay,2008,48787, 1.566 ,2.563280344,191036,1623.333698
Uruguay,2009,51839, 1.589 ,2.57118535,215831,1603.92234
Uruguay,2010,59495, 1.604 ,2.579114676,243267,1597.606692
Uruguay,2011,65197, 1.640 ,2.600324631,262019,1592.420275
Uruguay,2012,66607, 1.636 ,2.621709108,268925,1578.635308
Uruguay,2013,67685, 1.634 ,2.6432693,276944,1571.799287
Uruguay,2014,70459, 1.655 ,2.665006876,279859,1567.337356
Uruguay,2015,70094, 1.639 ,2.686923265,288794,1556.428331
Uruguay,2016,69974, 1.636 ,2.709019899,294405,1532.51374
Uruguay,2017,70848, 1.634 ,2.731298208,311680,1532.51374
Uruguay,2018,70566, 1.629 ,2.753759623,313389,1532.51374
Uruguay,2019,71123, 1.635 ,2.776405811,317724,1532.51374
United States,1950,2475628, 62.814 ,2.583212852,10563535,1990.144875
United States,1951,2660816, 65.093 ,2.595999956,10897412,2031.635134
United States,1952,2751934, 65.884 ,2.608850241,11257288,2027.812612
United States,1953,2878353, 66.821 ,2.621764421,11665734,2021.450284
United States,1954,2869544, 65.598 ,2.634742498,12055788,1998.127345
United States,1955,3086558, 67.497 ,2.647784472,12493714,2005.584143
United States,1956,3157588, 69.130 ,2.662317276,12927628,1990.458687
United States,1957,3226405, 69.468 ,2.676929951,13351198,1962.60482
United States,1958,3193747, 68.217 ,2.691622734,13734439,1928.461296
United States,1959,3426016, 69.783 ,2.706396103,14218811,1953.84128
United States,1960,3522116, 70.957 ,2.721250534,14693844,1935.263041
United States,1961,3612333, 71.007 ,2.755555153,15186402,1920.714524
United States,1962,3829603, 72.063 ,2.790292025,15740184,1940.234114
United States,1963,4000103, 73.074 ,2.825466871,16341326,1928.448832
United States,1964,4240599, 74.740 ,2.861085176,17002892,1935.148832
United States,1965,4515720, 76.513 ,2.897152424,17730896,1955.096567
United States,1966,4806582, 78.847 ,2.928370714,18508464,1963.907705
United States,1967,4924768, 80.663 ,2.959925413,19240100,1941.092771
United States,1968,5157128, 82.270 ,2.991819859,19990780,1937.417662
United States,1969,5321576, 84.234 ,3.024058342,20734944,1938.099795
United States,1970,5330969, 84.697 ,3.056643963,21379222,1893.423643
United States,1971,5507688, 84.701 ,3.089885235,22033434,1877.651205
United States,1972,5805977, 86.973 ,3.123487711,22780352,1874.222433
United States,1973,6163076, 89.761 ,3.157455921,23606832,1872.663177
United States,1974,6107468, 91.433 ,3.191793442,24311020,1844.781223
United States,1975,6077310, 90.273 ,3.226504326,24845978,1813.247994
United States,1976,6423950, 93.088 ,3.249995708,25479700,1809.29707
United States,1977,6727648, 96.262 ,3.273658037,26253466,1809.376655
United States,1978,7114126, 100.194 ,3.297492504,27175102,1815.715637
United States,1979,7350355, 102.811 ,3.321500778,28144408,1817.713817
United States,1980,7309359, 103.071 ,3.345683813,28952350,1801.611445
United States,1981,7496487, 104.216 ,3.354768991,29738416,1790.005617
United States,1982,7323942, 103.409 ,3.363878965,30368476,1770.666091
United States,1983,7655244, 104.779 ,3.373013735,31093094,1779.871537
United States,1984,8235799, 109.116 ,3.3821733,32068474,1795.576641
United States,1985,8533360, 111.384 ,3.39135766,33126930,1801.137378
United States,1986,8808309, 113.924 ,3.400060654,34181908,1780.839365
United States,1987,9116680, 116.886 ,3.408786058,35208520,1788.517421
United States,1988,9489531, 119.455 ,3.417533636,36224080,1798.271529
United States,1989,9822400, 121.828 ,3.426303864,37241976,1810.293103
United States,1990,9978170, 123.046 ,3.435096502,38181020,1795.56791
United States,1991,9939456, 121.567 ,3.452302456,38943404,1787.337817
United States,1992,10301173, 121.797 ,3.469594955,39749448,1774.882852
United States,1993,10602463, 123.121 ,3.486973524,40619168,1789.954717
United States,1994,11054640, 125.690 ,3.504439592,41576692,1807.827339
United States,1995,11361680, 127.463 ,3.52199316,42588924,1817.474328
United States,1996,11815750, 129.358 ,3.533238888,43715280,1823.520522
United States,1997,12360252, 132.363 ,3.544520617,44934620,1828.488276
United States,1998,12924324, 134.501 ,3.555838585,46303492,1839.196147
United States,1999,13526821, 136.756 ,3.567192554,47787512,1841.333456
United States,2000,14095967, 138.636 ,3.578582525,49329068,1844.85398
United States,2001,14205419, 138.647 ,3.588337183,50696672,1823.659338
United States,2002,14396938, 138.152 ,3.598118544,51888828,1806.690813
United States,2003,14799683, 138.691 ,3.60792613,53147924,1790.841678
United States,2004,15372598, 140.270 ,3.617760897,54536708,1789.52746
United States,2005,15920553, 142.493 ,3.627622366,56048904,1787.013857
United States,2006,16386528, 145.094 ,3.642328978,57539900,1787.351164
United States,2007,16702365, 146.396 ,3.657094717,58882244,1785.883505
United States,2008,16671577, 146.229 ,3.671920776,59952004,1765.766303
United States,2009,16195003, 141.221 ,3.686806679,60486828,1728.607649
United States,2010,16651722, 140.714 ,3.701753378,61035260,1735.011206
United States,2011,16943864, 142.147 ,3.707010984,61657100,1744.908365
United States,2012,17382956, 144.588 ,3.712275982,62424364,1746.858564
United States,2013,17764046, 145.978 ,3.717548609,63225060,1752.532776
United States,2014,18244220, 148.221 ,3.722828627,64118460,1758.268517
United States,2015,18785358, 150.248 ,3.728116274,65053528,1770.023174
United States,2016,19095196, 152.397 ,3.733411312,65971316,1766.744125
United States,2017,19542980, 154.672 ,3.73871398,66940280,1763.726676
United States,2018,20155260, 156.676 ,3.7440238,68005664,1774.703811
United States,2019,20595844, 158.300 ,3.749341488,69059488,1765.34639
Uzbekistan,1950,,,,,
Uzbekistan,1951,,,,,
Uzbekistan,1952,,,,,
Uzbekistan,1953,,,,,
Uzbekistan,1954,,,,,
Uzbekistan,1955,,,,,
Uzbekistan,1956,,,,,
Uzbekistan,1957,,,,,
Uzbekistan,1958,,,,,
Uzbekistan,1959,,,,,
Uzbekistan,1960,,,,,
Uzbekistan,1961,,,,,
Uzbekistan,1962,,,,,
Uzbekistan,1963,,,,,
Uzbekistan,1964,,,,,
Uzbekistan,1965,,,,,
Uzbekistan,1966,,,,,
Uzbekistan,1967,,,,,
Uzbekistan,1968,,,,,
Uzbekistan,1969,,,,,
Uzbekistan,1970,,,,,
Uzbekistan,1971,,,,,
Uzbekistan,1972,,,,,
Uzbekistan,1973,,,,,
Uzbekistan,1974,,,,,
Uzbekistan,1975,,,,,
Uzbekistan,1976,,,,,
Uzbekistan,1977,,,,,
Uzbekistan,1978,,,,,
Uzbekistan,1979,,,,,
Uzbekistan,1980,,,,,
Uzbekistan,1981,,,,,
Uzbekistan,1982,,,,,
Uzbekistan,1983,,,,,
Uzbekistan,1984,,,,,
Uzbekistan,1985,,,,,
Uzbekistan,1986,,,,,
Uzbekistan,1987,,,,,
Uzbekistan,1988,,,,,
Uzbekistan,1989,,,,,
Uzbekistan,1990,127877, 7.827 ,,109124,
Uzbekistan,1991,122893, 8.187 ,,119864,
Uzbekistan,1992,100481, 8.181 ,,130249,
Uzbekistan,1993,119544, 8.160 ,,139597,
Uzbekistan,1994,103282, 8.280 ,,148321,
Uzbekistan,1995,102666, 8.348 ,,159419,
Uzbekistan,1996,112218, 8.452 ,,171284,
Uzbekistan,1997,107560, 8.567 ,,184551,
Uzbekistan,1998,105838, 8.689 ,,199162,
Uzbekistan,1999,112096, 8.781 ,,213285,
Uzbekistan,2000,110131, 8.886 ,,226747,
Uzbekistan,2001,119768, 9.041 ,,241898,
Uzbekistan,2002,128763, 9.237 ,,256349,
Uzbekistan,2003,136699, 9.499 ,,272831,
Uzbekistan,2004,146233, 9.839 ,,290939,
Uzbekistan,2005,154792, 10.153 ,,309503,
Uzbekistan,2006,160372, 10.465 ,,329620,
Uzbekistan,2007,183883, 10.785 ,,355531,
Uzbekistan,2008,191751, 11.149 ,,391034,
Uzbekistan,2009,211542, 11.517 ,,435850,
Uzbekistan,2010,215801, 11.900 ,,483308,
Uzbekistan,2011,245218, 12.279 ,,528296,
Uzbekistan,2012,272008, 12.678 ,,576970,
Uzbekistan,2013,286117, 13.079 ,,635435,
Uzbekistan,2014,299714, 13.482 ,,707119,
Uzbekistan,2015,324529, 13.832 ,,771617,
Uzbekistan,2016,329829, 14.187 ,,838802,
Uzbekistan,2017,355326, 14.525 ,,922329,
Uzbekistan,2018,398270, 14.357 ,,1037735,
Uzbekistan,2019,414768, 14.625 ,,1201077,
St. Vincent and the Grenadines,1950,,,,,
St. Vincent and the Grenadines,1951,,,,,
St. Vincent and the Grenadines,1952,,,,,
St. Vincent and the Grenadines,1953,,,,,
St. Vincent and the Grenadines,1954,,,,,
St. Vincent and the Grenadines,1955,,,,,
St. Vincent and the Grenadines,1956,,,,,
St. Vincent and the Grenadines,1957,,,,,
St. Vincent and the Grenadines,1958,,,,,
St. Vincent and the Grenadines,1959,,,,,
St. Vincent and the Grenadines,1960,,,,,
St. Vincent and the Grenadines,1961,,,,,
St. Vincent and the Grenadines,1962,,,,,
St. Vincent and the Grenadines,1963,,,,,
St. Vincent and the Grenadines,1964,,,,,
St. Vincent and the Grenadines,1965,,,,,
St. Vincent and the Grenadines,1966,,,,,
St. Vincent and the Grenadines,1967,,,,,
St. Vincent and the Grenadines,1968,,,,,
St. Vincent and the Grenadines,1969,,,,,
St. Vincent and the Grenadines,1970,375,,,348,
St. Vincent and the Grenadines,1971,386,,,356,
St. Vincent and the Grenadines,1972,483,,,370,
St. Vincent and the Grenadines,1973,434,,,377,
St. Vincent and the Grenadines,1974,395,,,384,
St. Vincent and the Grenadines,1975,357,,,389,
St. Vincent and the Grenadines,1976,417,,,394,
St. Vincent and the Grenadines,1977,409,,,406,
St. Vincent and the Grenadines,1978,460,,,413,
St. Vincent and the Grenadines,1979,479,,,427,
St. Vincent and the Grenadines,1980,485, 0.026 ,,447,
St. Vincent and the Grenadines,1981,521, 0.027 ,,462,
St. Vincent and the Grenadines,1982,552, 0.028 ,,472,
St. Vincent and the Grenadines,1983,577, 0.029 ,,475,
St. Vincent and the Grenadines,1984,599, 0.030 ,,491,
St. Vincent and the Grenadines,1985,564, 0.030 ,,507,
St. Vincent and the Grenadines,1986,610, 0.031 ,,529,
St. Vincent and the Grenadines,1987,648, 0.032 ,,555,
St. Vincent and the Grenadines,1988,727, 0.032 ,,583,
St. Vincent and the Grenadines,1989,723, 0.032 ,,608,
St. Vincent and the Grenadines,1990,714, 0.033 ,,645,
St. Vincent and the Grenadines,1991,818, 0.033 ,,675,
St. Vincent and the Grenadines,1992,919, 0.034 ,,693,
St. Vincent and the Grenadines,1993,856, 0.034 ,,714,
St. Vincent and the Grenadines,1994,825, 0.034 ,,738,
St. Vincent and the Grenadines,1995,873, 0.034 ,,774,
St. Vincent and the Grenadines,1996,899, 0.034 ,,812,
St. Vincent and the Grenadines,1997,879, 0.034 ,,846,
St. Vincent and the Grenadines,1998,806, 0.034 ,,912,
St. Vincent and the Grenadines,1999,774, 0.034 ,,989,
St. Vincent and the Grenadines,2000,939, 0.034 ,,1058,
St. Vincent and the Grenadines,2001,770, 0.034 ,,1156,
St. Vincent and the Grenadines,2002,798, 0.035 ,,1294,
St. Vincent and the Grenadines,2003,827, 0.035 ,,1495,
St. Vincent and the Grenadines,2004,838, 0.036 ,,1759,
St. Vincent and the Grenadines,2005,944, 0.036 ,,2113,
St. Vincent and the Grenadines,2006,1024, 0.037 ,,2636,
St. Vincent and the Grenadines,2007,1007, 0.037 ,,3354,
St. Vincent and the Grenadines,2008,1122, 0.038 ,,4403,
St. Vincent and the Grenadines,2009,1115, 0.037 ,,5678,
St. Vincent and the Grenadines,2010,1104, 0.038 ,,7052,
St. Vincent and the Grenadines,2011,1151, 0.038 ,,7807,
St. Vincent and the Grenadines,2012,1180, 0.038 ,,7765,
St. Vincent and the Grenadines,2013,1147, 0.038 ,,7803,
St. Vincent and the Grenadines,2014,1162, 0.039 ,,7341,
St. Vincent and the Grenadines,2015,1177, 0.039 ,,7832,
St. Vincent and the Grenadines,2016,1183, 0.039 ,,7615,
St. Vincent and the Grenadines,2017,1137, 0.040 ,,8157,
St. Vincent and the Grenadines,2018,1217, 0.040 ,,8356,
St. Vincent and the Grenadines,2019,1228, 0.040 ,,8471,
Venezuela (Bolivarian Republic of),1950,32480, 1.688 ,1.222430348,94330,2179
Venezuela (Bolivarian Republic of),1951,35887, 1.744 ,1.232072592,100324,2162.98027
Venezuela (Bolivarian Republic of),1952,41067, 1.801 ,1.24179101,109412,2147.078316
Venezuela (Bolivarian Republic of),1953,42297, 1.860 ,1.25158596,118129,2131.29327
Venezuela (Bolivarian Republic of),1954,46753, 1.921 ,1.261458278,128437,2115.624274
Venezuela (Bolivarian Republic of),1955,49780, 1.990 ,1.271408319,137905,2100.070475
Venezuela (Bolivarian Republic of),1956,53677, 2.055 ,1.276051402,148351,2084.631025
Venezuela (Bolivarian Republic of),1957,58797, 2.123 ,1.280711412,159325,2069.305084
Venezuela (Bolivarian Republic of),1958,62130, 2.193 ,1.28538847,169600,2054.091818
Venezuela (Bolivarian Republic of),1959,65107, 2.265 ,1.290082574,179781,2038.990397
Venezuela (Bolivarian Republic of),1960,61231, 2.346 ,1.294793725,184062,2024
Venezuela (Bolivarian Republic of),1961,63289, 2.414 ,1.301710486,188131,2016.57874
Venezuela (Bolivarian Republic of),1962,68023, 2.483 ,1.308664203,193249,2009.184691
Venezuela (Bolivarian Republic of),1963,73130, 2.555 ,1.315654993,198304,2001.817753
Venezuela (Bolivarian Republic of),1964,81260, 2.628 ,1.322683215,207601,1994.477828
Venezuela (Bolivarian Republic of),1965,84133, 2.709 ,1.329748988,216637,1987.164815
Venezuela (Bolivarian Republic of),1966,84655, 2.779 ,1.339734793,223439,1979.878616
Venezuela (Bolivarian Republic of),1967,87613, 2.851 ,1.34979558,230742,1972.619132
Venezuela (Bolivarian Republic of),1968,97650, 2.925 ,1.359931946,242775,1965.386267
Venezuela (Bolivarian Republic of),1969,103356, 3.000 ,1.370144486,254973,1958.179922
Venezuela (Bolivarian Republic of),1970,116952, 3.083 ,1.380433679,275253,1951
Venezuela (Bolivarian Republic of),1971,114361, 3.211 ,1.412070513,297275,1955.655549
Venezuela (Bolivarian Republic of),1972,118075, 3.313 ,1.444432497,323170,1960.322206
Venezuela (Bolivarian Republic of),1973,131426, 3.460 ,1.477535963,350940,1965
Venezuela (Bolivarian Republic of),1974,161325, 3.613 ,1.511398315,376767,1969.539841
Venezuela (Bolivarian Republic of),1975,158282, 3.763 ,1.546036601,412585,1974.090171
Venezuela (Bolivarian Republic of),1976,167355, 3.703 ,1.59543252,459466,1978.651014
Venezuela (Bolivarian Republic of),1977,174879, 3.781 ,1.646406651,522919,1983.222394
Venezuela (Bolivarian Republic of),1978,172011, 3.994 ,1.699009299,584397,1987.804335
Venezuela (Bolivarian Republic of),1979,182071, 4.106 ,1.742318749,625068,1992.396862
Venezuela (Bolivarian Republic of),1980,180427, 4.635 ,1.784113884,653867,1997
Venezuela (Bolivarian Republic of),1981,180591, 4.801 ,1.791624188,687005,1985.982177
Venezuela (Bolivarian Republic of),1982,171272, 4.927 ,1.799166083,715433,1975.025142
Venezuela (Bolivarian Republic of),1983,172140, 4.934 ,1.806739688,720727,1964.128558
Venezuela (Bolivarian Republic of),1984,175189, 4.938 ,1.814345241,718448,1953.292093
Venezuela (Bolivarian Republic of),1985,165227, 5.106 ,1.821982861,721383,1942.515415
Venezuela (Bolivarian Republic of),1986,155369, 5.396 ,1.820450664,726494,1931.798193
Venezuela (Bolivarian Republic of),1987,158820, 5.694 ,1.818919778,728909,1921.140101
Venezuela (Bolivarian Republic of),1988,163896, 6.035 ,1.817390084,739479,1910.540811
Venezuela (Bolivarian Republic of),1989,155405, 6.113 ,1.815861821,735343,1900
Venezuela (Bolivarian Republic of),1990,166739, 6.405 ,1.81433475,727044,1889
Venezuela (Bolivarian Republic of),1991,179544, 6.701 ,1.848043561,730726,1878.470655
Venezuela (Bolivarian Republic of),1992,186700, 6.986 ,1.882378459,749404,1868
Venezuela (Bolivarian Republic of),1993,179240, 7.103 ,1.917351484,765280,1888.883268
Venezuela (Bolivarian Republic of),1994,170907, 7.266 ,1.952974081,771915,1910
Venezuela (Bolivarian Republic of),1995,180977, 7.667 ,1.989258647,777778,1915.228492
Venezuela (Bolivarian Republic of),1996,179989, 7.819 ,2.020650864,780574,1920.471296
Venezuela (Bolivarian Republic of),1997,184174, 8.287 ,2.052538633,798209,1925.728453
Venezuela (Bolivarian Republic of),1998,169776, 8.711 ,2.084929228,825069,1931
Venezuela (Bolivarian Republic of),1999,173832, 8.726 ,2.117831469,838869,1886.896593
Venezuela (Bolivarian Republic of),2000,209659, 8.835 ,2.151252508,854467,1898.511779
Venezuela (Bolivarian Republic of),2001,204869, 9.403 ,2.1893363,883661,1869.472452
Venezuela (Bolivarian Republic of),2002,194629, 9.786 ,2.228094578,905121,1829.020296
Venezuela (Bolivarian Republic of),2003,191174, 9.994 ,2.267538548,920222,1801.210931
Venezuela (Bolivarian Republic of),2004,245472, 10.249 ,2.307681084,955015,1896.694937
Venezuela (Bolivarian Republic of),2005,314132, 10.405 ,2.348534346,1008332,1922.85012
Venezuela (Bolivarian Republic of),2006,373267, 11.017 ,2.397188187,1110380,1903.851607
Venezuela (Bolivarian Republic of),2007,428305, 11.350 ,2.4468503,1301570,
Venezuela (Bolivarian Republic of),2008,507575, 11.705 ,2.497540951,1587061,
Venezuela (Bolivarian Republic of),2009,442622, 11.927 ,2.549281836,1958128,
Venezuela (Bolivarian Republic of),2010,540224, 12.010 ,2.58825922,2352053,
Venezuela (Bolivarian Republic of),2011,597078, 12.237 ,2.620515108,2573523,
Venezuela (Bolivarian Republic of),2012,615473, 12.418 ,2.65317297,2582035,
Venezuela (Bolivarian Republic of),2013,589728, 12.791 ,2.686237574,2384527,
Venezuela (Bolivarian Republic of),2014,388620, 12.934 ,2.719714403,1676198,
Venezuela (Bolivarian Republic of),2015,159819, 12.978 ,2.753608465,1633571,
Venezuela (Bolivarian Republic of),2016,63499, 12.748 ,2.787925005,578031,
Venezuela (Bolivarian Republic of),2017,12768, 12.449 ,2.822669268,213461,
Venezuela (Bolivarian Republic of),2018,10912, 12.087 ,2.85784626,207427,
Venezuela (Bolivarian Republic of),2019,7160, 11.694 ,2.893461704,201776,
British Virgin Islands,1950,,,,,
British Virgin Islands,1951,,,,,
British Virgin Islands,1952,,,,,
British Virgin Islands,1953,,,,,
British Virgin Islands,1954,,,,,
British Virgin Islands,1955,,,,,
British Virgin Islands,1956,,,,,
British Virgin Islands,1957,,,,,
British Virgin Islands,1958,,,,,
British Virgin Islands,1959,,,,,
British Virgin Islands,1960,,,,,
British Virgin Islands,1961,,,,,
British Virgin Islands,1962,,,,,
British Virgin Islands,1963,,,,,
British Virgin Islands,1964,,,,,
British Virgin Islands,1965,,,,,
British Virgin Islands,1966,,,,,
British Virgin Islands,1967,,,,,
British Virgin Islands,1968,,,,,
British Virgin Islands,1969,,,,,
British Virgin Islands,1970,76,,,87,
British Virgin Islands,1971,67,,,105,
British Virgin Islands,1972,67,,,116,
British Virgin Islands,1973,71,,,127,
British Virgin Islands,1974,77,,,137,
British Virgin Islands,1975,82,,,148,
British Virgin Islands,1976,81,,,155,
British Virgin Islands,1977,84,,,159,
British Virgin Islands,1978,92,,,164,
British Virgin Islands,1979,103,,,178,
British Virgin Islands,1980,119,,,198,
British Virgin Islands,1981,118,,,219,
British Virgin Islands,1982,119,,,236,
British Virgin Islands,1983,126,,,255,
British Virgin Islands,1984,132,,,273,
British Virgin Islands,1985,120,,,291,
British Virgin Islands,1986,118,,,311,
British Virgin Islands,1987,143,,,333,
British Virgin Islands,1988,119,,,354,
British Virgin Islands,1989,172,,,375,
British Virgin Islands,1990,200,,,406,
British Virgin Islands,1991,299, 0.009 ,,449,
British Virgin Islands,1992,322, 0.009 ,,501,
British Virgin Islands,1993,407, 0.009 ,,571,
British Virgin Islands,1994,588, 0.009 ,,658,
British Virgin Islands,1995,705, 0.009 ,,771,
British Virgin Islands,1996,765, 0.009 ,,895,
British Virgin Islands,1997,978, 0.010 ,,1040,
British Virgin Islands,1998,778, 0.010 ,,1202,
British Virgin Islands,1999,774, 0.010 ,,1362,
British Virgin Islands,2000,980, 0.010 ,,1533,
British Virgin Islands,2001,1202, 0.010 ,,1702,
British Virgin Islands,2002,1263, 0.010 ,,1858,
British Virgin Islands,2003,1054, 0.010 ,,2001,
British Virgin Islands,2004,839, 0.011 ,,2157,
British Virgin Islands,2005,1035, 0.011 ,,2345,
British Virgin Islands,2006,1218, 0.012 ,,2528,
British Virgin Islands,2007,1046, 0.012 ,,2676,
British Virgin Islands,2008,988, 0.013 ,,2825,
British Virgin Islands,2009,967, 0.013 ,,2967,
British Virgin Islands,2010,829, 0.013 ,,3113,
British Virgin Islands,2011,1074, 0.013 ,,3237,
British Virgin Islands,2012,809, 0.013 ,,3395,
British Virgin Islands,2013,985, 0.013 ,,3342,
British Virgin Islands,2014,1075, 0.013 ,,3520,
British Virgin Islands,2015,1025, 0.014 ,,3823,
British Virgin Islands,2016,1058, 0.014 ,,3966,
British Virgin Islands,2017,1060, 0.014 ,,3776,
British Virgin Islands,2018,1094, 0.014 ,,3887,
British Virgin Islands,2019,1122, 0.014 ,,4003,
Viet Nam,1950,,,,,
Viet Nam,1951,,,,,
Viet Nam,1952,,,,,
Viet Nam,1953,,,,,
Viet Nam,1954,,,,,
Viet Nam,1955,,,,,
Viet Nam,1956,,,,,
Viet Nam,1957,,,,,
Viet Nam,1958,,,,,
Viet Nam,1959,,,,,
Viet Nam,1960,,,,,
Viet Nam,1961,,,,,
Viet Nam,1962,,,,,
Viet Nam,1963,,,,,
Viet Nam,1964,,,,,
Viet Nam,1965,,,,,
Viet Nam,1966,,,,,
Viet Nam,1967,,,,,
Viet Nam,1968,,,,,
Viet Nam,1969,,,,,
Viet Nam,1970,40070, 15.576 ,1.494160056,33489,2986.847453
Viet Nam,1971,40508, 15.750 ,1.516713619,34953,2906.528902
Viet Nam,1972,46414, 15.891 ,1.539607763,36426,2849.398666
Viet Nam,1973,44862, 16.571 ,1.562847376,37774,2802.901349
Viet Nam,1974,47440, 17.828 ,1.586437821,39250,2766.814851
Viet Nam,1975,43315, 19.061 ,1.610384226,40682,2729.082973
Viet Nam,1976,47434, 19.085 ,1.637448788,42274,2682.851144
Viet Nam,1977,54908, 19.737 ,1.664968252,44315,2637.22981
Viet Nam,1978,55506, 20.530 ,1.69295013,46237,2597.45411
Viet Nam,1979,59528, 21.210 ,1.718378425,48446,2563.539619
Viet Nam,1980,62145, 22.065 ,1.740101099,50352,2534.252961
Viet Nam,1981,63582, 22.694 ,1.744709253,52655,2484.689705
Viet Nam,1982,63446, 23.355 ,1.749329567,55128,2446.641739
Viet Nam,1983,67003, 24.057 ,1.75396204,57479,2416.743913
Viet Nam,1984,71830, 24.735 ,1.758606791,60349,2394.389472
Viet Nam,1985,75457, 25.498 ,1.763263941,63575,2379.147978
Viet Nam,1986,77609, 26.246 ,1.750278831,66603,2370.580724
Viet Nam,1987,79701, 26.985 ,1.737389445,69957,2361.214921
Viet Nam,1988,83526, 27.691 ,1.724594831,73325,2357.016086
Viet Nam,1989,82118, 28.340 ,1.711894512,76494,2355.166965
Viet Nam,1990,85205, 29.049 ,1.696075678,81649,2349.804206
Viet Nam,1991,95954, 29.709 ,1.721935034,86189,2346.671758
Viet Nam,1992,103314, 30.449 ,1.744884014,94604,2344.240197
Viet Nam,1993,116930, 31.188 ,1.768139005,107491,2342.712835
Viet Nam,1994,123919, 31.945 ,1.79170382,124070,2339.791385
Viet Nam,1995,134606, 32.719 ,1.815582752,142968,2336.048811
Viet Nam,1996,153151, 33.464 ,1.84584868,164463,2331.620783
Viet Nam,1997,164823, 33.954 ,1.87661922,190319,2317.492884
Viet Nam,1998,171861, 35.035 ,1.907902718,225691,2362.400382
Viet Nam,1999,172917, 35.905 ,1.939707637,267406,2362.148112
Viet Nam,2000,186325, 37.052 ,1.972042799,319840,2393.656711
Viet Nam,2001,198786, 38.097 ,2.013080597,387262,2246.975193
Viet Nam,2002,217717, 39.486 ,2.05497241,472395,2230.742254
Viet Nam,2003,237218, 40.508 ,2.097735882,573109,2254.900547
Viet Nam,2004,257224, 41.640 ,2.14138937,677605,2206.990707
Viet Nam,2005,283783, 42.775 ,2.185951471,770299,2191.686671
Viet Nam,2006,303437, 43.965 ,2.231018543,841997,2239.64782
Viet Nam,2007,342548, 45.208 ,2.277014494,916153,2241.181439
Viet Nam,2008,369070, 46.461 ,2.323958874,983827,2336.69222
Viet Nam,2009,368678, 47.744 ,2.371871233,1051834,2405.369314
Viet Nam,2010,418835, 49.049 ,2.420771122,1127149,2299.998599
Viet Nam,2011,455975, 50.352 ,2.475246191,1184539,2331.301528
Viet Nam,2012,484299, 51.422 ,2.532614231,1234574,2310.521341
Viet Nam,2013,509218, 52.208 ,2.582211494,1283854,2267.487303
Viet Nam,2014,544961, 52.744 ,2.624783993,1351653,2150.638189
Viet Nam,2015,572778, 52.840 ,2.66934967,1435039,2191.370436
Viet Nam,2016,596363, 53.303 ,2.716024876,1513799,2169.551504
Viet Nam,2017,647225, 53.703 ,2.764933825,1644890,2131.968232
Viet Nam,2018,689643, 54.069 ,2.81621027,1783968,2131.968232
Viet Nam,2019,724123, 50.400 ,2.869997978,1962286,2131.968232
Yemen,1950,,,,,
Yemen,1951,,,,,
Yemen,1952,,,,,
Yemen,1953,,,,,
Yemen,1954,,,,,
Yemen,1955,,,,,
Yemen,1956,,,,,
Yemen,1957,,,,,
Yemen,1958,,,,,
Yemen,1959,,,,,
Yemen,1960,,,,,
Yemen,1961,,,,,
Yemen,1962,,,,,
Yemen,1963,,,,,
Yemen,1964,,,,,
Yemen,1965,,,,,
Yemen,1966,,,,,
Yemen,1967,,,,,
Yemen,1968,,,,,
Yemen,1969,,,,,
Yemen,1970,,,,,
Yemen,1971,,,,,
Yemen,1972,,,,,
Yemen,1973,,,,,
Yemen,1974,,,,,
Yemen,1975,,,,,
Yemen,1976,,,,,
Yemen,1977,,,,,
Yemen,1978,,,,,
Yemen,1979,,,,,
Yemen,1980,,,,,
Yemen,1981,,,,,
Yemen,1982,,,,,
Yemen,1983,,,,,
Yemen,1984,,,,,
Yemen,1985,,,,,
Yemen,1986,,,,,
Yemen,1987,,,,,
Yemen,1988,,,,,
Yemen,1989,7786, 2.047 ,1.035200834,6650,
Yemen,1990,9590, 2.148 ,1.039842725,6647,
Yemen,1991,9153, 2.282 ,1.049937248,6675,
Yemen,1992,9440, 2.429 ,1.060129762,6931,
Yemen,1993,9757, 2.586 ,1.070421338,7184,
Yemen,1994,10137, 2.742 ,1.080812693,7494,
Yemen,1995,11838, 2.900 ,1.091305017,8082,
Yemen,1996,14801, 3.011 ,1.107328296,8870,
Yemen,1997,16544, 3.123 ,1.123586774,10020,
Yemen,1998,18115, 3.237 ,1.140084028,11949,
Yemen,1999,20732, 3.353 ,1.156823516,14551,
Yemen,2000,24432, 3.409 ,1.173808813,18576,
Yemen,2001,26864, 3.476 ,1.194817066,25484,
Yemen,2002,31325, 3.540 ,1.216201425,38705,
Yemen,2003,37247, 3.611 ,1.237968445,66756,
Yemen,2004,48405, 3.693 ,1.26012516,127521,
Yemen,2005,73684, 3.786 ,1.282678246,198478,
Yemen,2006,77625, 3.884 ,1.308345318,213869,
Yemen,2007,83814, 3.992 ,1.334525943,225241,
Yemen,2008,92390, 4.102 ,1.361230493,232051,
Yemen,2009,93720, 4.191 ,1.388469458,233809,
Yemen,2010,113272, 4.296 ,1.416253328,230562,
Yemen,2011,100931, 4.359 ,1.450821757,213497,
Yemen,2012,95877, 4.426 ,1.488719702,162984,
Yemen,2013,98239, 4.495 ,1.530339479,165977,
Yemen,2014,96560, 4.574 ,1.576131344,166502,
Yemen,2015,67143, 4.775 ,1.626613379,753685,
Yemen,2016,54973, 4.971 ,1.682383537,884471,
Yemen,2017,39781, 5.171 ,1.735455394,527730,
Yemen,2018,50024, 5.371 ,1.786614656,523505,
Yemen,2019,51828, 5.532 ,1.842988729,531232,
South Africa,1950,78748, 6.060 ,1.65220058,123590,
South Africa,1951,82032, 6.160 ,1.669843435,135221,
South Africa,1952,76588, 6.260 ,1.68767488,140955,
South Africa,1953,84552, 6.367 ,1.705696583,149010,
South Africa,1954,91875, 6.475 ,1.720265508,159461,
South Africa,1955,95588, 6.585 ,1.734093308,170917,
South Africa,1956,101619, 6.696 ,1.735023499,181726,
South Africa,1957,107611, 6.809 ,1.735954165,194123,
South Africa,1958,107843, 6.923 ,1.736885309,205683,
South Africa,1959,109421, 7.039 ,1.73781693,211736,
South Africa,1960,114487, 7.162 ,1.738749146,220603,
South Africa,1961,119367, 7.210 ,1.744220972,229135,
South Africa,1962,124954, 7.234 ,1.749710202,236548,
South Africa,1963,135499, 7.282 ,1.755216599,248647,
South Africa,1964,144993, 7.397 ,1.760740399,263592,
South Africa,1965,153372, 7.505 ,1.766281486,281450,
South Africa,1966,160317, 7.571 ,1.771840096,295870,
South Africa,1967,172171, 7.658 ,1.777416229,315648,
South Africa,1968,177960, 7.755 ,1.783009768,332375,
South Africa,1969,190743, 7.824 ,1.788621068,352651,
South Africa,1970,201677, 7.948 ,1.794249892,378839,
South Africa,1971,202854, 7.999 ,1.80132544,408532,
South Africa,1972,209014, 8.049 ,1.808428764,439286,
South Africa,1973,236140, 8.102 ,1.815560222,469410,
South Africa,1974,250077, 8.156 ,1.822719693,501533,
South Africa,1975,250490, 8.209 ,1.829907417,537175,
South Africa,1976,250837, 8.263 ,1.837123513,568563,
South Africa,1977,245540, 8.319 ,1.8443681,594519,
South Africa,1978,256289, 8.378 ,1.851641297,614788,
South Africa,1979,266384, 8.434 ,1.858942986,637997,
South Africa,1980,294240, 8.493 ,1.866273642,667266,
South Africa,1981,308739, 8.694 ,1.870389581,704791,
South Africa,1982,313208, 8.902 ,1.87451458,738976,
South Africa,1983,315658, 9.115 ,1.878648758,765457,
South Africa,1984,324502, 9.334 ,1.882791996,790092,
South Africa,1985,319724, 9.559 ,1.886944294,812018,
South Africa,1986,316955, 9.694 ,1.891106009,821828,
South Africa,1987,337151, 10.180 ,1.895276666,823966,
South Africa,1988,346601, 10.659 ,1.89945662,834839,
South Africa,1989,349121, 11.132 ,1.903645754,849861,
South Africa,1990,350027, 11.599 ,1.907844067,861323,
South Africa,1991,348701, 12.059 ,1.924955845,867267,
South Africa,1992,341718, 12.247 ,1.942221165,872101,
South Africa,1993,349126, 12.438 ,1.959641337,877258,
South Africa,1994,362226, 12.632 ,1.977217793,886926,
South Africa,1995,381687, 12.828 ,1.994951844,899387,
South Africa,1996,400662, 13.029 ,2.012844801,915847,
South Africa,1997,411783, 13.232 ,2.030898571,934556,
South Africa,1998,415680, 13.438 ,2.049113989,957380,
South Africa,1999,420529, 13.645 ,2.067492962,970903,
South Africa,2000,442290, 13.835 ,2.086036682,983929,
South Africa,2001,458216, 13.373 ,2.124513388,1002928,2376.338139
South Africa,2002,482551, 14.033 ,2.163699865,1025164,2382.765847
South Africa,2003,492140, 13.729 ,2.203609228,1052337,2318.679372
South Africa,2004,519509, 13.850 ,2.244254351,1088234,2342.273383
South Africa,2005,559336, 13.727 ,2.2856493,1131804,2399.428116
South Africa,2006,601876, 15.649 ,2.327808142,1216562,2315.748022
South Africa,2007,638143, 15.849 ,2.370744228,1377189,2322.122791
South Africa,2008,652275, 16.367 ,2.414472342,1625430,2284.234372
South Africa,2009,634073, 16.039 ,2.459007025,1938482,2249.308229
South Africa,2010,660532, 15.728 ,2.504363298,2272312,2235.742974
South Africa,2011,696920, 16.448 ,2.557714462,2492344,2254.585654
South Africa,2012,698632, 16.518 ,2.596011639,2509286,2224.108195
South Africa,2013,703618, 16.876 ,2.63514924,2570641,2211.986347
South Africa,2014,710668, 16.993 ,2.675950527,2631893,2209.091467
South Africa,2015,716283, 17.784 ,2.718503475,2660125,
South Africa,2016,713602, 17.985 ,2.762902021,2683380,2218.455068
South Africa,2017,726021, 18.303 ,2.809245825,2708887,2197.033263
South Africa,2018,732308, 18.686 ,2.85764122,2762087,2191.363362
South Africa,2019,734094, 18.643 ,2.90820241,2816883,2191.363362
Zambia,1950,,,,,
Zambia,1951,,,,,
Zambia,1952,,,,,
Zambia,1953,,,,,
Zambia,1954,,,,,
Zambia,1955,3783, 0.927 ,1.241530061,14060,
Zambia,1956,4278, 0.949 ,1.248709679,14513,
Zambia,1957,4885, 0.971 ,1.255930781,15031,
Zambia,1958,4781, 0.994 ,1.263193727,15142,
Zambia,1959,5419, 1.017 ,1.270498514,15357,
Zambia,1960,5879, 1.041 ,1.27784574,15646,
Zambia,1961,6043, 1.064 ,1.28917408,15844,
Zambia,1962,5873, 1.087 ,1.300602913,16059,
Zambia,1963,6151, 1.111 ,1.312133074,16108,
Zambia,1964,7000, 1.136 ,1.323765397,16037,
Zambia,1965,8428, 1.162 ,1.335500956,16645,
Zambia,1966,8784, 1.190 ,1.360015392,17371,
Zambia,1967,10369, 1.220 ,1.384979725,18254,
Zambia,1968,11063, 1.243 ,1.410402536,19128,
Zambia,1969,10539, 1.247 ,1.436291814,19524,
Zambia,1970,9508, 1.321 ,1.462656379,20961,
Zambia,1971,9644, 1.414 ,1.467038393,22079,
Zambia,1972,10623, 1.442 ,1.471433401,23280,
Zambia,1973,10704, 1.482 ,1.475841761,24151,
Zambia,1974,10590, 1.518 ,1.480263233,24988,
Zambia,1975,11694, 1.554 ,1.484697938,25959,
Zambia,1976,12227, 1.586 ,1.500937819,26111,
Zambia,1977,10660, 1.609 ,1.517355323,26436,
Zambia,1978,10081, 1.643 ,1.533952355,27059,
Zambia,1979,9789, 1.680 ,1.550730944,27860,
Zambia,1980,9353, 1.743 ,1.567692995,28195,
Zambia,1981,10660, 1.814 ,1.596811056,27429,
Zambia,1982,11188, 1.861 ,1.626469851,26115,
Zambia,1983,11245, 1.893 ,1.65667963,24783,
Zambia,1984,12680, 1.944 ,1.687450409,24037,
Zambia,1985,13693, 2.015 ,1.71641469,23997,
Zambia,1986,11682, 2.080 ,1.738721609,24650,
Zambia,1987,11885, 2.165 ,1.761318445,26134,
Zambia,1988,13008, 2.239 ,1.784209013,28562,
Zambia,1989,10935, 2.310 ,1.807397008,32227,
Zambia,1990,10771, 2.389 ,1.830886364,37589,
Zambia,1991,10806, 2.429 ,1.88179481,45155,
Zambia,1992,9762, 2.460 ,1.934118867,56725,
Zambia,1993,9549, 2.505 ,1.987897992,74552,
Zambia,1994,9019, 2.520 ,2.043172359,100322,
Zambia,1995,9289, 2.527 ,2.099983454,131285,
Zambia,1996,10529, 2.608 ,2.093236923,146949,
Zambia,1997,11359, 2.674 ,2.086512089,141178,
Zambia,1998,10937, 2.706 ,2.079808712,130402,
Zambia,1999,10950, 2.781 ,2.073127031,117776,
Zambia,2000,13461, 2.840 ,2.06646657,106110,
Zambia,2001,14295, 2.895 ,2.08502984,97316,
Zambia,2002,15284, 2.937 ,2.103759527,91628,
Zambia,2003,17307, 2.992 ,2.122657776,88466,
Zambia,2004,18397, 3.052 ,2.14172554,87071,
Zambia,2005,21062, 3.147 ,2.160964727,88022,
Zambia,2006,24503, 3.258 ,2.173061371,94639,
Zambia,2007,32965, 3.378 ,2.185225725,110743,
Zambia,2008,35394, 3.503 ,2.197458029,139809,
Zambia,2009,39706, 3.593 ,2.209758997,184490,
Zambia,2010,45006, 3.704 ,2.22212863,243632,
Zambia,2011,51795, 3.863 ,2.27544117,286585,
Zambia,2012,50682, 4.055 ,2.330032349,259719,
Zambia,2013,51322, 4.278 ,2.385933638,249709,
Zambia,2014,53354, 4.449 ,2.443176031,247105,
Zambia,2015,52038, 4.598 ,2.501791477,244475,
Zambia,2016,54400, 4.800 ,2.561214685,258709,
Zambia,2017,53331, 5.009 ,2.60242486,254629,
Zambia,2018,55459, 5.033 ,2.644298077,268554,
Zambia,2019,56784, 5.225 ,2.686845064,284111,
Zimbabwe,1950,,,,,
Zimbabwe,1951,,,,,
Zimbabwe,1952,,,,,
Zimbabwe,1953,,,,,
Zimbabwe,1954,6277, 1.481 ,1.179989815,15476,
Zimbabwe,1955,6469, 1.518 ,1.188661456,15158,
Zimbabwe,1956,7079, 1.562 ,1.199262023,14964,
Zimbabwe,1957,7815, 1.604 ,1.209957004,14764,
Zimbabwe,1958,7822, 1.646 ,1.220747352,14597,
Zimbabwe,1959,8879, 1.689 ,1.231634021,14362,
Zimbabwe,1960,9418, 1.732 ,1.242617726,14187,
Zimbabwe,1961,9965, 1.779 ,1.254635572,14008,
Zimbabwe,1962,9912, 1.829 ,1.266769528,13770,
Zimbabwe,1963,10147, 1.877 ,1.279020905,13517,
Zimbabwe,1964,9850, 1.920 ,1.291390777,13294,
Zimbabwe,1965,10857, 1.973 ,1.303880334,13128,
Zimbabwe,1966,10612, 2.026 ,1.314876676,13015,
Zimbabwe,1967,10734, 2.082 ,1.325965643,12973,
Zimbabwe,1968,9947, 2.145 ,1.33714819,13015,
Zimbabwe,1969,12545, 2.208 ,1.348425031,13021,
Zimbabwe,1970,15305, 2.263 ,1.359797001,13233,
Zimbabwe,1971,16697, 2.341 ,1.381818175,13443,
Zimbabwe,1972,18733, 2.423 ,1.404195905,13685,
Zimbabwe,1973,19597, 2.507 ,1.42693603,14024,
Zimbabwe,1974,21503, 2.593 ,1.450044513,14514,
Zimbabwe,1975,20967, 2.680 ,1.473527074,14911,
Zimbabwe,1976,21002, 2.766 ,1.487130404,15059,
Zimbabwe,1977,18870, 2.852 ,1.500859261,15058,
Zimbabwe,1978,20878, 2.942 ,1.514714956,14923,
Zimbabwe,1979,21926, 3.036 ,1.528698444,14830,
Zimbabwe,1980,23115, 3.139 ,1.542811036,14825,
Zimbabwe,1981,28192, 3.263 ,1.574376106,15242,
Zimbabwe,1982,29824, 3.394 ,1.606586933,16158,
Zimbabwe,1983,34797, 3.532 ,1.639456868,17474,
Zimbabwe,1984,33215, 3.676 ,1.672999144,19108,
Zimbabwe,1985,36118, 3.824 ,1.707227826,20672,
Zimbabwe,1986,37761, 3.976 ,1.726314783,22221,
Zimbabwe,1987,37380, 4.131 ,1.745129943,24284,
Zimbabwe,1988,44220, 4.285 ,1.764150023,27047,
Zimbabwe,1989,49552, 4.432 ,1.783377409,30552,
Zimbabwe,1990,55291, 4.568 ,1.802814484,35354,
Zimbabwe,1991,65961, 4.672 ,1.840176702,41464,
Zimbabwe,1992,60167, 4.765 ,1.878313184,48897,
Zimbabwe,1993,61321, 4.844 ,1.917239904,57707,
Zimbabwe,1994,67541, 4.966 ,1.956973553,66906,
Zimbabwe,1995,66350, 5.052 ,1.99753058,74931,
Zimbabwe,1996,74411, 5.058 ,2.011583805,78033,
Zimbabwe,1997,64146, 5.042 ,2.025735855,78267,
Zimbabwe,1998,55145, 5.013 ,2.039987564,78591,
Zimbabwe,1999,51630, 4.969 ,2.054339409,77896,
Zimbabwe,2000,39883, 5.066 ,2.068792343,80003,
Zimbabwe,2001,45107, 5.144 ,2.105179071,80884,
Zimbabwe,2002,38900, 5.219 ,2.142206192,80206,
Zimbabwe,2003,27229, 5.304 ,2.179884195,79982,
Zimbabwe,2004,25505, 5.402 ,2.218225002,76498,
Zimbabwe,2005,21756, 5.448 ,2.257240295,72194,
Zimbabwe,2006,16520, 5.504 ,2.27985549,67974,
Zimbabwe,2007,18696, 5.554 ,2.302697182,64417,
Zimbabwe,2008,14818, 5.625 ,2.325767994,60578,
Zimbabwe,2009,26465, 5.681 ,2.349069595,59030,
Zimbabwe,2010,28976, 5.753 ,2.372604847,59582,
Zimbabwe,2011,31581, 5.857 ,2.415822744,58952,
Zimbabwe,2012,36233, 5.983 ,2.4598279,46196,
Zimbabwe,2013,38244, 6.124 ,2.504634857,50279,
Zimbabwe,2014,38675, 6.266 ,2.550257683,48710,
Zimbabwe,2015,39799, 6.394 ,2.584653139,51969,
Zimbabwe,2016,40963, 6.504 ,2.616257429,54424,
Zimbabwe,2017,44317, 6.612 ,2.648247957,56829,
Zimbabwe,2018,43421, 6.715 ,2.68062973,58313,
Zimbabwe,2019,40827, 6.831 ,2.713407516,59396,